frame,latency_ms,fit_aL,fit_bL,fit_cL,fit_aR,fit_bR,fit_cR,conf,half_width_px,stamp_sec,stamp_nsec,cte_rear_m,cte_near_m,theta_deg,curvature,conf_eff,lane_width_m,flags,d_near_m,conf_raw,seq,tl_state,stop_line_dist,crosswalk_dist,judgment_state,brake_level,cmd_speed,cmd_steer
785,38.639068603515625,0.0,0.0,0.0,0.0,0.0,0.0,0.0,250.0,,,0.0,0.0,0.0,0.0,0.0,-1.0,1.0,0.7803999781608582,0.0,6.0,UNKNOWN,-1.0,-1.0,PASS,,2.0,0.0
786,41.89038276672363,0.0,0.0,0.0,0.0,0.0,0.0,0.0,250.0,,,0.0,0.0,0.0,0.0,0.0,-1.0,1.0,0.7803999781608582,0.0,7.0,UNKNOWN,-1.0,-1.0,PASS,,2.0,0.0
787,58.277130126953125,0.0,0.0,0.0,0.0,0.0,0.0,0.0,250.0,,,0.0,0.0,0.0,0.0,0.0,-1.0,1.0,0.7803999781608582,0.0,8.0,UNKNOWN,-1.0,-1.0,PASS,,2.0,0.0
788,47.49178886413574,0.0,0.0,0.0,0.0,0.0,0.0,0.0,250.0,,,0.0,0.0,0.0,0.0,0.0,-1.0,1.0,0.7803999781608582,0.0,9.0,UNKNOWN,-1.0,-1.0,PASS,,2.0,0.0
789,41.79096221923828,0.0,0.0,0.0,0.0,0.0,0.0,0.0,250.0,,,0.0,0.0,0.0,0.0,0.0,-1.0,1.0,0.7803999781608582,0.0,10.0,UNKNOWN,-1.0,-1.0,PASS,,2.0,0.0
790,37.94074058532715,0.0,0.0,0.0,0.0,0.0,0.0,0.0,250.0,,,0.0,0.0,0.0,0.0,0.0,-1.0,1.0,0.7803999781608582,0.0,11.0,UNKNOWN,-1.0,-1.0,PASS,,2.0,0.0
791,40.167808532714844,0.0,0.0,0.0,0.0,0.0,0.0,0.0,250.0,,,0.0,0.0,0.0,0.0,0.0,-1.0,1.0,0.7803999781608582,0.0,12.0,UNKNOWN,-1.0,-1.0,PASS,,2.0,0.0
792,34.651994705200195,0.0,0.0,0.0,0.0,0.0,0.0,0.0,250.0,,,0.0,0.0,0.0,0.0,0.0,-1.0,1.0,0.7803999781608582,0.0,13.0,UNKNOWN,-1.0,-1.0,PASS,,2.0,0.0
793,38.70868682861328,0.0,0.0,0.0,0.0,0.0,0.0,0.0,250.0,,,0.0,0.0,0.0,0.0,0.0,-1.0,1.0,0.7803999781608582,0.0,14.0,UNKNOWN,-1.0,-1.0,PASS,,2.0,0.0
794,35.48431396484375,0.0,0.0,0.0,0.0,0.0,0.0,0.0,250.0,,,0.0,0.0,0.0,0.0,0.0,-1.0,1.0,0.7803999781608582,0.0,15.0,UNKNOWN,-1.0,-1.0,PASS,,2.0,0.0
795,52.969932556152344,0.0,0.0,0.0,0.00042637044680304825,0.06028532609343529,235.56666564941406,0.25,250.0,,,0.9316951036453247,1.2225486040115356,21.882102966308594,0.14212347567081451,0.25,-1.0,16.0,0.7803999781608582,0.25,16.0,UNKNOWN,-1.0,-1.0,PASS,,2.0,0.0
796,48.67148399353027,0.0004284580936655402,0.03640151023864746,-60.70192337036133,0.000427414255682379,0.048343416303396225,240.93124389648438,1.0,245.0,,,0.52593594789505,0.7663295269012451,17.941085815429688,0.14264538884162903,0.0,1.8402189016342163,4.0,0.7803999781608582,1.0,17.0,UNKNOWN,-1.0,-1.0,PASS,,2.0,0.0
797,41.77379608154297,0.0004065976245328784,0.0448664128780365,-57.533592224121094,0.0004060757055412978,0.05083736777305603,244.8802490234375,1.0,240.10000610351562,,,0.5212236642837524,0.755731999874115,17.487497329711914,0.13544555008411407,1.0,1.8296929597854614,0.0,0.7803999781608582,1.0,18.0,UNKNOWN,-1.0,-1.0,PASS,,2.0,0.0
798,39.834022521972656,0.00040577974868938327,0.03386305645108223,-48.09046173095703,0.0004055188037455082,0.0368485301733017,252.46340942382812,1.0,235.29800415039062,,,0.5128746032714844,0.7385671138763428,16.810131072998047,0.13521642982959747,1.0,1.810928225517273,0.0,0.7803999781608582,1.0,19.0,UNKNOWN,-1.0,-1.0,PASS,,2.0,0.0
799,40.20547866821289,0.0004154017078690231,0.010864151641726494,-34.52246856689453,0.00041527123539708555,0.012356890365481377,262.72760009765625,1.0,230.592041015625,,,0.5049381256103516,0.7186513543128967,15.893549919128418,0.13844549655914307,0.0,1.7873029708862305,2.0,0.7803999781608582,1.0,20.0,UNKNOWN,-1.0,-1.0,PASS,,2.0,0.0
800,33.90169143676758,0.000449999060947448,-0.04586269333958626,-13.6431245803833,0.00041527123539708555,0.012356890365481377,262.72760009765625,0.75,225.98019409179688,,,0.5090836882591248,0.710924506187439,14.989242553710938,0.14421170949935913,0.0,1.7718491554260254,2.0,0.7803999781608582,0.75,21.0,UNKNOWN,-1.0,-1.0,PASS,,2.0,0.0
801,38.59591484069824,0.000408014515414834,-0.03290422260761261,-7.5537004470825195,0.00039166142232716084,0.0037057131994515657,273.4525146484375,1.0,221.46060180664062,,,0.5050628781318665,0.693149983882904,13.946378707885742,0.13327932357788086,0.0,1.7639048099517822,2.0,0.7803999781608582,1.0,22.0,UNKNOWN,-1.0,-1.0,PASS,,2.0,0.0
802,40.34709930419922,0.0003962834889534861,-0.03274435177445412,1.4897047281265259,0.0003881069424096495,-0.014439382590353489,284.01153564453125,1.0,217.03138732910156,,,0.4890742301940918,0.6671120524406433,13.187390327453613,0.1307317316532135,0.0,1.7340646982192993,2.0,0.7803999781608582,1.0,23.0,UNKNOWN,-1.0,-1.0,PASS,,2.0,0.0
803,52.490949630737305,0.0003723806294146925,-0.020402854308485985,6.440497398376465,0.0003881069424096495,-0.014439382590353489,284.01153564453125,0.75,212.6907501220703,,,0.4730726480484009,0.649893581867218,13.095646858215332,0.12674793601036072,0.0,1.6996278762817383,2.0,0.7803999781608582,0.75,24.0,UNKNOWN,-1.0,-1.0,PASS,,2.0,0.0
804,48.984527587890625,0.0003834605449810624,-0.050097301602363586,22.1295166015625,0.00039132367237471044,-0.04711556434631348,300.4313659667969,1.0,208.4369354248047,,,0.47027087211608887,0.6278316378593445,11.64793872833252,0.12913070619106293,0.0,1.6869118213653564,2.0,0.7803999781608582,1.0,25.0,UNKNOWN,-1.0,-1.0,PASS,,2.0,0.0
805,46.55194282531738,0.00037108740070834756,-0.05770295485854149,32.89237594604492,0.0003750189789570868,-0.056212086230516434,310.0613708496094,1.0,204.26820373535156,,,0.4610999822616577,0.6055575609207153,10.667373657226562,0.12435106188058853,0.0,1.6715643405914307,2.0,0.7803999781608582,1.0,26.0,UNKNOWN,-1.0,-1.0,PASS,,2.0,0.0
806,46.530961990356445,0.0002987705229315907,-0.014054334722459316,33.972774505615234,0.0003723882546182722,-0.07343269139528275,320.421630859375,1.0,200.18283081054688,,,0.4441034197807312,0.580070436000824,10.033699035644531,0.11185979843139648,0.0,1.6475017070770264,2.0,0.7803999781608582,1.0,27.0,UNKNOWN,-1.0,-1.0,PASS,,2.0,0.0
807,40.14325141906738,0.00026366719976067543,0.0018953380640596151,39.34064483642578,0.00037453335244208574,-0.09416594356298447,331.0255432128906,1.0,196.17918395996094,,,0.4316968023777008,0.557774007320404,9.297141075134277,0.10636676102876663,0.0,1.6253058910369873,2.0,0.7803999781608582,1.0,28.0,UNKNOWN,-1.0,-1.0,PASS,,2.0,0.0
808,35.53199768066406,0.0002824795665219426,-0.020110633224248886,51.176300048828125,0.0003729100862983614,-0.1140131801366806,341.8169250488281,1.0,192.25559997558594,,,0.4207042157649994,0.5352838635444641,8.442782402038574,0.1092316061258316,0.0,1.6008490324020386,2.0,0.7803999781608582,1.0,29.0,UNKNOWN,-1.0,-1.0,PASS,,2.0,0.0
809,34.89828109741211,0.00029895486659370363,-0.040051594376564026,62.10310745239258,0.0003693683829624206,-0.1322348415851593,352.552490234375,1.0,188.41049194335938,,,0.4099436402320862,0.5132880210876465,7.609737396240234,0.1113872081041336,0.0,1.5808358192443848,2.0,0.7803999781608582,1.0,30.0,UNKNOWN,-1.0,-1.0,PASS,,2.0,0.0
810,32.53602981567383,0.0003134857688564807,-0.06106232479214668,73.31755828857422,0.0003649230347946286,-0.1410381942987442,359.5382995605469,1.0,184.64227294921875,,,0.39776843786239624,0.4922845661640167,6.956307411193848,0.11306813359260559,0.0,1.5656052827835083,2.0,0.7803999781608582,1.0,31.0,UNKNOWN,-1.0,-1.0,PASS,,2.0,0.0
811,35.63642501831055,0.0003188143891748041,-0.07643672078847885,83.90242767333984,0.0003649230347946286,-0.1410381942987442,359.5382995605469,0.75,180.94943237304688,,,0.3877994418144226,0.4777805209159851,6.621001243591309,0.11395623534917831,0.0,1.5365972518920898,2.0,0.7803999781608582,0.75,32.0,UNKNOWN,-1.0,-1.0,PASS,,2.0,0.0
812,34.8513126373291,0.0003091038961429149,-0.07898262143135071,91.8092041015625,0.0003649230347946286,-0.1410381942987442,359.5382995605469,0.75,177.3304443359375,,,0.3765512704849243,0.4631139636039734,6.368405818939209,0.11233782023191452,0.0,1.5072640180587769,2.0,0.7803999781608582,0.75,33.0,UNKNOWN,-1.0,-1.0,PASS,,2.0,0.0
813,32.228946685791016,0.0003056029963772744,-0.08775591850280762,101.4209213256836,0.000352698058122769,-0.1696321666240692,379.1556701660156,1.0,173.78382873535156,,,0.3659088909626007,0.434130996465683,5.015163421630859,0.10971684008836746,0.0,1.5045733451843262,2.0,0.7803999781608582,1.0,34.0,UNKNOWN,-1.0,-1.0,PASS,,2.0,0.0
814,38.926124572753906,0.0002722466306295246,-0.0808483213186264,108.8713607788086,0.000352698058122769,-0.1696321666240692,379.1556701660156,0.75,170.3081512451172,,,0.35972312092781067,0.42214301228523254,4.587673664093018,0.1041574478149414,0.0,1.4805974960327148,2.0,0.7803999781608582,0.75,35.0,UNKNOWN,-1.0,-1.0,PASS,,2.0,0.0
815,49.18265342712402,0.00026844238163903356,-0.08965418487787247,118.29473876953125,0.000352698058122769,-0.1696321666240692,379.1556701660156,0.75,166.90199279785156,,,0.3497174084186554,0.4077644944190979,4.26566743850708,0.10352340340614319,0.0,1.4518404006958008,2.0,0.7803999781608582,0.75,36.0,UNKNOWN,-1.0,-1.0,PASS,,2.0,0.0
816,39.795637130737305,0.00024028208281379193,-0.08758644759654999,126.8315200805664,0.000352698058122769,-0.1696321666240692,379.1556701660156,0.75,163.56394958496094,,,0.3442138135433197,0.3958894908428192,3.7967276573181152,0.09883002191781998,0.0,1.4280903339385986,2.0,0.7803999781608582,0.75,37.0,UNKNOWN,-1.0,-1.0,PASS,,2.0,0.0
817,37.96124458312988,0.00024206108355429024,-0.09890980273485184,136.1147003173828,0.000352698058122769,-0.1696321666240692,379.1556701660156,0.75,160.2926788330078,,,0.3342624604701996,0.3820003569126129,3.507032632827759,0.09912652522325516,0.0,1.400312066078186,2.0,0.7803999781608582,0.75,38.0,UNKNOWN,-1.0,-1.0,PASS,,2.0,0.0
818,39.099931716918945,0.00023121151025407016,-0.10888202488422394,146.9585418701172,0.000352698058122769,-0.1696321666240692,379.1556701660156,0.75,157.08682250976562,,,0.32793211936950684,0.36902737617492676,3.0185463428497314,0.09731826186180115,0.0,1.3743661642074585,2.0,0.7803999781608582,0.75,39.0,UNKNOWN,-1.0,-1.0,PASS,,2.0,0.0
819,32.86552429199219,0.00023780419724062085,-0.12718366086483002,158.67005920410156,0.000352698058122769,-0.1696321666240692,379.1556701660156,0.75,153.94508361816406,,,0.31861650943756104,0.3542819023132324,2.6194112300872803,0.09841704368591309,0.0,1.3448752164840698,2.0,0.7803999781608582,0.75,40.0,UNKNOWN,-1.0,-1.0,PASS,,2.0,0.0
820,35.947561264038086,0.00024769664742052555,-0.13835252821445465,166.3773956298828,0.000352698058122769,-0.1696321666240692,379.1556701660156,0.75,150.86618041992188,,,0.30631792545318604,0.3401690125465393,2.486074209213257,0.10006578266620636,0.0,1.3166494369506836,2.0,0.7803999781608582,0.75,41.0,UNKNOWN,-1.0,-1.0,PASS,,2.0,0.0
821,36.36813163757324,0.0002564365277066827,-0.1509598046541214,175.6046905517578,0.000352698058122769,-0.1696321666240692,379.1556701660156,0.75,147.84886169433594,,,0.2928948402404785,0.3240761458873749,2.28989315032959,0.10152243077754974,0.0,1.28446364402771,2.0,0.7803999781608582,0.75,42.0,UNKNOWN,-1.0,-1.0,PASS,,2.0,0.0
822,52.81233787536621,0.00026447323034517467,-0.16501407325267792,185.10264587402344,0.000352698058122769,-0.1696321666240692,379.1556701660156,0.75,144.89187622070312,,,0.28173279762268066,0.3094996213912964,2.0390288829803467,0.10286188125610352,0.0,1.2553106546401978,2.0,0.7803999781608582,0.75,43.0,UNKNOWN,-1.0,-1.0,PASS,,2.0,0.0
823,40.837764739990234,0.0002471296756993979,-0.17093634605407715,194.8783416748047,0.000352698058122769,-0.1696321666240692,379.1556701660156,0.75,141.99404907226562,,,0.2771492600440979,0.29816490411758423,1.5431236028671265,0.09997128695249557,0.0,1.2326412200927734,2.0,0.7803999781608582,0.75,44.0,UNKNOWN,-1.0,-1.0,PASS,,2.0,0.0
824,36.49568557739258,0.0002499199763406068,-0.18806064128875732,206.28819274902344,0.000352698058122769,-0.1696321666240692,379.1556701660156,0.75,139.15415954589844,,,0.26993465423583984,0.28498920798301697,1.1053508520126343,0.10043633729219437,0.0,1.2062897682189941,2.0,0.7803999781608582,0.75,45.0,UNKNOWN,-1.0,-1.0,PASS,,2.0,0.0
825,34.28792953491211,0.0002397540956735611,-0.19594834744930267,215.86216735839844,0.000352698058122769,-0.1696321666240692,379.1556701660156,0.75,136.37107849121094,,,0.26329389214515686,0.27266427874565125,0.687975287437439,0.09874202311038971,0.0,1.1816399097442627,2.0,0.7803999781608582,0.75,46.0,UNKNOWN,-1.0,-1.0,PASS,,2.0,0.0
826,40.2982234954834,0.0002673027920536697,-0.2226867973804474,227.3115234375,0.000352698058122769,-0.1696321666240692,379.1556701660156,0.75,133.64366149902344,,,0.2516160309314728,0.25762245059013367,0.4409852921962738,0.1033334732055664,0.0,1.1515562534332275,2.0,0.7803999781608582,0.75,47.0,UNKNOWN,-1.0,-1.0,PASS,,2.0,0.0
827,32.8824520111084,0.0002507937606424093,-0.23002620041370392,237.54745483398438,0.000352698058122769,-0.1696321666240692,379.1556701660156,0.75,130.9707794189453,,,0.24738959968090057,0.24629619717597961,-0.08027554303407669,0.10058196634054184,0.0,1.128903865814209,2.0,0.7803999781608582,0.75,48.0,UNKNOWN,-1.0,-1.0,PASS,,2.0,0.0
828,52.88887023925781,0.0002573533565737307,-0.24708235263824463,248.09420776367188,0.000352698058122769,-0.1696321666240692,379.1556701660156,0.75,128.3513641357422,,,0.23947972059249878,0.23341435194015503,-0.4453141391277313,0.10167523473501205,0.0,1.103140115737915,2.0,0.7803999781608582,0.75,49.0,UNKNOWN,-1.0,-1.0,PASS,,2.0,0.0
829,41.831016540527344,0.00025416462449356914,-0.25936049222946167,258.2237854003906,0.000352698058122769,-0.1696321666240692,379.1556701660156,0.75,125.78433990478516,,,0.23283059895038605,0.22115720808506012,-0.8570740222930908,0.10114377737045288,0.0,1.0786257982254028,2.0,0.7803999781608582,0.75,50.0,UNKNOWN,-1.0,-1.0,PASS,,2.0,0.0
830,33.35309028625488,0.0002766462857834995,-0.2818044424057007,268.04248046875,0.000352698058122769,-0.1696321666240692,379.1556701660156,0.75,123.2686538696289,,,0.22294342517852783,0.20828239619731903,-1.0764544010162354,0.10489072650671005,0.0,1.0528762340545654,2.0,0.7803999781608582,0.75,51.0,UNKNOWN,-1.0,-1.0,PASS,,2.0,0.0
831,37.143707275390625,0.0002905729052145034,-0.3004258871078491,277.69195556640625,0.000352698058122769,-0.1696321666240692,379.1556701660156,0.75,120.80328369140625,,,0.21420727670192719,0.19585613906383514,-1.3474361896514893,0.10721182823181152,0.0,1.0280237197875977,2.0,0.7803999781608582,0.75,52.0,UNKNOWN,-1.0,-1.0,PASS,,2.0,0.0
832,38.816213607788086,0.00029158653342165053,-0.3139429986476898,287.9358215332031,0.000352698058122769,-0.1696321666240692,379.1556701660156,0.75,118.38721466064453,,,0.20579902827739716,0.18243899941444397,-1.7153130769729614,0.10738076269626617,0.0,1.0011894702911377,2.0,0.7803999781608582,0.75,53.0,UNKNOWN,-1.0,-1.0,PASS,,2.0,0.0
833,56.87975883483887,0.00029723101761192083,-0.33258089423179626,299.11865234375,0.000352698058122769,-0.1696321666240692,379.1556701660156,0.75,116.01947021484375,,,0.19945403933525085,0.17027980089187622,-2.142427444458008,0.10832151025533676,0.0,0.9768710136413574,2.0,0.7803999781608582,0.75,54.0,UNKNOWN,-1.0,-1.0,PASS,,2.0,0.0
834,45.71676254272461,0.00029717927100136876,-0.3460219204425812,308.71240234375,0.000352698058122769,-0.1696321666240692,379.1556701660156,0.75,113.69908142089844,,,0.19375458359718323,0.15933549404144287,-2.5278170108795166,0.10831288993358612,0.0,0.9549823999404907,2.0,0.7803999781608582,0.75,55.0,UNKNOWN,-1.0,-1.0,PASS,,2.0,0.0
835,41.66913032531738,0.00031829942599870265,-0.36799371242523193,317.85638427734375,0.000352698058122769,-0.1696321666240692,379.1556701660156,0.75,111.42510223388672,,,0.18621890246868134,0.14865581691265106,-2.758890151977539,0.11183291673660278,0.0,0.9336230754852295,2.0,0.7803999781608582,0.75,56.0,UNKNOWN,-1.0,-1.0,PASS,,2.0,0.0
836,36.73076629638672,0.00030295009491965175,-0.36956295371055603,323.97552490234375,0.000352698058122769,-0.1696321666240692,379.1556701660156,0.75,109.19660186767578,,,0.18345335125923157,0.1413571685552597,-3.0921380519866943,0.10927469283342361,0.0,0.9190257787704468,2.0,0.7803999781608582,0.75,57.0,UNKNOWN,-1.0,-1.0,PASS,,2.0,0.0
837,41.121482849121094,0.00029480335069820285,-0.3761415481567383,330.4931640625,0.000352698058122769,-0.1696321666240692,379.1556701660156,0.75,107.01266479492188,,,0.18201661109924316,0.13528567552566528,-3.4329679012298584,0.10791689902544022,0.0,0.9068827629089355,2.0,0.7803999781608582,0.75,58.0,UNKNOWN,-1.0,-1.0,PASS,,2.0,0.0
838,34.37519073486328,0.0003151779528707266,-0.3931520879268646,335.42022705078125,0.000352698058122769,-0.1696321666240692,379.1556701660156,0.75,104.8724136352539,,,0.17925287783145905,0.13112026453018188,-3.536067485809326,0.11131266504526138,0.0,0.8985519409179688,2.0,0.7803999781608582,0.75,59.0,UNKNOWN,-1.0,-1.0,PASS,,2.0,0.0
839,52.382469177246094,0.0,0.0,0.0,0.0,0.0,0.0,0.0,104.8724136352539,,,0.0,0.0,0.0,0.0,0.0,-1.0,1.0,0.7803999781608582,0.0,60.0,UNKNOWN,-1.0,-1.0,PASS,,2.0,0.0
840,48.61736297607422,0.00024136743741109967,-0.3663780391216278,340.00445556640625,0.0,0.0,0.0,0.25,104.8724136352539,,,0.09778430312871933,-0.05366428941488266,-11.190128326416016,0.08045580983161926,0.25,-1.0,16.0,0.7803999781608582,0.25,61.0,UNKNOWN,-1.0,-1.0,PASS,,2.0,0.0
841,43.66350173950195,0.0002517973189242184,-0.37594741582870483,342.6910705566406,0.0,0.0,0.0,0.25,104.8724136352539,,,0.09644892811775208,-0.05659924075007439,-11.309867858886719,0.08393243700265884,0.25,-1.0,16.0,0.7803999781608582,0.25,62.0,UNKNOWN,-1.0,-1.0,PASS,,2.0,0.0
842,35.14552116394043,0.00027163344202563167,-0.38993319869041443,345.4313049316406,0.0,0.0,0.0,0.25,104.8724136352539,,,0.09359411150217056,-0.05951959639787674,-11.314774513244629,0.09054447710514069,0.25,-1.0,16.0,0.7803999781608582,0.25,63.0,UNKNOWN,-1.0,-1.0,PASS,,2.0,0.0
843,37.734031677246094,0.0002765287063084543,-0.3965868651866913,348.0302734375,0.0,0.0,0.0,0.25,104.8724136352539,,,0.09237535297870636,-0.06299732625484467,-11.483963012695312,0.09217623621225357,0.25,-1.0,16.0,0.7803999781608582,0.25,64.0,UNKNOWN,-1.0,-1.0,PASS,,2.0,0.0
844,37.84465789794922,0.0002722004137467593,-0.3978636562824249,349.9317932128906,0.0,0.0,0.0,0.25,104.8724136352539,,,0.0929105207324028,-0.06547939777374268,-11.710100173950195,0.09073346853256226,0.25,-1.0,16.0,0.7803999781608582,0.25,65.0,UNKNOWN,-1.0,-1.0,PASS,,2.0,0.0
845,41.73445701599121,0.0002506233286112547,-0.3862065076828003,349.544189453125,0.0,0.0,0.0,0.25,104.8724136352539,,,0.0927598774433136,-0.06807195395231247,-11.893253326416016,0.08354111015796661,0.25,-1.0,16.0,0.7803999781608582,0.25,66.0,UNKNOWN,-1.0,-1.0,PASS,,2.0,0.0
846,47.103166580200195,0.00024232444411609322,-0.38675886392593384,352.2115478515625,0.0,0.0,0.0,0.25,104.8724136352539,,,0.09320002049207687,-0.07209976017475128,-12.22868824005127,0.08077481389045715,0.25,-1.0,16.0,0.7803999781608582,0.25,67.0,UNKNOWN,-1.0,-1.0,PASS,,2.0,0.0
847,39.95203971862793,0.0001640567643335089,-0.3433142900466919,348.8023681640625,0.0,0.0,0.0,0.25,104.8724136352539,,,0.10113170742988586,-0.07232754677534103,-12.842376708984375,0.05468558892607689,0.25,-1.0,16.0,0.7803999781608582,0.25,68.0,UNKNOWN,-1.0,-1.0,PASS,,2.0,0.0
848,39.121389389038086,0.00020897963258903474,-0.3742590546607971,354.494873046875,0.0,0.0,0.0,0.25,104.8724136352539,,,0.09490776062011719,-0.0780625119805336,-12.805558204650879,0.06965987384319305,0.25,-1.0,16.0,0.7803999781608582,0.25,69.0,UNKNOWN,-1.0,-1.0,PASS,,2.0,0.0
849,40.81273078918457,0.00022559176431968808,-0.3892740309238434,358.84100341796875,0.0,0.0,0.0,0.25,104.8724136352539,,,0.09152120351791382,-0.08375398814678192,-12.979158401489258,0.0751972571015358,0.25,-1.0,16.0,0.7803999781608582,0.25,70.0,UNKNOWN,-1.0,-1.0,PASS,,2.0,0.0
850,35.273075103759766,0.0002218696172349155,-0.3871859312057495,359.4426574707031,0.0,0.0,0.0,0.25,104.8724136352539,,,0.08724407106637955,-0.08840503543615341,-13.007331848144531,0.07395654171705246,0.25,-1.0,16.0,0.7803999781608582,0.25,71.0,UNKNOWN,-1.0,-1.0,PASS,,2.0,0.0
851,34.78097915649414,0.00026308035012334585,-0.41997334361076355,366.6498718261719,0.0,0.0,0.0,0.25,104.8724136352539,,,0.08481018245220184,-0.09340207278728485,-13.200546264648438,0.08769345283508301,0.25,-1.0,16.0,0.7803999781608582,0.25,72.0,UNKNOWN,-1.0,-1.0,PASS,,2.0,0.0
852,48.14720153808594,0.000254177488386631,-0.414981871843338,366.8471374511719,0.0,0.0,0.0,0.25,104.8724136352539,,,0.0820382833480835,-0.09707009047269821,-13.268132209777832,0.08472582697868347,0.25,-1.0,16.0,0.7803999781608582,0.25,73.0,UNKNOWN,-1.0,-1.0,PASS,,2.0,0.0
853,43.135643005371094,0.00024164044589269906,-0.41229891777038574,369.5611572265625,0.0,0.0,0.0,0.25,104.8724136352539,,,0.07855148613452911,-0.10482186079025269,-13.590063095092773,0.08054681867361069,0.25,-1.0,16.0,0.7803999781608582,0.25,74.0,UNKNOWN,-1.0,-1.0,PASS,,2.0,0.0
854,34.65533256530762,0.00022546322725247592,-0.4029254615306854,369.25238037109375,0.0,0.0,0.0,0.25,104.8724136352539,,,0.07651204615831375,-0.1082901805639267,-13.698015213012695,0.07515440881252289,0.25,-1.0,16.0,0.7803999781608582,0.25,75.0,UNKNOWN,-1.0,-1.0,PASS,,2.0,0.0
855,41.116952896118164,0.0001583105477038771,-0.3774056136608124,369.2602844238281,0.0,0.0,0.0,0.25,104.8724136352539,,,0.10700967907905579,-0.09301459044218063,-14.851218223571777,0.052770182490348816,0.25,-1.0,16.0,0.7803999781608582,0.25,76.0,UNKNOWN,-1.0,-1.0,PASS,,2.0,0.0
856,41.234493255615234,0.0003306008584331721,-0.4897914230823517,387.5390625,0.0,0.0,0.0,0.25,104.8724136352539,,,0.08163266628980637,-0.11158136278390884,-14.334551811218262,0.11020028591156006,0.25,-1.0,16.0,0.7803999781608582,0.25,77.0,UNKNOWN,-1.0,-1.0,PASS,,2.0,0.0
857,34.769296646118164,0.0004186514997854829,-0.5469390153884888,396.8393859863281,0.0,0.0,0.0,0.25,104.8724136352539,,,0.0682833343744278,-0.12129924446344376,-14.059536933898926,0.13955050706863403,0.25,-1.0,16.0,0.7803999781608582,0.25,78.0,UNKNOWN,-1.0,-1.0,PASS,,2.0,0.0
858,36.118507385253906,0.000453772721812129,-0.5788716077804565,404.753662109375,0.0,0.0,0.0,0.25,104.8724136352539,,,0.06903833895921707,-0.12517289817333221,-14.410130500793457,0.15125757455825806,0.25,-1.0,16.0,0.7803999781608582,0.25,79.0,UNKNOWN,-1.0,-1.0,PASS,,2.0,0.0
859,53.708553314208984,0.0005553421215154231,-0.6282888650894165,412.167236328125,0.0,0.0,0.0,0.25,104.8724136352539,,,0.017770735546946526,-0.16141782701015472,-13.274181365966797,0.1851140409708023,0.25,-1.0,16.0,0.7803999781608582,0.25,80.0,UNKNOWN,-1.0,-1.0,PASS,,2.0,0.0
860,48.639535903930664,0.00059321871958673,-0.643144428730011,415.28399658203125,0.0,0.0,0.0,0.25,104.8724136352539,,,-0.015236112289130688,-0.18654227256774902,-12.680295944213867,0.19773957133293152,0.25,-1.0,16.0,0.7803999781608582,0.25,81.0,UNKNOWN,-1.0,-1.0,PASS,,2.0,0.0
861,35.44950485229492,0.0006709695444442332,-0.6809224486351013,422.2510681152344,0.0,0.0,0.0,0.25,104.8724136352539,,,-0.06113578379154205,-0.22120565176010132,-11.836090087890625,0.2236565202474594,0.25,-1.0,16.0,0.7803999781608582,0.25,82.0,UNKNOWN,-1.0,-1.0,PASS,,2.0,0.0
862,40.76647758483887,0.0006631542346440256,-0.685041069984436,425.4841003417969,0.0,0.0,0.0,0.25,104.8724136352539,,,-0.05354018881917,-0.21990454196929932,-12.308674812316895,0.2210514098405838,0.25,-1.0,16.0,0.7803999781608582,0.25,83.0,UNKNOWN,-1.0,-1.0,PASS,,2.0,0.0
863,40.98653793334961,0.0005824430845677853,-0.6554290056228638,425.99005126953125,0.0,0.0,0.0,0.25,104.8724136352539,,,-0.019498145207762718,-0.2038809359073639,-13.666321754455566,0.19414769113063812,0.25,-1.0,16.0,0.7803999781608582,0.25,84.0,UNKNOWN,-1.0,-1.0,PASS,,2.0,0.0
864,34.78264808654785,0.0005306369857862592,-0.6370298862457275,426.8787841796875,0.0,0.0,0.0,0.25,104.8724136352539,,,0.0016822501784190536,-0.19477790594100952,-14.580672264099121,0.17687898874282837,0.25,-1.0,16.0,0.7803999781608582,0.25,85.0,UNKNOWN,-1.0,-1.0,PASS,,2.0,0.0
865,36.221981048583984,0.0003303714329376817,-0.5181863903999329,411.400146484375,0.0,0.0,0.0,0.25,104.8724136352539,,,0.0366571880877018,-0.17567217350006104,-15.787933349609375,0.11012381315231323,0.25,-1.0,16.0,0.7803999781608582,0.25,86.0,UNKNOWN,-1.0,-1.0,PASS,,2.0,0.0
866,49.42131042480469,0.00033608986996114254,-0.5568007230758667,424.27325439453125,0.0,0.0,0.0,0.25,104.8724136352539,,,0.08239822834730148,-0.15257908403873444,-17.523597717285156,0.11202995479106903,0.25,-1.0,16.0,0.7803999781608582,0.25,87.0,UNKNOWN,-1.0,-1.0,PASS,,2.0,0.0
867,43.27392578125,0.00035835200105793774,-0.5796131491661072,430.07861328125,0.0,0.0,0.0,0.25,104.8724136352539,,,0.08682122826576233,-0.15254604816436768,-17.86190414428711,0.11945066601037979,0.25,-1.0,16.0,0.7803999781608582,0.25,88.0,UNKNOWN,-1.0,-1.0,PASS,,2.0,0.0
868,34.597158432006836,0.00027715731994248927,-0.571420431137085,437.1958312988281,0.0,0.0,0.0,0.25,104.8724136352539,,,0.15983441472053528,-0.11156632751226425,-20.35106086730957,0.09238577634096146,0.25,-1.0,16.0,0.7803999781608582,0.25,89.0,UNKNOWN,-1.0,-1.0,PASS,,2.0,0.0
869,40.35162925720215,0.000278114719549194,-0.5779753923416138,441.11810302734375,0.0,0.0,0.0,0.25,104.8724136352539,,,0.15721569955348969,-0.11783801019191742,-20.63737678527832,0.0927049070596695,0.25,-1.0,16.0,0.7803999781608582,0.25,90.0,UNKNOWN,-1.0,-1.0,PASS,,2.0,0.0
870,41.86701774597168,0.0003420583379920572,-0.6102506518363953,447.43341064453125,0.0,0.0,0.0,0.25,104.8724136352539,,,0.11703375726938248,-0.1492428481578827,-19.95032501220703,0.11401944607496262,0.25,-1.0,16.0,0.7803999781608582,0.25,91.0,UNKNOWN,-1.0,-1.0,PASS,,2.0,0.0
871,47.93667793273926,0.0003739992680493742,-0.6300278902053833,452.1629333496094,0.0,0.0,0.0,0.25,104.8724136352539,,,0.10017310827970505,-0.1640036702156067,-19.786399841308594,0.12466642260551453,0.25,-1.0,16.0,0.7803999781608582,0.25,92.0,UNKNOWN,-1.0,-1.0,PASS,,2.0,0.0
872,38.781166076660156,0.00037884339690208435,-0.6366059184074402,456.2589111328125,0.0,0.0,0.0,0.25,104.8724136352539,,,0.08965478092432022,-0.17643603682518005,-19.935813903808594,0.12628112733364105,0.25,-1.0,16.0,0.7803999781608582,0.25,93.0,UNKNOWN,-1.0,-1.0,PASS,,2.0,0.0
873,38.332223892211914,0.0004060862120240927,-0.6528480052947998,461.38543701171875,0.0,0.0,0.0,0.25,104.8724136352539,,,0.06658574938774109,-0.19732673466205597,-19.765779495239258,0.13536207377910614,0.25,-1.0,16.0,0.7803999781608582,0.25,94.0,UNKNOWN,-1.0,-1.0,PASS,,2.0,0.0
874,41.31364822387695,0.00044232906657271087,-0.6695809960365295,464.8858947753906,0.0,0.0,0.0,0.25,104.8724136352539,,,0.03913167864084244,-0.21884705126285553,-19.303524017333984,0.147443026304245,0.25,-1.0,16.0,0.7803999781608582,0.25,95.0,UNKNOWN,-1.0,-1.0,PASS,,2.0,0.0
875,36.193132400512695,0.00045844941632822156,-0.6838852167129517,469.80218505859375,0.0,0.0,0.0,0.25,104.8724136352539,,,0.030326979234814644,-0.22929568588733673,-19.431459426879883,0.15281647443771362,0.25,-1.0,16.0,0.7803999781608582,0.25,96.0,UNKNOWN,-1.0,-1.0,PASS,,2.0,0.0
876,48.738956451416016,0.0004524385731201619,-0.6897207498550415,474.7760009765625,0.0,0.0,0.0,0.25,104.8724136352539,,,0.0310797318816185,-0.23486830294132233,-19.92466163635254,0.15081286430358887,0.25,-1.0,16.0,0.7803999781608582,0.25,97.0,UNKNOWN,-1.0,-1.0,PASS,,2.0,0.0
877,40.11940956115723,0.0004399297176860273,-0.6890254616737366,478.46380615234375,0.0,0.0,0.0,0.25,104.8724136352539,,,0.028613565489649773,-0.24250434339046478,-20.328914642333984,0.1466432362794876,0.25,-1.0,16.0,0.7803999781608582,0.25,98.0,UNKNOWN,-1.0,-1.0,PASS,,2.0,0.0
878,44.438838958740234,0.0004773276159539819,-0.7136825323104858,485.0064697265625,0.0,0.0,0.0,0.25,104.8724136352539,,,0.008028593845665455,-0.2615627348423004,-20.209436416625977,0.1591092050075531,0.25,-1.0,16.0,0.7803999781608582,0.25,99.0,UNKNOWN,-1.0,0.0,PASS,,2.0,0.0
879,34.06262397766113,0.0004840116307605058,-0.7232298851013184,489.3207092285156,0.0,0.0,0.0,0.25,104.8724136352539,,,0.003094038926064968,-0.2693770229816437,-20.43489646911621,0.161337211728096,0.25,-1.0,16.0,0.7803999781608582,0.25,100.0,UNKNOWN,-1.0,0.0,CW_SLOW,,1.0,0.0
880,37.691354751586914,0.0004190593317616731,-0.6971448063850403,491.16412353515625,0.0,0.0,0.0,0.25,104.8724136352539,,,0.01711411029100418,-0.26822108030319214,-21.446165084838867,0.1396864503622055,0.25,-1.0,16.0,0.7803999781608582,0.25,101.0,UNKNOWN,-1.0,-1.0,CW_SLOW,,1.0,0.0
881,50.49538612365723,0.00042042264249175787,-0.7022354006767273,494.6329650878906,0.0,0.0,0.0,0.25,104.8724136352539,,,0.011360629461705685,-0.2764516770839691,-21.641691207885742,0.14014087617397308,0.25,-1.0,16.0,0.7803999781608582,0.25,102.0,UNKNOWN,-1.0,-1.0,CW_SLOW,,1.0,0.0
882,42.786598205566406,0.00040774961235001683,-0.6987526416778564,497.62548828125,0.0,0.0,0.0,0.25,104.8724136352539,,,0.0038512893952429295,-0.2874215841293335,-21.91529083251953,0.13591653108596802,0.25,-1.0,16.0,0.7803999781608582,0.25,103.0,UNKNOWN,-1.0,-1.0,CW_SLOW,,1.0,0.0
883,34.22832489013672,0.0,0.0,0.0,0.0,0.0,0.0,0.0,104.8724136352539,,,0.0,0.0,0.0,0.0,0.0,-1.0,1.0,0.7803999781608582,0.0,104.0,UNKNOWN,-1.0,-1.0,CW_SLOW,,1.0,0.0
884,40.24672508239746,0.00018550403183326125,-0.3338560461997986,134.76426696777344,0.00018550403183326125,-0.3338560461997986,392.956787109375,1.0,106.96986389160156,,,1.1661220788955688,1.0043703317642212,-11.962281227111816,0.061834678053855896,0.0,1.5491551160812378,6.0,0.7803999781608582,1.0,105.0,UNKNOWN,-1.0,-1.0,CW_SLOW,,1.0,0.0
885,41.15438461303711,0.00034083673381246626,-0.4302009344100952,149.51187133789062,0.00034083673381246626,-0.4302009344100952,409.3229064941406,1.0,109.10926055908203,,,1.14206063747406,0.9845554828643799,-11.643766403198242,0.11361224204301834,0.0,1.558866262435913,2.0,0.7803999781608582,1.0,106.0,UNKNOWN,-1.0,0.0,CW_SLOW,,1.0,0.0
886,34.107208251953125,0.00030682890792377293,-0.42565643787384033,155.25604248046875,0.0003797555691562593,-0.5711315870285034,460.5174865722656,1.0,110.72540283203125,,,1.1968296766281128,0.9915505051612854,-15.250733375549316,0.1144307479262352,0.0,1.5314465761184692,2.0,0.7803999781608582,1.0,107.0,UNKNOWN,-1.0,-1.0,CW_SLOW,,1.0,0.0
887,56.35523796081543,0.00035670536453835666,-0.4573546051979065,159.898681640625,0.00038677541306242347,-0.6487548351287842,491.7247619628906,1.0,112.0068588256836,,,1.2256653308868408,0.9955436587333679,-17.15013313293457,0.12391345947980881,0.0,1.5190062522888184,2.0,0.7803999781608582,1.0,108.0,UNKNOWN,-1.0,-1.0,CW_SLOW,,1.0,0.0
888,48.833370208740234,0.00041134434286504984,-0.48710906505584717,165.54705810546875,0.000429268809966743,-0.7175272107124329,514.4949951171875,1.0,113.02374267578125,,,1.225821852684021,0.9839906692504883,-18.052059173583984,0.14010219275951385,0.0,1.5041444301605225,2.0,0.7803999781608582,1.0,109.0,UNKNOWN,-1.0,-1.0,CW_SLOW,,1.0,0.0
889,41.70942306518555,0.0004421192279551178,-0.5054095387458801,169.06585693359375,0.0004411025147419423,-0.7444196939468384,524.8842163085938,1.0,113.89932250976562,,,1.224779486656189,0.9772108197212219,-18.495670318603516,0.14720362424850464,0.0,1.5004392862319946,2.0,0.7803999781608582,1.0,110.0,UNKNOWN,-1.0,-1.0,CW_SLOW,,1.0,0.0
890,33.74361991882324,0.00044581558904610574,-0.516567051410675,172.31326293945312,0.00042360328370705247,-0.7516561150550842,532.576904296875,1.0,114.74424743652344,,,1.2334879636764526,0.9768339395523071,-19.200502395629883,0.14490313827991486,0.0,1.512700080871582,2.0,0.7803999781608582,1.0,111.0,UNKNOWN,-1.0,-1.0,CW_SLOW,,1.0,0.0
891,39.04414176940918,0.0003586291568353772,-0.4844936430454254,176.36570739746094,0.0004616288933902979,-0.7847228050231934,541.747314453125,1.0,115.47421264648438,,,1.2347609996795654,0.9672419428825378,-20.047399520874023,0.13670967519283295,0.0,1.5173187255859375,2.0,0.7803999781608582,1.0,112.0,UNKNOWN,-1.0,-1.0,CW_SLOW,,1.0,0.0
892,34.79456901550293,0.0003102092014160007,-0.4644652307033539,178.0874786376953,0.0005894506466574967,-0.869914174079895,556.0255126953125,1.0,116.15946197509766,,,1.2308118343353271,0.9591173529624939,-20.374067306518555,0.1499433070421219,0.0,1.5200809240341187,2.0,0.7803999781608582,1.0,113.0,UNKNOWN,-1.0,-1.0,CW_SLOW,,1.0,0.0
893,34.55495834350586,0.000272659381153062,-0.44934865832328796,181.22711181640625,0.0005199525621719658,-0.8345960974693298,555.3944702148438,1.0,116.6546401977539,,,1.2254815101623535,0.9474021792411804,-20.874929428100586,0.13210199773311615,0.0,1.5136011838912964,2.0,0.7803999781608582,1.0,114.0,UNKNOWN,-1.0,-1.0,CW_SLOW,,1.0,0.0
894,32.90414810180664,0.00023540372785646468,-0.4287739396095276,181.38363647460938,0.0005061993142589927,-0.8264168500900269,556.0007934570312,1.0,117.05219268798828,,,1.2164641618728638,0.9368621706962585,-20.99462127685547,0.12360050529241562,0.0,1.5109562873840332,2.0,0.7803999781608582,1.0,115.0,UNKNOWN,-1.0,-1.0,CW_SLOW,,1.0,0.0
895,56.11371994018555,0.00023540372785646468,-0.4287739396095276,181.38363647460938,0.0007455273880623281,-0.9777173399925232,578.01220703125,0.75,117.59402465820312,,,1.2089241743087769,0.9312563538551331,-20.84260368347168,0.16348852217197418,0.0,1.5221680402755737,2.0,0.7803999781608582,0.75,116.0,UNKNOWN,-1.0,-1.0,CW_SLOW,,1.0,0.0
896,54.63290214538574,0.00022255821386352181,-0.4253387153148651,185.08383178710938,0.0009402765426784754,-1.112030029296875,600.670166015625,1.0,118.05773162841797,,,1.200392246246338,0.9191489219665527,-21.123754501342773,0.19380579888820648,0.0,1.5138366222381592,2.0,0.7803999781608582,1.0,117.0,UNKNOWN,-1.0,-1.0,CW_SLOW,,1.0,0.0
897,48.689842224121094,0.0002221684844698757,-0.4261094331741333,186.94967651367188,0.001028117723762989,-1.1764085292816162,613.377685546875,1.0,118.49005889892578,,,1.1942353248596191,0.9105766415596008,-21.313982009887695,0.2083810418844223,0.0,1.513587236404419,2.0,0.7803999781608582,1.0,118.0,UNKNOWN,-1.0,-1.0,CW_SLOW,,1.0,0.0
898,44.991254806518555,0.0002161469019483775,-0.42694976925849915,189.59860229492188,0.0010027041425928473,-1.168531894683838,614.842529296875,1.0,118.79509735107422,,,1.1952497959136963,0.9073042273521423,-21.6522159576416,0.20314183831214905,0.0,1.5068893432617188,2.0,0.7803999781608582,1.0,119.0,UNKNOWN,-1.0,-1.0,CW_SLOW,,1.0,0.0
899,41.860342025756836,0.000206193930353038,-0.424641489982605,191.49400329589844,0.0009660376817919314,-1.1544578075408936,616.3344116210938,1.0,119.01251983642578,,,1.1951141357421875,0.902712881565094,-22.004613876342773,0.19537194073200226,0.0,1.5043864250183105,2.0,0.7803999781608582,1.0,120.0,UNKNOWN,-1.0,-1.0,CW_SLOW,,1.0,0.0
900,38.9406681060791,0.00020714651327580214,-0.425963431596756,193.1465301513672,0.0009444956667721272,-1.1506104469299316,618.8512573242188,1.0,119.12467956542969,,,1.1947212219238281,0.89890456199646,-22.27532958984375,0.19194036722183228,0.0,1.4969488382339478,2.0,0.7803999781608582,1.0,121.0,UNKNOWN,-1.0,-1.0,CW_SLOW,,1.0,0.0
901,41.632652282714844,0.0002271928096888587,-0.43784767389297485,196.65550231933594,0.0009390197228640318,-1.1551343202590942,622.6287231445312,1.0,119.15032196044922,,,1.1881822347640991,0.8902586102485657,-22.442598342895508,0.19436874985694885,0.0,1.488199234008789,2.0,0.7803999781608582,1.0,122.0,UNKNOWN,-1.0,-1.0,CW_SLOW,,1.0,0.0
902,35.10689735412598,0.00024106551427394152,-0.4489399492740631,199.18734741210938,0.0009224961395375431,-1.1513246297836304,623.9566650390625,1.0,119.13216400146484,,,1.1905758380889893,0.8898780345916748,-22.66313362121582,0.19392694532871246,0.0,1.4848945140838623,2.0,0.7803999781608582,1.0,123.0,UNKNOWN,-1.0,-1.0,CW_SLOW,,1.0,0.0
903,38.846492767333984,0.0002413587790215388,-0.4449268877506256,197.9353790283203,0.0008964361040852964,-1.1330926418304443,621.2532348632812,1.0,119.10034942626953,,,1.1864185333251953,0.8873483538627625,-22.53369903564453,0.18963247537612915,0.0,1.483025074005127,2.0,0.7803999781608582,1.0,124.0,UNKNOWN,-1.0,-1.0,CW_SLOW,,1.0,0.0
904,54.32724952697754,0.0002505361626390368,-0.4506319761276245,199.7417755126953,0.0008294771541841328,-1.1078015565872192,620.3201904296875,1.0,118.83568572998047,,,1.1972882747650146,0.8925848603248596,-22.982208251953125,0.18000221252441406,0.0,1.4596315622329712,2.0,0.7803999781608582,1.0,125.0,UNKNOWN,-1.0,-1.0,CW_SLOW,,1.0,0.0
905,42.5724983215332,0.0002600860607344657,-0.45297378301620483,198.3695526123047,0.0008979214471764863,-1.1258621215820312,620.5875854492188,1.0,118.97004699707031,,,1.1725208759307861,0.8772993087768555,-22.228120803833008,0.19300125539302826,0.0,1.4967310428619385,2.0,0.7803999781608582,1.0,126.0,UNKNOWN,-1.0,-1.0,PASS,,2.0,0.0
906,38.92683982849121,0.000260349886957556,-0.45269882678985596,199.15982055664062,0.0009153022547252476,-1.1362735033035278,622.4431762695312,1.0,119.08402252197266,,,1.167235255241394,0.8724678158760071,-22.192106246948242,0.19594202935695648,0.0,1.494836449623108,2.0,0.7803999781608582,1.0,127.0,UNKNOWN,-1.0,-1.0,PASS,,2.0,0.0
907,42.12760925292969,0.00027464315644465387,-0.46447545289993286,202.83168029785156,0.0009421541471965611,-1.1526892185211182,625.9917602539062,1.0,119.21218872070312,,,1.1592034101486206,0.8640844821929932,-22.21998405456543,0.20279954373836517,0.0,1.4964994192123413,2.0,0.7803999781608582,1.0,128.0,UNKNOWN,-1.0,-1.0,PASS,,2.0,0.0
908,44.27671432495117,0.00028422914328984916,-0.4652567207813263,201.74131774902344,0.0009394160006195307,-1.141687273979187,623.0653076171875,1.0,119.39860534667969,,,1.1491317749023438,0.8585883378982544,-21.85757064819336,0.20394085347652435,0.0,1.5022836923599243,2.0,0.7803999781608582,1.0,129.0,UNKNOWN,-1.0,-1.0,PASS,,2.0,0.0
909,47.14012145996094,0.0002974329690914601,-0.4752022624015808,203.73423767089844,0.0008572132792323828,-1.1218253374099731,624.8905639648438,1.0,119.21953582763672,,,1.1758654117584229,0.874363124370575,-22.727157592773438,0.19244104623794556,0.0,1.4686238765716553,2.0,0.7803999781608582,1.0,130.0,UNKNOWN,-1.0,-1.0,PASS,,2.0,0.0
910,42.81020164489746,0.0002949130139313638,-0.46921417117118835,200.6217041015625,0.0008407247951254249,-1.1055837869644165,621.0165405273438,1.0,119.11708068847656,,,1.175508975982666,0.8769934773445129,-22.48961639404297,0.18927296996116638,0.0,1.4748784303665161,2.0,0.7803999781608582,1.0,131.0,UNKNOWN,-1.0,-1.0,PASS,,2.0,0.0
911,35.18533706665039,0.0003056088462471962,-0.4776396155357361,202.66546630859375,0.0008272160193882883,-1.1027191877365112,621.7060546875,1.0,118.96024322509766,,,1.178598165512085,0.8778063654899597,-22.67061424255371,0.18880414962768555,0.0,1.468346118927002,2.0,0.7803999781608582,1.0,132.0,UNKNOWN,-1.0,-1.0,PASS,,2.0,0.0
912,34.03067588806152,0.0003149628755636513,-0.4802556037902832,202.11541748046875,0.0008095508092083037,-1.0903499126434326,619.4323120117188,1.0,118.80513000488281,,,1.1776946783065796,0.8782188892364502,-22.565946578979492,0.18741895258426666,0.0,1.466094732284546,2.0,0.7803999781608582,1.0,133.0,UNKNOWN,-1.0,-1.0,PASS,,2.0,0.0
913,32.943010330200195,0.0003207033150829375,-0.4852558970451355,202.78851318359375,0.0008516846573911607,-1.1027480363845825,618.6490478515625,1.0,118.81746673583984,,,1.1687229871749878,0.8735908269882202,-22.221036911010742,0.1953980028629303,0.0,1.4803378582000732,2.0,0.7803999781608582,1.0,134.0,UNKNOWN,-1.0,-1.0,PASS,,2.0,0.0
914,35.088539123535156,0.0003324010467622429,-0.4919024705886841,204.08309936523438,0.0007937094196677208,-1.07827627658844,617.6461181640625,1.0,118.6907730102539,,,1.175196647644043,0.8761748671531677,-22.52985954284668,0.1876850724220276,0.0,1.467482089996338,2.0,0.7803999781608582,1.0,135.0,UNKNOWN,-1.0,-1.0,PASS,,2.0,0.0
915,39.62588310241699,0.0003334078937768936,-0.49139532446861267,203.34774780273438,0.0007848889799788594,-1.0708556175231934,615.9612426757812,1.0,118.58740997314453,,,1.175667405128479,0.8775039911270142,-22.46164321899414,0.18638281524181366,0.0,1.4686044454574585,2.0,0.7803999781608582,1.0,136.0,UNKNOWN,-1.0,-1.0,PASS,,2.0,0.0
916,36.94868087768555,0.0003459513245616108,-0.4998440742492676,205.10740661621094,0.0006603243527933955,-1.0128387212753296,611.3019409179688,1.0,118.23484802246094,,,1.1916078329086304,0.886070966720581,-23.048683166503906,0.16771261394023895,0.0,1.4457730054855347,2.0,0.7803999781608582,1.0,137.0,UNKNOWN,-1.0,-1.0,PASS,,2.0,0.0
917,53.632259368896484,0.0003495533892419189,-0.500308096408844,205.65908813476562,0.000635925040114671,-0.9939424991607666,608.5748291015625,1.0,117.90878295898438,,,1.184434413909912,0.880345344543457,-22.9332218170166,0.16424641013145447,0.0,1.4446337223052979,2.0,0.7803999781608582,1.0,138.0,UNKNOWN,-1.0,-1.0,PASS,,2.0,0.0
918,48.33173751831055,0.0003447909839451313,-0.4960085153579712,202.92176818847656,0.0005952906794846058,-0.9688753485679626,603.96435546875,1.0,117.61246490478516,,,1.1942795515060425,0.890042245388031,-22.94503402709961,0.15668027102947235,0.0,1.4464480876922607,2.0,0.7803999781608582,1.0,139.0,UNKNOWN,-1.0,-1.0,PASS,,2.0,0.0
919,45.348405838012695,0.0003445019538048655,-0.49832257628440857,204.4639129638672,0.0006273856270126998,-0.9850664734840393,605.5445556640625,1.0,117.37185668945312,,,1.1900856494903564,0.8865833878517151,-22.886449813842773,0.1619812697172165,0.0,1.4477990865707397,2.0,0.7803999781608582,1.0,140.0,UNKNOWN,-1.0,-1.0,PASS,,2.0,0.0
920,41.060686111450195,0.0003509126545395702,-0.49864819645881653,203.315185546875,0.0005666675860993564,-0.9510379433631897,600.6231689453125,1.0,117.05191040039062,,,1.1960307359695435,0.8919156193733215,-22.9352970123291,0.15293003618717194,0.0,1.4376429319381714,2.0,0.7803999781608582,1.0,141.0,UNKNOWN,-1.0,-1.0,PASS,,2.0,0.0
921,35.28475761413574,0.00034762333962135017,-0.49759334325790405,201.6533966064453,0.0005631142994388938,-0.9418590068817139,597.7734985351562,1.0,116.88256072998047,,,1.1982601881027222,0.8958954215049744,-22.79582977294922,0.1517896056175232,0.0,1.4517323970794678,2.0,0.7803999781608582,1.0,142.0,UNKNOWN,-1.0,-1.0,PASS,,2.0,0.0
922,39.75081443786621,0.0003421914589125663,-0.4918193817138672,200.9344482421875,0.0005403087707236409,-0.923200249671936,594.7180786132812,1.0,116.727783203125,,,1.191939115524292,0.8913698196411133,-22.652912139892578,0.1470833718776703,0.0,1.4515248537063599,2.0,0.7803999781608582,1.0,143.0,UNKNOWN,-1.0,-1.0,PASS,,2.0,0.0
923,50.79293251037598,0.00033592357067391276,-0.4902178943157196,200.15623474121094,0.0005613671382889152,-0.9297885894775391,593.9102172851562,1.0,116.68165588378906,,,1.1931957006454468,0.8940817713737488,-22.537181854248047,0.1495484560728073,0.0,1.4616206884384155,2.0,0.7803999781608582,1.0,144.0,UNKNOWN,-1.0,-1.0,PASS,,2.0,0.0
924,33.952951431274414,0.0003382735885679722,-0.4904748499393463,200.30551147460938,0.0005977098480798304,-0.9427987337112427,593.559814453125,1.0,116.69770812988281,,,1.1849827766418457,0.8896248936653137,-22.238937377929688,0.15599724650382996,0.0,1.4646053314208984,2.0,0.7803999781608582,1.0,145.0,UNKNOWN,-1.0,-1.0,PASS,,2.0,0.0
925,40.20190238952637,0.0003421336004976183,-0.49526122212409973,201.38998413085938,0.000591053394600749,-0.9371675252914429,592.8980712890625,1.0,116.74790954589844,,,1.1845389604568481,0.8888734579086304,-22.263334274291992,0.1555311679840088,0.0,1.4694255590438843,2.0,0.7803999781608582,1.0,146.0,UNKNOWN,-1.0,-1.0,PASS,,2.0,0.0
926,38.61355781555176,0.00033812285983003676,-0.4922889173030853,199.39100646972656,0.0005815665354020894,-0.9268268942832947,589.959716796875,1.0,116.85494995117188,,,1.1882365942001343,0.893945038318634,-22.15438461303711,0.153281569480896,0.0,1.4769049882888794,2.0,0.7803999781608582,1.0,147.0,UNKNOWN,-1.0,-1.0,PASS,,2.0,0.0
927,41.12434387207031,0.00033508846536278725,-0.49345260858535767,200.90467834472656,0.0005555339739657938,-0.9108352661132812,588.7464599609375,1.0,116.950927734375,,,1.1860237121582031,0.8904048204421997,-22.2596435546875,0.14843706786632538,0.0,1.4790887832641602,2.0,0.7803999781608582,1.0,148.0,UNKNOWN,-1.0,-1.0,PASS,,2.0,0.0
928,46.88906669616699,0.0003344757715240121,-0.4925348162651062,199.51004028320312,0.0005801652441732585,-0.9171472787857056,586.64306640625,1.0,117.11177825927734,,,1.1863868236541748,0.8939935564994812,-22.003982543945312,0.1524401754140854,0.0,1.4852172136306763,2.0,0.7803999781608582,1.0,149.0,UNKNOWN,-1.0,-1.0,PASS,,2.0,0.0
929,40.47036170959473,0.0003192378208041191,-0.48737832903862,199.95787048339844,0.0005529977497644722,-0.9029603004455566,585.7593994140625,1.0,117.24243927001953,,,1.1895272731781006,0.8944833874702454,-22.21403694152832,0.14537259936332703,0.0,1.4871971607208252,2.0,0.7803999781608582,1.0,150.0,UNKNOWN,-1.0,-1.0,PASS,,2.0,0.0
930,36.10634803771973,0.0002927751047536731,-0.47405579686164856,198.26040649414062,0.0005511250928975642,-0.8984643816947937,584.1882934570312,1.0,117.39642333984375,,,1.1925565004348755,0.897260308265686,-22.234041213989258,0.14065003395080566,0.0,1.4933401346206665,2.0,0.7803999781608582,1.0,151.0,UNKNOWN,-1.0,-1.0,PASS,,2.0,0.0
931,40.190696716308594,0.0002880217507481575,-0.47225967049598694,197.7867889404297,0.0005277001764625311,-0.8816809058189392,581.1957397460938,1.0,117.54620361328125,,,1.1948106288909912,0.8995296955108643,-22.232826232910156,0.1359536498785019,0.0,1.4960901737213135,2.0,0.7803999781608582,1.0,152.0,UNKNOWN,-1.0,-1.0,PASS,,2.0,0.0
932,41.9774055480957,0.00028133034356869757,-0.4701648950576782,197.69119262695312,0.0005335670430213213,-0.8827788829803467,580.75146484375,1.0,117.71414184570312,,,1.195451259613037,0.9003111720085144,-22.22166633605957,0.13581623136997223,0.0,1.5002325773239136,2.0,0.7803999781608582,1.0,153.0,UNKNOWN,-1.0,-1.0,PASS,,2.0,0.0
933,45.772552490234375,0.0002717322204262018,-0.467045396566391,197.69212341308594,0.0005573639064095914,-0.8942115902900696,581.400390625,1.0,117.90708923339844,,,1.1958913803100586,0.9010682106018066,-22.19652557373047,0.13818268477916718,0.0,1.5046372413635254,2.0,0.7803999781608582,1.0,154.0,UNKNOWN,-1.0,-1.0,PASS,,2.0,0.0
934,41.69964790344238,0.0002650207024998963,-0.46166399121284485,196.83932495117188,0.0006297563668340445,-0.9330095648765564,584.7340698242188,1.0,118.12635803222656,,,1.191258192062378,0.8994703888893127,-21.956043243408203,0.14912950992584229,0.0,1.505255103111267,2.0,0.7803999781608582,1.0,155.0,UNKNOWN,-1.0,-1.0,PASS,,2.0,0.0
935,36.98301315307617,0.00025096326135098934,-0.4567875862121582,195.9830780029297,0.000659667479339987,-0.9499501585960388,585.9912109375,1.0,118.37681579589844,,,1.1972732543945312,0.9049754738807678,-21.996416091918945,0.15177178382873535,0.0,1.5115751028060913,2.0,0.7803999781608582,1.0,156.0,UNKNOWN,-1.0,-1.0,PASS,,2.0,0.0
936,40.08054733276367,0.00023262813920155168,-0.44520536065101624,195.20346069335938,0.0006462758174166083,-0.9381235241889954,583.4683227539062,1.0,118.56233215332031,,,1.1939376592636108,0.9024320840835571,-21.933700561523438,0.14648398756980896,0.0,1.50754714012146,2.0,0.7803999781608582,1.0,157.0,UNKNOWN,-1.0,-1.0,PASS,,2.0,0.0
937,48.89369010925293,0.00022949636331759393,-0.44162437319755554,192.7682647705078,0.0006500020972453058,-0.9381352663040161,582.4664306640625,1.0,118.79273986816406,,,1.1979378461837769,0.9076670408248901,-21.83601188659668,0.14658308029174805,0.0,1.514652132987976,2.0,0.7803999781608582,1.0,158.0,UNKNOWN,-1.0,-1.0,PASS,,2.0,0.0
938,43.265581130981445,0.00021969282533973455,-0.4343457818031311,192.54624938964844,0.000580476364120841,-0.8926370739936829,576.0690307617188,1.0,118.92637634277344,,,1.1940971612930298,0.9040167331695557,-21.82095718383789,0.13336153328418732,0.0,1.5089876651763916,2.0,0.7803999781608582,1.0,159.0,UNKNOWN,-1.0,-1.0,PASS,,2.0,0.0
939,36.78607940673828,0.0002204991178587079,-0.4345751404762268,192.06646728515625,0.0005692982231266797,-0.8846216201782227,574.3280029296875,1.0,119.04643249511719,,,1.1962109804153442,0.9064319729804993,-21.7971134185791,0.13163289427757263,0.0,1.509243130683899,2.0,0.7803999781608582,1.0,160.0,UNKNOWN,-1.0,-1.0,PASS,,2.0,0.0
940,40.16590118408203,0.0002222689363406971,-0.43264123797416687,191.46432495117188,0.0005200764280743897,-0.8532045483589172,569.9491577148438,1.0,119.10694885253906,,,1.1940605640411377,0.9049524664878845,-21.744077682495117,0.12372422963380814,0.0,1.5050381422042847,2.0,0.7803999781608582,1.0,161.0,UNKNOWN,-1.0,-1.0,PASS,,2.0,0.0
941,56.93316459655762,0.0002269992110086605,-0.43463754653930664,191.47024536132812,0.0005364303942769766,-0.8610981702804565,569.7674560546875,1.0,119.15109252929688,,,1.1941108703613281,0.906247079372406,-21.645761489868164,0.12723827362060547,0.0,1.501887321472168,2.0,0.7803999781608582,1.0,162.0,UNKNOWN,-1.0,-1.0,PASS,,2.0,0.0
942,42.385101318359375,0.00021592594566754997,-0.42504173517227173,188.44305419921875,0.000521850015502423,-0.8477953672409058,566.1593627929688,1.0,119.20903015136719,,,1.1967968940734863,0.9108250141143799,-21.496395111083984,0.12296266108751297,0.0,1.5041203498840332,2.0,0.7803999781608582,1.0,163.0,UNKNOWN,-1.0,-1.0,PASS,,2.0,0.0
943,39.32356834411621,0.0002087692846544087,-0.41974908113479614,187.8123016357422,0.0005026695434935391,-0.8347383737564087,563.7313232421875,1.0,119.21891021728516,,,1.1967477798461914,0.9110998511314392,-21.47083854675293,0.1185731366276741,0.0,1.4998403787612915,2.0,0.7803999781608582,1.0,164.0,UNKNOWN,-1.0,-1.0,PASS,,2.0,0.0
944,37.183284759521484,0.00021489860955625772,-0.4227237403392792,187.8865509033203,0.0004526533593889326,-0.8003469705581665,557.9920654296875,1.0,119.20321655273438,,,1.1969926357269287,0.91214919090271,-21.407377243041992,0.11125866323709488,0.0,1.4982707500457764,2.0,0.7803999781608582,1.0,165.0,UNKNOWN,-1.0,-1.0,PASS,,2.0,0.0
945,40.30728340148926,0.00021637500321958214,-0.41928666830062866,185.60952758789062,0.00042463259887881577,-0.7743330597877502,551.8634033203125,1.0,119.21697998046875,,,1.1949336528778076,0.913878858089447,-21.108909606933594,0.10683459788560867,0.0,1.5004669427871704,2.0,0.7803999781608582,1.0,166.0,UNKNOWN,-1.0,-1.0,PASS,,2.0,0.0
946,35.11977195739746,0.00022979489585850388,-0.4285293519496918,188.0530548095703,0.00040751518099568784,-0.7655066847801208,551.2289428710938,1.0,119.17308807373047,,,1.1931226253509521,0.9111663699150085,-21.17987823486328,0.10621834546327591,0.0,1.4941442012786865,2.0,0.7803999781608582,1.0,167.0,UNKNOWN,-1.0,-1.0,PASS,,2.0,0.0
947,36.49258613586426,0.00022497236204799265,-0.4239013195037842,186.7015380859375,0.0002839287044480443,-0.7154499292373657,546.07763671875,1.0,118.70601654052734,,,1.224650502204895,0.9333517551422119,-21.91733741760254,0.0848168432712555,0.0,1.4527519941329956,2.0,0.7803999781608582,1.0,168.0,UNKNOWN,-1.0,-1.0,PASS,,2.0,0.0
948,50.158023834228516,0.00024146043870132416,-0.43355491757392883,188.37135314941406,0.00020123072317801416,-0.6799958348274231,542.4909057617188,1.0,118.00834655761719,,,1.2404569387435913,0.9436569213867188,-22.35337257385254,0.07378186285495758,0.0,1.4246761798858643,2.0,0.7803999781608582,1.0,169.0,UNKNOWN,-1.0,-1.0,PASS,,2.0,0.0
949,49.50833320617676,0.0002533314982429147,-0.4418755769729614,190.27113342285156,0.00014728293172083795,-0.6584291458129883,540.3232421875,1.0,117.16463470458984,,,1.2527638673782349,0.9515284299850464,-22.705913543701172,0.0667690709233284,0.0,1.4024487733840942,2.0,0.7803999781608582,1.0,170.0,UNKNOWN,-1.0,-1.0,PASS,,2.0,0.0
950,46.0658073425293,0.00025145747349597514,-0.4361496567726135,187.53880310058594,0.00011718287714757025,-0.633961021900177,534.7323608398438,1.0,116.40499114990234,,,1.2536230087280273,0.9552028775215149,-22.482040405273438,0.061440058052539825,0.0,1.401930570602417,2.0,0.7803999781608582,1.0,171.0,UNKNOWN,-1.0,-1.0,PASS,,2.0,0.0
951,39.27111625671387,0.0002529280027374625,-0.44074079394340515,188.87240600585938,2.3363312720903195e-05,-0.5933291912078857,531.5222778320312,1.0,115.49274444580078,,,1.2730826139450073,0.9671127200126648,-23.08323860168457,0.04604855179786682,0.0,1.3829957246780396,2.0,0.7803999781608582,1.0,172.0,UNKNOWN,-1.0,-1.0,PASS,,2.0,0.0
952,34.74926948547363,0.0002633066033013165,-0.4423413872718811,187.71385192871094,-1.3992263120599091e-05,-0.5610363483428955,524.6102905273438,1.0,114.68016052246094,,,1.2684670686721802,0.9664456248283386,-22.768489837646484,0.04621647670865059,0.0,1.3824272155761719,2.0,0.7803999781608582,1.0,173.0,UNKNOWN,-1.0,-1.0,PASS,,2.0,0.0
953,33.42080116271973,0.000257662934018299,-0.4414606988430023,186.3676300048828,-5.973458246444352e-05,-0.5293605327606201,518.974365234375,1.0,113.99478149414062,,,1.27672278881073,0.9743236303329468,-22.79856300354004,0.05289958789944649,0.0,1.3913657665252686,2.0,0.7803999781608582,1.0,174.0,UNKNOWN,-1.0,-1.0,PASS,,2.0,0.0
954,37.50038146972656,0.0002569124917499721,-0.43962857127189636,186.77610778808594,-0.00012565140787046403,-0.4908977746963501,513.5831909179688,1.0,113.23603057861328,,,1.2783734798431396,0.9748915433883667,-22.884828567504883,0.0637606531381607,0.0,1.377375602722168,2.0,0.7803999781608582,1.0,175.0,UNKNOWN,-1.0,-1.0,PASS,,2.0,0.0
955,36.85784339904785,0.00026320567121729255,-0.44395574927330017,186.99790954589844,-0.00012544023047666997,-0.4779554605484009,509.47637939453125,1.0,112.67738342285156,,,1.2708625793457031,0.9713279604911804,-22.570619583129883,0.06477431952953339,0.0,1.3900448083877563,2.0,0.7803999781608582,1.0,176.0,UNKNOWN,-1.0,-1.0,PASS,,2.0,0.0
956,33.6458683013916,0.000261406326899305,-0.4429801106452942,187.0136260986328,-0.00015033518138807267,-0.45137524604797363,503.9277648925781,1.0,112.23944091796875,,,1.2634912729263306,0.9670376777648926,-22.32587242126465,0.06862358748912811,0.0,1.397477388381958,2.0,0.7803999781608582,1.0,177.0,UNKNOWN,-1.0,-1.0,PASS,,2.0,0.0
957,33.447265625,0.00025242692208848894,-0.4385495185852051,187.17050170898438,-0.00022547756088897586,-0.41274967789649963,500.0022277832031,1.0,111.70028686523438,,,1.2707455158233643,0.9705167412757874,-22.62582015991211,0.07965074479579926,0.0,1.3861711025238037,2.0,0.7803999781608582,1.0,178.0,UNKNOWN,-1.0,-1.0,PASS,,2.0,0.0
958,34.18612480163574,0.00023511062317993492,-0.42795151472091675,184.0679931640625,-0.00023997554671950638,-0.39633044600486755,495.6009216308594,1.0,111.2969970703125,,,1.2742031812667847,0.9758481383323669,-22.476863861083984,0.07918103039264679,0.0,1.3970998525619507,2.0,0.7803999781608582,1.0,179.0,UNKNOWN,-1.0,-1.0,PASS,,2.0,0.0
959,46.33378982543945,0.00021725166880059987,-0.41737353801727295,183.8148651123047,-0.00021180004114285111,-0.3928366005420685,491.4967346191406,1.0,111.06951141357422,,,1.2561410665512085,0.9642422199249268,-21.964839935302734,0.07150861620903015,0.0,1.4090865850448608,2.0,0.7803999781608582,1.0,180.0,UNKNOWN,-1.0,-1.0,PASS,,2.0,0.0
960,33.425092697143555,0.0002012231561820954,-0.4067919850349426,181.03648376464844,-0.0001695748360361904,-0.4000110626220703,488.646484375,1.0,111.07403564453125,,,1.2467306852340698,0.9612885117530823,-21.454607009887695,0.06179966405034065,0.0,1.4297696352005005,2.0,0.7803999781608582,1.0,181.0,UNKNOWN,-1.0,-1.0,PASS,,2.0,0.0
961,37.781715393066406,0.00017963779100682586,-0.39450985193252563,179.61602783203125,-0.00019589276053011417,-0.37652164697647095,483.9809265136719,1.0,111.10205841064453,,,1.2442786693572998,0.9601813554763794,-21.348560333251953,0.06258842349052429,0.0,1.4344563484191895,2.0,0.7803999781608582,1.0,182.0,UNKNOWN,-1.0,-1.0,PASS,,2.0,0.0
962,33.57386589050293,0.0001595337816979736,-0.38004910945892334,178.29466247558594,-0.00022264086874201894,-0.3544866740703583,480.1154479980469,1.0,111.09505462646484,,,1.2371046543121338,0.9548023343086243,-21.207124710083008,0.06369577348232269,0.0,1.4314863681793213,2.0,0.7803999781608582,1.0,183.0,UNKNOWN,-1.0,-1.0,PASS,,2.0,0.0
963,33.27226638793945,0.00014242803445085883,-0.36589786410331726,172.72555541992188,-0.00018055952386930585,-0.3617732524871826,476.3165283203125,1.0,111.32178497314453,,,1.2340964078903198,0.9592005610466003,-20.62499237060547,0.05383126065135002,0.0,1.4545584917068481,2.0,0.7803999781608582,1.0,184.0,UNKNOWN,-1.0,-1.0,PASS,,2.0,0.0
964,33.478498458862305,0.00012060112931067124,-0.3533869981765747,172.73390197753906,-0.0001917253393912688,-0.34385696053504944,472.0703430175781,1.0,111.53781127929688,,,1.2230029106140137,0.950905978679657,-20.40558433532715,0.05205441266298294,0.0,1.4558277130126953,2.0,0.7803999781608582,1.0,185.0,UNKNOWN,-1.0,-1.0,PASS,,2.0,0.0
965,33.55002403259277,0.00010017988097388297,-0.3405376076698303,169.374755859375,-0.00017091694462578744,-0.34420397877693176,468.8722229003906,1.0,111.86683654785156,,,1.2217739820480347,0.953788161277771,-20.083885192871094,0.04518280550837517,0.0,1.4700698852539062,2.0,0.7803999781608582,1.0,186.0,UNKNOWN,-1.0,-1.0,PASS,,2.0,0.0
966,33.69450569152832,6.944406777620316e-05,-0.3198060691356659,166.52590942382812,-0.0001894892775453627,-0.3218469023704529,463.4083557128906,1.0,112.18409729003906,,,1.2150192260742188,0.9504892826080322,-19.81395721435547,0.04315555840730667,0.0,1.4729188680648804,2.0,0.7803999781608582,1.0,187.0,UNKNOWN,-1.0,-1.0,PASS,,2.0,0.0
967,33.761024475097656,4.5631495595443994e-05,-0.30515429377555847,163.89634704589844,-0.00021961083984933794,-0.2979062497615814,458.6880187988281,1.0,112.48904418945312,,,1.2164785861968994,0.9529649615287781,-19.734670639038086,0.04420705512166023,0.0,1.4776041507720947,2.0,0.7803999781608582,1.0,188.0,UNKNOWN,-1.0,-1.0,PASS,,2.0,0.0
968,33.32948684692383,1.6851528926054016e-05,-0.28516343235969543,159.9351806640625,-0.00023688102373853326,-0.2742500305175781,452.2043762207031,1.0,112.83161163330078,,,1.2125674486160278,0.9534165263175964,-19.39474105834961,0.04228875786066055,0.0,1.4856481552124023,2.0,0.7803999781608582,1.0,189.0,UNKNOWN,-1.0,-1.0,PASS,,2.0,0.0
969,50.68516731262207,-6.777207090635784e-06,-0.26540490984916687,155.0713348388672,-0.00023389050329569727,-0.2668144404888153,448.8232116699219,1.0,113.21446228027344,,,1.2088745832443237,0.9541987776756287,-19.046783447265625,0.04011128470301628,0.0,1.493039608001709,2.0,0.7803999781608582,1.0,190.0,UNKNOWN,-1.0,-1.0,PASS,,2.0,0.0
970,48.43401908874512,-2.5558361812727526e-05,-0.25055769085884094,151.6885528564453,-0.0002388874563621357,-0.25122949481010437,443.5736083984375,1.0,113.63046264648438,,,1.2034735679626465,0.9536903500556946,-18.667200088500977,0.04407430440187454,0.0,1.4999217987060547,2.0,0.7803999781608582,1.0,191.0,UNKNOWN,-1.0,-1.0,PASS,,2.0,0.0
971,46.93317413330078,-5.509567927219905e-05,-0.229678213596344,148.1720733642578,-0.00027205573860555887,-0.2216259390115738,437.1210632324219,1.0,114.00529479980469,,,1.2001105546951294,0.9534022808074951,-18.4290771484375,0.054525237530469894,0.0,1.5011721849441528,2.0,0.7803999781608582,1.0,192.0,UNKNOWN,-1.0,-1.0,PASS,,2.0,0.0
972,40.758609771728516,-8.951527706813067e-05,-0.20549562573432922,143.52174377441406,-0.00024292207672260702,-0.22908450663089752,434.8023376464844,1.0,114.40022277832031,,,1.1975269317626953,0.9552459120750427,-18.086803436279297,0.055406223982572556,0.0,1.5056867599487305,2.0,0.7803999781608582,1.0,193.0,UNKNOWN,-1.0,-1.0,PASS,,2.0,0.0
973,35.2015495300293,-0.00012254450120963156,-0.18217656016349792,139.32127380371094,-0.0002503337454982102,-0.213396817445755,429.37506103515625,1.0,114.78030395507812,,,1.1942214965820312,0.9561122059822083,-17.764890670776367,0.062146373093128204,0.0,1.508080005645752,2.0,0.7803999781608582,1.0,194.0,UNKNOWN,-1.0,-1.0,PASS,,2.0,0.0
974,34.20543670654297,-0.00015550995885860175,-0.1584669053554535,134.2660369873047,-0.0002206110948463902,-0.2200460582971573,426.281494140625,1.0,115.18511962890625,,,1.1929162740707397,0.9598541259765625,-17.376211166381836,0.06268684566020966,0.0,1.5127601623535156,2.0,0.7803999781608582,1.0,195.0,UNKNOWN,-1.0,-1.0,PASS,,2.0,0.0
975,34.25407409667969,-0.00018253072630614042,-0.13539808988571167,129.4815673828125,-0.00025733464281074703,-0.18838590383529663,419.3454284667969,1.0,115.5348892211914,,,1.1885085105895996,0.9598032236099243,-17.041336059570312,0.07331089675426483,0.0,1.5112613439559937,2.0,0.7803999781608582,1.0,196.0,UNKNOWN,-1.0,-1.0,PASS,,2.0,0.0
976,39.2916202545166,-0.00021671359718311578,-0.10971349477767944,124.55264282226562,-0.00025612101308070123,-0.18027426302433014,415.25274658203125,1.0,115.85711669921875,,,1.1859458684921265,0.9613828659057617,-16.723520278930664,0.07880576699972153,0.0,1.5111336708068848,2.0,0.7803999781608582,1.0,197.0,UNKNOWN,-1.0,-1.0,PASS,,2.0,0.0
977,41.07809066772461,-0.0002418553631287068,-0.08559105545282364,118.31082153320312,-0.0002829918230418116,-0.15227019786834717,408.00390625,1.0,116.17613983154297,,,1.1816238164901733,0.9632266163825989,-16.251422882080078,0.0874745324254036,0.0,1.5133532285690308,2.0,0.7803999781608582,1.0,198.0,UNKNOWN,-1.0,-1.0,PASS,,2.0,0.0
978,35.970449447631836,-0.00026261439779773355,-0.06488680839538574,113.64019775390625,-0.0002946526510640979,-0.13776922225952148,403.6336669921875,1.0,116.44404602050781,,,1.1762654781341553,0.9626759886741638,-15.884096145629883,0.0928778424859047,0.0,1.5093648433685303,2.0,0.7803999781608582,1.0,199.0,UNKNOWN,-1.0,-1.0,PASS,,2.0,0.0
979,50.7204532623291,-0.00028684671269729733,-0.04175199195742607,107.16387939453125,-0.00030555648845620453,-0.1175793781876564,396.4034729003906,1.0,116.73326873779297,,,1.1734966039657593,0.96695476770401,-15.34683609008789,0.09873386472463608,0.0,1.5126336812973022,2.0,0.7803999781608582,1.0,200.0,UNKNOWN,-1.0,-1.0,PASS,,2.0,0.0
980,45.71676254272461,-0.00031550240237265825,-0.016047894954681396,101.58943176269531,-0.00028979472699575126,-0.11530285328626633,392.36993408203125,1.0,117.01634979248047,,,1.1659457683563232,0.966253399848938,-14.826007843017578,0.10088285803794861,0.0,1.5117766857147217,2.0,0.7803999781608582,1.0,201.0,UNKNOWN,-1.0,-1.0,PASS,,2.0,0.0
981,41.66269302368164,-0.0003359486872795969,0.004706086125224829,95.93695831298828,-0.00026795174926519394,-0.11798577010631561,388.76287841796875,1.0,117.30220031738281,,,1.162249207496643,0.9692742824554443,-14.316434860229492,0.10065007209777832,0.0,1.5114319324493408,2.0,0.7803999781608582,1.0,202.0,UNKNOWN,-1.0,-1.0,PASS,,2.0,0.0
982,38.38324546813965,-0.00035894091706722975,0.030358588322997093,88.82858276367188,-0.0002692230336833745,-0.10798013210296631,384.0804748535156,1.0,117.57233428955078,,,1.1575584411621094,0.971601665019989,-13.78527545928955,0.10469399392604828,0.0,1.5099446773529053,2.0,0.7803999781608582,1.0,203.0,UNKNOWN,-1.0,-1.0,PASS,,2.0,0.0
983,34.46626663208008,-0.0003855489776469767,0.055237021297216415,82.73823547363281,-0.0002873099292628467,-0.08637696504592896,377.8880920410156,1.0,117.8328628540039,,,1.1528489589691162,0.973019003868103,-13.322571754455566,0.1121431514620781,0.0,1.510624647140503,2.0,0.7803999781608582,1.0,204.0,UNKNOWN,-1.0,-1.0,PASS,,2.0,0.0
984,39.65330123901367,-0.0003963954222854227,0.07560597360134125,75.60382843017578,-0.0002944457228295505,-0.06927988678216934,371.49810791015625,1.0,118.10491943359375,,,1.1450492143630981,0.9744773507118225,-12.625046730041504,0.11514019221067429,0.0,1.5107637643814087,2.0,0.7803999781608582,1.0,205.0,UNKNOWN,-1.0,-1.0,PASS,,2.0,0.0
985,40.58647155761719,-0.00041691455407999456,0.09753595292568207,68.86640930175781,-0.0002764136588666588,-0.06961531192064285,367.44708251953125,1.0,118.39920043945312,,,1.143001675605774,0.9796892404556274,-12.07943344116211,0.11555470526218414,0.0,1.5129950046539307,2.0,0.7803999781608582,1.0,206.0,UNKNOWN,-1.0,-1.0,PASS,,2.0,0.0
986,33.57267379760742,-0.00043342061690054834,0.12094753235578537,61.56367492675781,-0.0003347379679325968,-0.023079166188836098,357.7458801269531,1.0,118.65445709228516,,,1.1375343799591064,0.9818124175071716,-11.510126113891602,0.12802642583847046,0.0,1.5109450817108154,2.0,0.7803999781608582,1.0,207.0,UNKNOWN,-1.0,-1.0,PASS,,2.0,0.0
987,39.46208953857422,-0.0004535532498266548,0.14684367179870605,54.369483947753906,-0.0003125842777080834,-0.02527906373143196,354.39544677734375,1.0,118.90913391113281,,,1.12737238407135,0.9808711409568787,-10.82009506225586,0.12768958508968353,0.0,1.5090420246124268,2.0,0.7803999781608582,1.0,208.0,UNKNOWN,-1.0,-1.0,PASS,,2.0,0.0
988,50.5213737487793,-0.0004653721989598125,0.16604284942150116,47.52687072753906,-0.00030616761068813503,-0.016818732023239136,348.76739501953125,1.0,119.17467498779297,,,1.1223586797714233,0.9848003387451172,-10.152365684509277,0.12858997285366058,0.0,1.509212613105774,2.0,0.7803999781608582,1.0,209.0,UNKNOWN,-1.0,-1.0,PASS,,2.0,0.0
989,39.27898406982422,-0.0004762728058267385,0.18633206188678741,40.49227523803711,-0.0002966550237033516,-0.012604614719748497,344.52734375,1.0,119.43241119384766,,,1.1157268285751343,0.98697429895401,-9.49622917175293,0.12882129848003387,0.0,1.5072720050811768,2.0,0.7803999781608582,1.0,210.0,UNKNOWN,-1.0,-1.0,PASS,,2.0,0.0
990,36.51118278503418,-0.0004915487952530384,0.20918302237987518,32.947509765625,-0.000401739904191345,0.10971469432115555,319.48724365234375,1.0,120.1526870727539,,,1.0666704177856445,0.9628222584724426,-7.647055149078369,0.1488814502954483,0.0,1.5607692003250122,2.0,0.7803999781608582,1.0,211.0,UNKNOWN,-1.0,-1.0,PASS,,2.0,0.0
991,34.755706787109375,-0.0004930348368361592,0.22774463891983032,25.01949119567871,-0.00044813036220148206,0.1780104637145996,303.45343017578125,1.0,121.1103286743164,,,1.03035306930542,0.9476483464241028,-6.083480358123779,0.15686087310314178,0.0,1.5913690328598022,2.0,0.7803999781608582,1.0,212.0,UNKNOWN,-1.0,-1.0,PASS,,2.0,0.0
992,41.34202003479004,-0.0005083558498881757,0.24923332035541534,17.718488693237305,-0.00048590361257083714,0.22436624765396118,291.78143310546875,1.0,122.10852813720703,,,1.0157890319824219,0.9457488059997559,-5.149171352386475,0.16570991277694702,0.0,1.6047604084014893,2.0,0.7803999781608582,1.0,213.0,UNKNOWN,-1.0,-1.0,PASS,,2.0,0.0
993,33.281564712524414,-0.0005013413610868156,0.26197749376296997,9.675752639770508,-0.0004659411497414112,0.16609947383403778,301.39471435546875,1.0,122.43374633789062,,,1.066292405128479,0.9855631589889526,-5.937643051147461,0.16121375560760498,0.0,1.5376958847045898,2.0,0.7803999781608582,1.0,214.0,UNKNOWN,-1.0,-1.0,PASS,,2.0,0.0
994,54.30793762207031,-0.0004804275231435895,0.2666280269622803,3.2405707836151123,-0.00034850783413276076,0.10371223092079163,305.25238037109375,1.0,122.77828979492188,,,1.0567833185195923,0.9888477921485901,-4.994038105010986,0.13815589249134064,0.0,1.5347635746002197,2.0,0.7803999781608582,1.0,215.0,UNKNOWN,-1.0,-1.0,PASS,,2.0,0.0
995,44.27337646484375,-0.000460745592135936,0.26930779218673706,-3.5333261489868164,-0.0004594289930537343,0.1575641930103302,295.61376953125,1.0,122.78152465820312,,,1.0858426094055176,1.016569972038269,-5.0925984382629395,0.153362438082695,0.0,1.5003472566604614,2.0,0.7803999781608582,1.0,216.0,UNKNOWN,-1.0,-1.0,PASS,,2.0,0.0
996,33.81919860839844,-0.0004433183930814266,0.274842768907547,-9.909523010253906,-0.0003786075976677239,0.13128024339675903,293.0278015136719,1.0,122.95670318603516,,,1.0657814741134644,1.0134661197662354,-3.8437981605529785,0.13698767125606537,0.0,1.5129563808441162,2.0,0.7803999781608582,1.0,217.0,UNKNOWN,-1.0,-1.0,PASS,,2.0,0.0
997,37.64605522155762,-0.00042128306813538074,0.27441155910491943,-15.7139892578125,-0.00042342094820924103,0.15048961341381073,288.5493469238281,1.0,122.96431732177734,,,1.0836060047149658,1.0327634811401367,-3.7354307174682617,0.14078399538993835,0.0,1.4947350025177002,2.0,0.7803999781608582,1.0,218.0,UNKNOWN,-1.0,-1.0,PASS,,2.0,0.0
998,32.27090835571289,-0.00039977856795303524,0.27400755882263184,-21.277427673339844,-0.00034018748556263745,0.13211999833583832,283.1690368652344,1.0,123.24586486816406,,,1.0605665445327759,1.029191017150879,-2.304170846939087,0.12332767248153687,0.0,1.5204588174819946,2.0,0.7803999781608582,1.0,219.0,UNKNOWN,-1.0,-1.0,PASS,,2.0,0.0
999,35.66312789916992,-0.00036260788328945637,0.26199278235435486,-25.01701545715332,-0.00034477547160349786,0.13937883079051971,278.6872863769531,1.0,123.49864196777344,,,1.0659773349761963,1.0410937070846558,-1.827221155166626,0.11789722740650177,0.0,1.518212914466858,2.0,0.7803999781608582,1.0,220.0,UNKNOWN,-1.0,-1.0,PASS,,2.0,0.0
1000,48.44307899475098,-0.00040146277751773596,0.2413395196199417,-17.401453018188477,-0.00039254658622667193,0.18003255128860474,268.3005676269531,1.0,124.0439453125,,,1.1128596067428589,1.073589563369751,-2.8843653202056885,0.1323348879814148,0.0,1.5622056722640991,2.0,0.7803999781608582,1.0,221.0,UNKNOWN,-1.0,-1.0,PASS,,2.0,0.0
1001,51.64003372192383,-0.00038344311178661883,0.2099723219871521,-11.688231468200684,-0.00037898498703725636,0.1793188452720642,264.0151672363281,1.0,124.66227722167969,,,1.1369965076446533,1.0933308601379395,-3.2075448036193848,0.127071350812912,0.0,1.5782172679901123,2.0,0.7803999781608582,1.0,222.0,UNKNOWN,3.5,-1.0,PASS,,2.0,0.0
1002,48.9354133605957,-0.00038343685446307063,0.21271562576293945,-14.456772804260254,-0.00038120782119221985,0.1973888874053955,255.31951904296875,1.0,125.25504302978516,,,1.137589454650879,1.1014466285705566,-2.654498338699341,0.12744078040122986,0.0,1.5806561708450317,2.0,0.7803999781608582,1.0,223.0,UNKNOWN,3.5,-1.0,PASS,,2.0,0.0
1003,39.186716079711914,-0.00035862537333741784,0.21015018224716187,-18.731689453125,-0.0003575108421500772,0.2024868130683899,247.74754333496094,1.0,125.81713104248047,,,1.1279900074005127,1.1052533388137817,-1.6695325374603271,0.11935603618621826,0.0,1.5798746347427368,2.0,0.7803999781608582,1.0,224.0,UNKNOWN,-1.0,-1.0,PASS,,2.0,0.0
1004,34.16728973388672,-0.0003794852236751467,0.2322283536195755,-25.00475311279297,-0.0003789279726333916,0.22839666903018951,238.49049377441406,1.0,126.26066589355469,,,1.1278693675994873,1.1130025386810303,-1.0915672779083252,0.12640219926834106,0.0,1.571471095085144,2.0,0.7803999781608582,1.0,225.0,UNKNOWN,-1.0,-1.0,PASS,,2.0,0.0
1005,33.31613540649414,-0.0004251150239724666,0.26087304949760437,-28.74549674987793,-0.0004248363838996738,0.2589572072029114,230.35401916503906,1.0,126.4655990600586,,,1.1390048265457153,1.1237517595291138,-1.1199264526367188,0.14165857434272766,0.0,1.549846887588501,2.0,0.7803999781608582,1.0,226.0,UNKNOWN,-1.0,-1.0,PASS,,2.0,0.0
1006,42.21940040588379,-0.00039410541648976505,0.2584289014339447,-33.670284271240234,-0.00039396609645336866,0.257470965385437,223.97091674804688,1.0,126.63002014160156,,,1.1275922060012817,1.1266807317733765,-0.06692029535770416,0.1313452571630478,0.0,1.5434720516204834,2.0,0.7803999781608582,1.0,227.0,UNKNOWN,-1.0,-1.0,PASS,,2.0,0.0
1007,37.361860275268555,-0.0004402513732202351,0.29306742548942566,-39.36054992675781,-0.00044018172775395215,0.292588472366333,215.000732421875,1.0,126.61770629882812,,,1.129676103591919,1.1322838068008423,0.19145573675632477,0.14673885703086853,0.0,1.5249801874160767,2.0,0.7803999781608582,1.0,228.0,UNKNOWN,-1.0,-1.0,PASS,,2.0,0.0
1008,33.02001953125,-0.00044983395491726696,0.31004029512405396,-45.33800506591797,-0.00044979911763221025,0.3098008334636688,207.1531524658203,0.9024999737739563,126.52825927734375,,,1.1286838054656982,1.1397029161453247,0.8090319633483887,0.14993885159492493,0.0,1.5143532752990723,2.0,0.7803999781608582,0.9024999737739563,229.0,UNKNOWN,3.2874999046325684,-1.0,PASS,,2.0,0.0
1009,35.82429885864258,-0.00044983395491726696,0.31004029512405396,-45.33800506591797,-0.00046793351066298783,0.33438897132873535,197.3689727783203,0.75,126.32933807373047,,,1.1311322450637817,1.147090196609497,1.171689510345459,0.15296123921871185,0.0,1.4995784759521484,2.0,0.7803999781608582,0.75,230.0,UNKNOWN,3.2249999046325684,-1.0,PASS,,2.0,0.0
1010,46.08154296875,-0.00044983395491726696,0.31004029512405396,-45.33800506591797,-0.00043874632683582604,0.3384065628051758,188.37078857421875,0.75,126.08683013916016,,,1.1266814470291138,1.1516869068145752,1.8361725807189941,0.1480967104434967,0.0,1.4903852939605713,2.0,0.7803999781608582,0.75,231.0,UNKNOWN,2.981250047683716,-1.0,PASS,,2.0,0.0
1011,37.735700607299805,-0.00044983395491726696,0.31004029512405396,-45.33800506591797,-0.00046983399079181254,0.3700355887413025,177.9722900390625,0.75,125.74575805664062,,,1.129805326461792,1.1591675281524658,2.1562318801879883,0.15327799320220947,0.0,1.4754239320755005,2.0,0.7803999781608582,0.75,232.0,UNKNOWN,2.981250047683716,-1.0,PASS,,2.0,0.0
1012,36.32235527038574,-0.00044983395491726696,0.31004029512405396,-45.33800506591797,-0.0004822865594178438,0.39038005471229553,168.88693237304688,0.75,125.31587982177734,,,1.1326628923416138,1.1667563915252686,2.5038890838623047,0.15535341203212738,0.0,1.460246205329895,2.0,0.7803999781608582,0.75,233.0,UNKNOWN,-1.0,-1.0,PASS,,2.0,0.0
1013,39.819955825805664,-0.00044983395491726696,0.31004029512405396,-45.33800506591797,-0.0004760843003168702,0.4051583707332611,158.9299774169922,0.75,124.82430267333984,,,1.1319948434829712,1.1734204292297363,3.0428314208984375,0.15431970357894897,0.0,1.4469181299209595,2.0,0.7803999781608582,0.75,234.0,UNKNOWN,-1.0,-1.0,PASS,,2.0,0.0
1014,56.938886642456055,-0.00044983395491726696,0.31004029512405396,-45.33800506591797,-0.000474144791951403,0.4226568341255188,148.60580444335938,0.75,124.27577209472656,,,1.1313618421554565,1.180076241493225,3.5788657665252686,0.15399645268917084,0.0,1.4336063861846924,2.0,0.7803999781608582,0.75,235.0,UNKNOWN,-1.0,-1.0,PASS,,2.0,0.0
1015,45.67527770996094,-0.00044983395491726696,0.31004029512405396,-45.33800506591797,-0.0005155756371095777,0.45865345001220703,137.9414520263672,0.75,123.63970947265625,,,1.1365114450454712,1.1886193752288818,3.8285367488861084,0.16090160608291626,0.0,1.4165202379226685,2.0,0.7803999781608582,0.75,236.0,UNKNOWN,-1.0,-1.0,PASS,,2.0,0.0
1016,36.8037223815918,-0.00044983395491726696,0.31004029512405396,-45.33800506591797,-0.0005323491059243679,0.4820415675640106,127.85437774658203,0.75,122.91759490966797,,,1.1408143043518066,1.197709083557129,4.180836200714111,0.16369718313217163,0.0,1.3983409404754639,2.0,0.7803999781608582,0.75,237.0,UNKNOWN,-1.0,-1.0,PASS,,2.0,0.0
1017,41.246891021728516,-0.00044983395491726696,0.31004029512405396,-45.33800506591797,-0.00048388278810307384,0.47389882802963257,119.6346664428711,0.75,122.1541976928711,,,1.1387338638305664,1.204801321029663,4.856386184692383,0.15561945736408234,0.0,1.384156346321106,2.0,0.7803999781608582,0.75,238.0,UNKNOWN,-1.0,-1.0,PASS,,2.0,0.0
1018,42.23370552062988,-0.00044983395491726696,0.31004029512405396,-45.33800506591797,-0.0005199440638534725,0.5060579180717468,110.20714569091797,0.75,121.3542709350586,,,1.142250895500183,1.2115765810012817,5.096502304077148,0.16162967681884766,0.0,1.3706059455871582,2.0,0.7803999781608582,0.75,239.0,UNKNOWN,-1.0,-1.0,PASS,,2.0,0.0
1019,52.90031433105469,-0.00044983395491726696,0.31004029512405396,-45.33800506591797,-0.0005249903188087046,0.5202634334564209,103.60159301757812,0.75,120.5691909790039,,,1.142005443572998,1.2155259847640991,5.4057817459106445,0.1624707132577896,0.0,1.3627071380615234,2.0,0.7803999781608582,0.75,240.0,UNKNOWN,-1.0,-1.0,PASS,,2.0,0.0
1020,46.24605178833008,-0.00044983395491726696,0.31004029512405396,-45.33800506591797,-0.00047683919547125697,0.5080540180206299,98.80890655517578,0.75,119.8232192993164,,,1.136908769607544,1.2179090976715088,5.957652568817139,0.15444552898406982,0.0,1.3579407930374146,2.0,0.7803999781608582,0.75,241.0,UNKNOWN,-1.0,-1.0,PASS,,2.0,0.0
1021,39.566755294799805,-0.00044983395491726696,0.31004029512405396,-45.33800506591797,-0.0005008046282455325,0.5311889052391052,91.63629913330078,0.75,119.07028198242188,,,1.1389682292938232,1.2227983474731445,6.1665802001953125,0.1584397703409195,0.0,1.348162293434143,2.0,0.7803999781608582,0.75,242.0,UNKNOWN,-1.0,-1.0,PASS,,2.0,0.0
1022,41.818857192993164,-0.00044983395491726696,0.31004029512405396,-45.33800506591797,-0.0004589698219206184,0.5201572775840759,87.40644836425781,0.75,118.34357452392578,,,1.1354871988296509,1.2256278991699219,6.63279914855957,0.15146729350090027,0.0,1.3425031900405884,2.0,0.7803999781608582,0.75,243.0,UNKNOWN,-1.0,-1.0,PASS,,2.0,0.0
1023,39.05320167541504,-0.00044983395491726696,0.31004029512405396,-45.33800506591797,-0.00048367909039370716,0.5426843166351318,80.97891998291016,0.75,117.62455749511719,,,1.1369820833206177,1.2295223474502563,6.810193061828613,0.15558551251888275,0.0,1.3347141742706299,2.0,0.7803999781608582,0.75,244.0,UNKNOWN,-1.0,-1.0,PASS,,2.0,0.0
1024,42.42682456970215,-0.00044983395491726696,0.31004029512405396,-45.33800506591797,-0.0005115658859722316,0.5687730312347412,73.57791900634766,0.75,116.9113540649414,,,1.1379787921905518,1.2334777116775513,7.029001712799072,0.1602333039045334,0.0,1.3268035650253296,2.0,0.7803999781608582,0.75,245.0,UNKNOWN,-1.0,-1.0,PASS,,2.0,0.0
1025,49.78513717651367,-0.00044983395491726696,0.31004029512405396,-45.33800506591797,-0.0004810956306755543,0.5630135536193848,68.80513763427734,0.75,116.19773864746094,,,1.1366620063781738,1.2376002073287964,7.431548595428467,0.15515492856502533,0.0,1.318558692932129,2.0,0.7803999781608582,0.75,246.0,UNKNOWN,-1.0,-1.0,PASS,,2.0,0.0
1026,43.08485984802246,-0.00044983395491726696,0.31004029512405396,-45.33800506591797,-0.0005571006913669407,0.6212069988250732,56.45294952392578,0.75,115.4831314086914,,,1.1379672288894653,1.2420274019241333,7.6627607345581055,0.1678224354982376,0.0,1.3097041845321655,2.0,0.7803999781608582,0.75,247.0,UNKNOWN,-1.0,-1.0,PASS,,2.0,0.0
1027,42.99592971801758,-0.00044983395491726696,0.31004029512405396,-45.33800506591797,-0.00046906451461836696,0.5752243995666504,57.55883026123047,0.75,114.732421875,,,1.13954496383667,1.2481235265731812,7.997622966766357,0.15314973890781403,0.0,1.2975118160247803,2.0,0.7803999781608582,0.75,248.0,UNKNOWN,-1.0,-1.0,PASS,,2.0,0.0
1028,35.23564338684082,-0.00044983395491726696,0.31004029512405396,-45.33800506591797,-0.00045250821858644485,0.5782328248023987,51.55146026611328,0.75,113.9798583984375,,,1.1386377811431885,1.2524741888046265,8.387624740600586,0.1503903567790985,0.0,1.2888106107711792,2.0,0.7803999781608582,0.75,249.0,UNKNOWN,-1.0,-1.0,PASS,,2.0,0.0
1029,39.91055488586426,-0.00044983395491726696,0.31004029512405396,-45.33800506591797,-0.0005534635274671018,0.6534945964813232,36.667911529541016,0.75,113.2394027709961,,,1.1392943859100342,1.256480097770691,8.636262893676758,0.1672162413597107,0.0,1.2807987928390503,2.0,0.7803999781608582,0.75,250.0,UNKNOWN,-1.0,-1.0,PASS,,2.0,0.0
1030,50.2314567565918,-0.00044983395491726696,0.31004029512405396,-45.33800506591797,-0.0005125736352056265,0.6413223147392273,32.404396057128906,0.75,112.48339080810547,,,1.1387486457824707,1.261474609375,9.047908782958984,0.16040126979351044,0.0,1.2708098888397217,2.0,0.7803999781608582,0.75,251.0,UNKNOWN,-1.0,-1.0,PASS,,2.0,0.0
1031,42.29235649108887,-0.00044983395491726696,0.31004029512405396,-45.33800506591797,-0.00035601272247731686,0.5979025363922119,29.795583724975586,0.75,112.1982650756836,,,1.0902940034866333,1.2352304458618164,10.703156471252441,0.13430778682231903,0.0,1.3232980966567993,2.0,0.7803999781608582,0.75,252.0,UNKNOWN,-1.0,-1.0,PASS,,2.0,0.0
1032,33.48040580749512,-0.00044983395491726696,0.31004029512405396,-45.33800506591797,-0.00021686661057174206,0.5421074628829956,30.353208541870117,0.75,112.04934692382812,,,1.0679813623428345,1.2260700464248657,11.687511444091797,0.11111675947904587,0.0,1.3416190147399902,2.0,0.7803999781608582,0.75,253.0,UNKNOWN,-1.0,-1.0,PASS,,2.0,0.0
1033,40.57598114013672,-0.00044983395491726696,0.31004029512405396,-45.33800506591797,-0.00029410459683276713,0.5994614958763123,17.002168655395508,0.75,111.7701644897461,,,1.074836254119873,1.235327124595642,11.86767578125,0.1239897608757019,0.0,1.3231046199798584,2.0,0.7803999781608582,0.75,254.0,UNKNOWN,-1.0,-1.0,PASS,,2.0,0.0
1034,55.49216270446777,-0.00044983395491726696,0.31004029512405396,-45.33800506591797,-0.00026175062521360815,0.5811434984207153,14.780200958251953,0.75,111.3131332397461,,,1.085760474205017,1.2473326921463013,11.948806762695312,0.11859743297100067,0.0,1.2990937232971191,2.0,0.7803999781608582,0.75,255.0,UNKNOWN,-1.0,-1.0,PASS,,2.0,0.0
1035,47.98173904418945,-0.00044983395491726696,0.31004029512405396,-45.33800506591797,-0.00021693504822906107,0.5829832553863525,6.810513019561768,0.75,110.94794464111328,,,1.0696288347244263,1.2425858974456787,12.804560661315918,0.11112816631793976,0.0,1.3085873126983643,2.0,0.7803999781608582,0.75,256.0,UNKNOWN,-1.0,-1.0,PASS,,2.0,0.0
1036,34.54160690307617,-0.00044983395491726696,0.31004029512405396,-45.33800506591797,-0.00021693504822906107,0.5829832553863525,6.810513019561768,0.5,110.61927032470703,,,1.0696288347244263,1.2425858974456787,12.804560661315918,0.11112816631793976,0.0,1.3085873126983643,2.0,0.7803999781608582,0.5,257.0,UNKNOWN,-1.0,-1.0,PASS,,2.0,0.0
1037,37.45627403259277,-0.00044983395491726696,0.31004029512405396,-45.33800506591797,-0.00021693504822906107,0.5829832553863525,6.810513019561768,0.5,110.3234634399414,,,1.0696288347244263,1.2425858974456787,12.804560661315918,0.11112816631793976,0.0,1.3085873126983643,2.0,0.7803999781608582,0.5,258.0,UNKNOWN,-1.0,-1.0,PASS,,2.0,0.0
1038,38.18368911743164,-0.00044983395491726696,0.31004029512405396,-45.33800506591797,-0.0004807133227586746,0.721446692943573,-20.282962799072266,0.75,109.25991821289062,,,1.1345242261886597,1.2947485446929932,11.847681045532227,0.15509121119976044,0.0,1.2042617797851562,2.0,0.7803999781608582,0.75,259.0,UNKNOWN,-1.0,-1.0,PASS,,2.0,0.0
1039,39.92486000061035,-0.00044983395491726696,0.31004029512405396,-45.33800506591797,-0.0004807133227586746,0.721446692943573,-20.282962799072266,0.5,108.30272674560547,,,1.1345242261886597,1.2947485446929932,11.847681045532227,0.15509121119976044,0.0,1.2042617797851562,2.0,0.7803999781608582,0.5,260.0,UNKNOWN,-1.0,-1.0,PASS,,2.0,0.0
1040,32.85932540893555,-0.00044983395491726696,0.31004029512405396,-45.33800506591797,-0.0004807133227586746,0.721446692943573,-20.282962799072266,0.5,107.44125366210938,,,1.1345242261886597,1.2947485446929932,11.847681045532227,0.15509121119976044,0.0,1.2042617797851562,2.0,0.7803999781608582,0.5,261.0,UNKNOWN,-1.0,-1.0,PASS,,2.0,0.0
1041,53.96294593811035,-0.00044983395491726696,0.31004029512405396,-45.33800506591797,-0.0006125600775703788,0.82565838098526,-50.620689392089844,0.75,106.17337799072266,,,1.1582245826721191,1.3248366117477417,12.327285766601562,0.1770656704902649,0.0,1.1440856456756592,2.0,0.7803999781608582,0.75,262.0,UNKNOWN,-1.0,-1.0,PASS,,2.0,0.0
1042,42.842864990234375,-0.00044983395491726696,0.31004029512405396,-45.33800506591797,-0.0006125600775703788,0.82565838098526,-50.620689392089844,0.5,105.03229522705078,,,1.1582245826721191,1.3248366117477417,12.327285766601562,0.1770656704902649,0.0,1.1440856456756592,2.0,0.7803999781608582,0.5,263.0,UNKNOWN,-1.0,-1.0,PASS,,2.0,0.0
1043,40.316104888916016,-0.00044983395491726696,0.31004029512405396,-45.33800506591797,-0.0006125600775703788,0.82565838098526,-50.620689392089844,0.5,104.00531005859375,,,1.1582245826721191,1.3248366117477417,12.327285766601562,0.1770656704902649,0.0,1.1440856456756592,2.0,0.7803999781608582,0.5,264.0,UNKNOWN,-1.0,-1.0,PASS,,2.0,0.0
1044,36.6206169128418,-0.00044983395491726696,0.31004029512405396,-45.33800506591797,-0.0006125600775703788,0.82565838098526,-50.620689392089844,0.5,103.0810317993164,,,1.1582245826721191,1.3248366117477417,12.327285766601562,0.1770656704902649,0.0,1.1440856456756592,2.0,0.7803999781608582,0.5,265.0,UNKNOWN,-1.0,-1.0,PASS,,2.0,0.0
1045,36.240339279174805,-0.00044983395491726696,0.31004029512405396,-45.33800506591797,-0.0006125600775703788,0.82565838098526,-50.620689392089844,0.5,102.24917602539062,,,1.1582245826721191,1.3248366117477417,12.327285766601562,0.1770656704902649,0.0,1.1440856456756592,2.0,0.7803999781608582,0.5,266.0,UNKNOWN,-1.0,-1.0,PASS,,2.0,0.0
1046,37.26983070373535,-0.00044983395491726696,0.31004029512405396,-45.33800506591797,-0.0003013142559211701,0.5096727013587952,12.61966323852539,0.75,100.74136352539062,,,1.2461873292922974,1.3716447353363037,9.251039505004883,0.12519137561321259,0.0,1.0504695177078247,2.0,0.7803999781608582,0.75,267.0,UNKNOWN,-1.0,-1.0,PASS,,2.0,0.0
1047,51.75375938415527,-0.00044983395491726696,0.31004029512405396,-45.33800506591797,-0.0003013142559211701,0.5096727013587952,12.61966323852539,0.5,99.38433837890625,,,1.2461873292922974,1.3716447353363037,9.251039505004883,0.12519137561321259,0.0,1.0504695177078247,2.0,0.7803999781608582,0.5,268.0,UNKNOWN,-1.0,-1.0,PASS,,2.0,0.0
1048,43.9605712890625,-0.00044983395491726696,0.31004029512405396,-45.33800506591797,-0.0003013142559211701,0.5096727013587952,12.61966323852539,0.5,98.16300964355469,,,1.2461873292922974,1.3716447353363037,9.251039505004883,0.12519137561321259,0.0,1.0504695177078247,2.0,0.7803999781608582,0.5,269.0,UNKNOWN,-1.0,-1.0,PASS,,2.0,0.0
1049,41.8853759765625,-0.00044983395491726696,0.31004029512405396,-45.33800506591797,-0.0003594099835027009,0.6697171926498413,-55.47615432739258,0.75,96.57748413085938,,,1.2274562120437622,1.3978930711746216,12.614888191223145,0.13487398624420166,0.0,0.9979727864265442,2.0,0.7803999781608582,0.75,270.0,UNKNOWN,-1.0,-1.0,PASS,,2.0,0.0
1050,36.910057067871094,-0.00044983395491726696,0.31004029512405396,-45.33800506591797,-0.0003594099835027009,0.6697171926498413,-55.47615432739258,0.5,95.1505126953125,,,1.2274562120437622,1.3978930711746216,12.614888191223145,0.13487398624420166,0.0,0.9979727864265442,2.0,0.7803999781608582,0.5,271.0,UNKNOWN,-1.0,-1.0,PASS,,2.0,0.0
1051,41.97835922241211,-0.00044983395491726696,0.31004029512405396,-45.33800506591797,-0.0003594099835027009,0.6697171926498413,-55.47615432739258,0.5,93.8662338256836,,,1.2274562120437622,1.3978930711746216,12.614888191223145,0.13487398624420166,0.0,0.9979727864265442,2.0,0.7803999781608582,0.5,272.0,UNKNOWN,-1.0,-1.0,PASS,,2.0,0.0
1052,33.093929290771484,-0.00044983395491726696,0.31004029512405396,-45.33800506591797,-0.0003594099835027009,0.6697171926498413,-55.47615432739258,0.5,92.71038818359375,,,1.2274562120437622,1.3978930711746216,12.614888191223145,0.13487398624420166,0.0,0.9979727864265442,2.0,0.7803999781608582,0.5,273.0,UNKNOWN,-1.0,-1.0,PASS,,2.0,0.0
1053,55.95803260803223,-0.00044983395491726696,0.31004029512405396,-45.33800506591797,0.0006724053528159857,-0.10437767207622528,68.85255432128906,0.75,90.8561782836914,,,1.3115023374557495,1.446783185005188,9.982540130615234,0.18703988194465637,0.0,0.9001926183700562,2.0,0.7803999781608582,0.75,274.0,UNKNOWN,-1.0,-1.0,PASS,,2.0,0.0
1054,45.284271240234375,-0.00044983395491726696,0.31004029512405396,-45.33800506591797,0.0006724053528159857,-0.10437767207622528,68.85255432128906,0.5,89.10814666748047,,,1.3115023374557495,1.446783185005188,9.982540130615234,0.18703988194465637,0.0,0.9001926183700562,2.0,0.7803999781608582,0.5,275.0,UNKNOWN,-1.0,-1.0,PASS,,2.0,0.0
1055,42.86050796508789,-0.00044983395491726696,0.31004029512405396,-45.33800506591797,0.0006724053528159857,-0.10437767207622528,68.85255432128906,0.5,87.53491973876953,,,1.3115023374557495,1.446783185005188,9.982540130615234,0.18703988194465637,0.0,0.9001926183700562,2.0,0.7803999781608582,0.5,276.0,UNKNOWN,-1.0,-1.0,PASS,,2.0,0.0
1056,31.59022331237793,-0.0004033545556012541,0.31100529432296753,-22.746047973632812,0.0006724053528159857,-0.10437767207622528,68.85255432128906,0.75,85.78422546386719,,,1.20355224609375,1.3505369424819946,10.856241226196289,0.17929331958293915,0.0,0.7077001333236694,2.0,0.7803999781608582,0.75,277.0,UNKNOWN,-1.0,-1.0,PASS,,2.0,0.0
1057,35.60352325439453,-0.0004033545556012541,0.31100529432296753,-22.746047973632812,0.0006724053528159857,-0.10437767207622528,68.85255432128906,0.5,84.06854248046875,,,1.20355224609375,1.3505369424819946,10.856241226196289,0.17929331958293915,0.0,0.7077001333236694,2.0,0.7803999781608582,0.5,278.0,UNKNOWN,-1.0,-1.0,PASS,,2.0,0.0
1058,37.18233108520508,-0.0004033545556012541,0.31100529432296753,-22.746047973632812,0.000725548539776355,-0.39237716794013977,147.93496704101562,0.75,82.38716888427734,,,1.4129267930984497,1.4637410640716553,3.733339786529541,0.18815051019191742,0.0,0.48129206895828247,2.0,0.7803999781608582,0.75,279.0,UNKNOWN,-1.0,-1.0,PASS,,2.0,0.0
1059,39.97921943664551,0.0,0.0,0.0,0.0,0.0,0.0,0.0,82.38716888427734,,,0.0,0.0,0.0,0.0,0.0,-1.0,1.0,0.7803999781608582,0.0,280.0,UNKNOWN,-1.0,-1.0,PASS,,2.0,0.0
1060,51.14102363586426,-0.0005202431930229068,0.6791009306907654,-110.18246459960938,-0.0005202431930229068,0.6791009306907654,195.20315551757812,1.0,84.034912109375,,,0.22509363293647766,0.4743095934391022,18.62325096130371,0.17341439425945282,0.0,1.8323137760162354,4.0,0.7803999781608582,1.0,281.0,UNKNOWN,-1.0,1.0625,PASS,,2.0,0.0
1061,49.26276206970215,-0.0005202431930229068,0.6791009306907654,-110.18246459960938,-0.0005323943332768977,0.6942213773727417,189.70443725585938,0.75,85.71561431884766,,,0.2263033241033554,0.477882981300354,18.80647850036621,0.17543958127498627,0.75,1.825166940689087,0.0,0.7803999781608582,0.75,282.0,UNKNOWN,-1.0,-1.0,PASS,,2.0,0.0
1062,44.00277137756348,-0.0005202431930229068,0.6791009306907654,-110.18246459960938,-0.0005374333704821765,0.704281210899353,185.09765625,0.75,87.42992401123047,,,0.22751498222351074,0.48132404685020447,18.979476928710938,0.17627942562103271,0.75,1.8182847499847412,0.0,0.7803999781608582,0.75,283.0,UNKNOWN,-1.0,-1.0,PASS,,2.0,0.0
1063,40.10796546936035,-0.0005202431930229068,0.6791009306907654,-110.18246459960938,-0.0005494776996783912,0.7182477116584778,180.03750610351562,0.75,89.17852020263672,,,0.22924673557281494,0.48504799604415894,19.13422203063965,0.1782868206501007,0.75,1.810836911201477,0.0,0.7803999781608582,0.75,284.0,UNKNOWN,-1.0,-1.0,PASS,,2.0,0.0
1064,33.310890197753906,-0.0005461144610308111,0.7090612649917603,-120.6283187866211,-0.0005607316852547228,0.7286346554756165,176.3813018798828,1.0,90.96208953857422,,,0.23459701240062714,0.49562156200408936,19.54063606262207,0.18447436392307281,1.0,1.8168163299560547,0.0,0.7803999781608582,1.0,285.0,UNKNOWN,-1.0,-1.0,PASS,,2.0,0.0
1065,37.49990463256836,-0.0005595711409114301,0.7307179570198059,-127.57939910888672,-0.000566879753023386,0.7405046820640564,171.16770935058594,1.0,92.78133392333984,,,0.23143823444843292,0.4991687834262848,20.06392478942871,0.18774181604385376,1.0,1.8098620176315308,0.0,0.7803999781608582,1.0,286.0,UNKNOWN,-1.0,-1.0,PASS,,2.0,0.0
1066,36.633968353271484,-0.0005595711409114301,0.7307179570198059,-127.57939910888672,-0.0005683419294655323,0.7457483410835266,168.479736328125,0.75,94.636962890625,,,0.23202744126319885,0.5011413097381592,20.172086715698242,0.18798550963401794,0.75,1.8059169054031372,0.0,0.7803999781608582,0.75,287.0,UNKNOWN,-1.0,-1.0,PASS,,2.0,0.0
1067,40.291547775268555,-0.0005595711409114301,0.7307179570198059,-127.57939910888672,-0.000567300827242434,0.7472031712532043,167.5504150390625,0.75,96.52970123291016,,,0.23158890008926392,0.5013928413391113,20.226070404052734,0.18781200051307678,0.75,1.805413842201233,0.0,0.7803999781608582,0.75,288.0,UNKNOWN,-1.0,-1.0,PASS,,2.0,0.0
1068,32.389163970947266,-0.0005595711409114301,0.7307179570198059,-127.57939910888672,-0.0005685024661943316,0.7491718530654907,167.6511993408203,0.75,98.46029663085938,,,0.22900162637233734,0.49918538331985474,20.25579071044922,0.1880122721195221,0.75,1.809828758239746,0.0,0.7803999781608582,0.75,289.0,UNKNOWN,-1.0,-1.0,PASS,,2.0,0.0
1069,49.81422424316406,-0.0005595711409114301,0.7307179570198059,-127.57939910888672,-0.0005631950334645808,0.743817925453186,169.71182250976562,0.75,100.42949676513672,,,0.22740837931632996,0.496991366147995,20.208784103393555,0.18712769448757172,0.75,1.8142168521881104,0.0,0.7803999781608582,0.75,290.0,UNKNOWN,-1.0,-1.0,PASS,,2.0,0.0
1070,42.88506507873535,-0.0005595711409114301,0.7307179570198059,-127.57939910888672,-0.0005723161157220602,0.7476720809936523,170.49876403808594,0.75,102.4380874633789,,,0.22596941888332367,0.4948606789112091,20.15467643737793,0.18864788115024567,0.75,1.8184782266616821,0.0,0.7803999781608582,0.75,291.0,UNKNOWN,-1.0,-1.0,PASS,,2.0,0.0
1071,40.61007499694824,-0.0005595711409114301,0.7307179570198059,-127.57939910888672,-0.0005679048481397331,0.7371715307235718,174.82986450195312,0.75,104.48685455322266,,,0.22676436603069305,0.4931977689266205,19.96257209777832,0.18791265785694122,0.75,1.8218040466308594,0.0,0.7803999781608582,0.75,292.0,UNKNOWN,-1.0,-1.0,PASS,,2.0,0.0
1072,34.11269187927246,-0.0005595711409114301,0.7307179570198059,-127.57939910888672,-0.0005800625658594072,0.7424305081367493,175.31690979003906,0.75,106.57659149169922,,,0.2263358235359192,0.49188220500946045,19.893299102783203,0.18993894755840302,0.75,1.8244351148605347,0.0,0.7803999781608582,0.75,293.0,UNKNOWN,-1.0,-1.0,PASS,,2.0,0.0
1073,37.06979751586914,-0.0005595711409114301,0.7307179570198059,-127.57939910888672,-0.0005652687977999449,0.7288728356361389,179.5317840576172,0.75,108.70812225341797,,,0.22424107789993286,0.48854395747184753,19.796239852905273,0.187473326921463,0.75,1.8311116695404053,0.0,0.7803999781608582,0.75,294.0,UNKNOWN,-1.0,-1.0,PASS,,2.0,0.0
1074,39.6876335144043,-0.0005595711409114301,0.7307179570198059,-127.57939910888672,-0.0005588430212810636,0.7257732152938843,180.0409698486328,0.75,110.88227844238281,,,0.2226947396993637,0.4873634874820709,19.824790954589844,0.1864023655653,0.75,1.8334726095199585,0.0,0.7803999781608582,0.75,295.0,UNKNOWN,-1.0,-1.0,PASS,,2.0,0.0
1075,54.59141731262207,-0.0005595711409114301,0.7307179570198059,-127.57939910888672,-0.0005511548952199519,0.719108521938324,182.7976531982422,0.75,113.09992980957031,,,0.21927915513515472,0.4834250509738922,19.78398895263672,0.18512099981307983,0.75,1.841349482536316,0.0,0.7803999781608582,0.75,296.0,UNKNOWN,-1.0,-1.0,PASS,,2.0,0.0
1076,37.990570068359375,-0.0005595711409114301,0.7307179570198059,-127.57939910888672,-0.0005412369500845671,0.7101772427558899,185.8907470703125,0.75,115.36192321777344,,,0.21681343019008636,0.48017561435699463,19.72285270690918,0.1834680140018463,0.75,1.8478484153747559,0.0,0.7803999781608582,0.75,297.0,UNKNOWN,-1.0,-1.0,PASS,,2.0,0.0
1077,37.06002235412598,-0.0005595711409114301,0.7307179570198059,-127.57939910888672,-0.0005281329504214227,0.7002865672111511,188.95054626464844,0.75,117.6691665649414,,,0.21348555386066437,0.476433128118515,19.690519332885742,0.18128401041030884,0.75,1.8553333282470703,0.0,0.7803999781608582,0.75,298.0,UNKNOWN,-1.0,-1.0,PASS,,2.0,0.0
1078,37.92285919189453,-0.0005476627848111093,0.7206217050552368,-139.2726593017578,-0.0005319436895661056,0.7054060101509094,188.26023864746094,1.0,120.02254486083984,,,0.25237879157066345,0.5154397487640381,19.699359893798828,0.17993441224098206,1.0,1.9432742595672607,0.0,0.7803999781608582,1.0,299.0,UNKNOWN,-1.0,1.649999976158142,PASS,,2.0,0.0
1079,40.183067321777344,-0.0005296293529681861,0.700474739074707,-144.88519287109375,-0.0005217698053456843,0.6928669214248657,192.89517211914062,1.0,122.4229965209961,,,0.2867306172847748,0.5451728701591492,19.339582443237305,0.17523320019245148,1.0,2.0157206058502197,0.0,0.7803999781608582,1.0,300.0,UNKNOWN,-1.0,-1.0,PASS,,2.0,0.0
1080,32.22060203552246,-0.0005283851060084999,0.6939346194267273,-146.95826721191406,-0.0005244553321972489,0.6901307106018066,195.45823669433594,1.0,124.8714599609375,,,0.30175265669822693,0.5568353533744812,19.07839012145996,0.1754734069108963,1.0,2.049018383026123,0.0,0.7803999781608582,1.0,301.0,UNKNOWN,-1.0,1.774999976158142,PASS,,2.0,0.0
1081,49.24416542053223,-0.0005283851060084999,0.6939346194267273,-146.95826721191406,-0.0005255516152828932,0.6905077695846558,196.3605194091797,0.75,127.36888885498047,,,0.2993009090423584,0.554270327091217,19.069591522216797,0.17565612494945526,0.75,2.0541481971740723,0.0,0.7803999781608582,0.75,302.0,UNKNOWN,-1.0,1.837499976158142,PASS,,2.0,0.0
1082,41.359901428222656,-0.0005283851060084999,0.6939346194267273,-146.95826721191406,-0.000512481143232435,0.6801493763923645,199.2017822265625,0.75,129.916259765625,,,0.29743435978889465,0.5518227219581604,19.024457931518555,0.17347770929336548,0.75,2.0590436458587646,0.0,0.7803999781608582,0.75,303.0,UNKNOWN,-1.0,-1.0,PASS,,2.0,0.0
1083,35.404205322265625,-0.0005283851060084999,0.6939346194267273,-146.95826721191406,-0.0005140118882991374,0.6811719536781311,199.8063507080078,0.75,132.51458740234375,,,0.29515621066093445,0.5495498180389404,19.024866104125977,0.17373283207416534,0.75,2.063589334487915,0.0,0.7803999781608582,0.75,304.0,UNKNOWN,-1.0,-1.0,PASS,,2.0,0.0
1084,33.19907188415527,-0.0005283851060084999,0.6939346194267273,-146.95826721191406,-0.0005129195051267743,0.6774264574050903,202.10984802246094,0.75,135.16488647460938,,,0.29356738924980164,0.5469622611999512,18.947324752807617,0.1735507696866989,0.75,2.0687644481658936,0.0,0.7803999781608582,0.75,305.0,UNKNOWN,-1.0,-1.0,PASS,,2.0,0.0
1085,38.259267807006836,-0.0005283851060084999,0.6939346194267273,-146.95826721191406,-0.000509957259055227,0.6723783612251282,204.48426818847656,0.75,137.86817932128906,,,0.2924230694770813,0.5447937250137329,18.86783790588379,0.17305706441402435,0.75,2.07310152053833,0.0,0.7803999781608582,0.75,306.0,UNKNOWN,-1.0,-1.0,PASS,,2.0,0.0
1086,37.7957820892334,-0.0005209814407862723,0.6825249195098877,-126.54865264892578,-0.0005117675173096359,0.6717468500137329,205.94992065429688,1.0,140.16766357421875,,,0.24224740266799927,0.49184781312942505,18.653038024902344,0.17212483286857605,1.0,1.9772146940231323,0.0,0.7803999781608582,1.0,307.0,UNKNOWN,-1.0,1.806249976158142,PASS,,2.0,0.0
1087,38.56849670410156,-0.0005209814407862723,0.6825249195098877,-126.54865264892578,-0.000501325645018369,0.6633167862892151,208.48097229003906,0.75,142.27708435058594,,,0.2402326464653015,0.4893139898777008,18.61281967163086,0.1703845113515854,0.75,1.9822824001312256,0.0,0.7803999781608582,0.75,308.0,UNKNOWN,-1.0,-1.0,PASS,,2.0,0.0
1088,33.99229049682617,-0.0005209814407862723,0.6825249195098877,-126.54865264892578,-0.0005016267532482743,0.6633294820785522,209.13328552246094,0.75,144.2052459716797,,,0.2384966015815735,0.4875163733959198,18.608051300048828,0.17043469846248627,0.75,1.9858776330947876,0.0,0.7803999781608582,0.75,309.0,UNKNOWN,-1.0,-1.0,PASS,,2.0,0.0
1089,50.919294357299805,-0.0005209814407862723,0.6825249195098877,-126.54865264892578,-0.0004880857886746526,0.6524249911308289,212.17269897460938,0.75,145.98097229003906,,,0.23656731843948364,0.48492252826690674,18.556575775146484,0.16817787289619446,0.75,1.9910653829574585,0.0,0.7803999781608582,0.75,310.0,UNKNOWN,-1.0,-1.0,PASS,,2.0,0.0
1090,40.92693328857422,-0.0005209814407862723,0.6825249195098877,-126.54865264892578,-0.0004868879041168839,0.6511737704277039,212.91102600097656,0.75,147.59994506835938,,,0.23546326160430908,0.4836643636226654,18.544641494750977,0.1679782271385193,0.75,1.9935816526412964,0.0,0.7803999781608582,0.75,311.0,UNKNOWN,-1.0,1.649999976158142,PASS,,2.0,0.0
1091,34.72399711608887,-0.0005209814407862723,0.6825249195098877,-126.54865264892578,-0.0004809501115232706,0.6471748948097229,214.0064697265625,0.75,149.07864379882812,,,0.23403215408325195,0.4822019338607788,18.54221534729004,0.16698859632015228,0.75,1.9965064525604248,0.0,0.7803999781608582,0.75,312.0,UNKNOWN,-1.0,1.649999976158142,PASS,,2.0,0.0
1092,39.41607475280762,-0.0005209814407862723,0.6825249195098877,-126.54865264892578,-0.0004773764521814883,0.6438760161399841,214.7576446533203,0.75,150.4093017578125,,,0.23437388241291046,0.4822280704975128,18.517778396606445,0.166392982006073,0.75,1.9964542388916016,0.0,0.7803999781608582,0.75,313.0,UNKNOWN,-1.0,1.649999976158142,PASS,,2.0,0.0
1093,39.4437313079834,-0.0005209814407862723,0.6825249195098877,-126.54865264892578,-0.0005013095797039568,0.6619622707366943,210.5734405517578,0.75,151.56997680664062,,,0.23618680238723755,0.4848216474056244,18.57823371887207,0.1703818440437317,0.75,1.9912670850753784,0.0,0.7803999781608582,0.75,314.0,UNKNOWN,-1.0,-1.0,PASS,,2.0,0.0
1094,51.96833610534668,-0.0005140826688148081,0.6751596331596375,-131.17405700683594,-0.0005042467382736504,0.6648783087730408,208.54739379882812,1.0,152.87110900878906,,,0.2603309452533722,0.5083526968955994,18.53075408935547,0.1697215735912323,1.0,2.0225958824157715,0.0,0.7803999781608582,1.0,315.0,UNKNOWN,-1.0,-1.0,PASS,,2.0,0.0
1095,40.599822998046875,-0.0005140826688148081,0.6751596331596375,-131.17405700683594,-0.0005137256812304258,0.677879273891449,203.19537353515625,0.75,153.96267700195312,,,0.2624613344669342,0.5127305388450623,18.704870223999023,0.17130139470100403,0.75,2.0138401985168457,0.0,0.7803999781608582,0.75,316.0,UNKNOWN,-1.0,1.4249999523162842,PASS,,2.0,0.0
1096,38.98024559020996,-0.0005140826688148081,0.6751596331596375,-131.17405700683594,-0.0005131433135829866,0.6827261447906494,198.18075561523438,0.75,154.80093383789062,,,0.26901131868362427,0.521012544631958,18.83917808532715,0.1712043285369873,0.75,1.9972761869430542,0.0,0.7803999781608582,0.75,317.0,UNKNOWN,-1.0,-1.0,PASS,,2.0,0.0
1097,45.79424858093262,-0.0005140826688148081,0.6751596331596375,-131.17405700683594,-0.0005429612356238067,0.7114014029502869,188.90585327148438,0.75,155.43280029296875,,,0.273298442363739,0.528292715549469,19.07151985168457,0.17617398500442505,0.75,1.9827158451080322,0.0,0.7803999781608582,0.75,318.0,UNKNOWN,-1.0,-1.0,PASS,,2.0,0.0
1098,61.27119064331055,-0.0005140826688148081,0.6751596331596375,-131.17405700683594,-0.0005521574057638645,0.7275651693344116,181.10980224609375,0.75,155.86770629882812,,,0.2773283123970032,0.5356471538543701,19.329986572265625,0.17770667374134064,0.75,1.96800696849823,0.0,0.7803999781608582,0.75,319.0,UNKNOWN,-1.0,-1.0,PASS,,2.0,0.0
1099,45.975446701049805,-0.0005496966186910868,0.7234964370727539,-156.4412078857422,-0.0005687340162694454,0.7496991753578186,172.25259399414062,1.0,156.63104248046875,,,0.30512362718582153,0.5751936435699463,20.246891021728516,0.18640510737895966,1.0,2.0193145275115967,0.0,0.7803999781608582,1.0,320.0,UNKNOWN,-1.0,1.2374999523162842,PASS,,2.0,0.0
1100,40.38238525390625,-0.0005690061952918768,0.7491883635520935,-162.79531860351562,-0.0005785248940810561,0.7622897624969482,166.2127227783203,1.0,157.1188507080078,,,0.30247271060943604,0.578683614730835,20.728187561035156,0.19125518202781677,1.0,1.9976242780685425,0.0,0.7803999781608582,1.0,321.0,UNKNOWN,-1.0,1.1875,PASS,,2.0,0.0
1101,36.40174865722656,-0.0005690061952918768,0.7491883635520935,-162.79531860351562,-0.0006071403040550649,0.7878139019012451,157.94439697265625,0.75,157.4323272705078,,,0.30806687474250793,0.5864151120185852,20.89606475830078,0.19602441787719727,0.75,1.9821611642837524,0.0,0.7803999781608582,0.75,322.0,UNKNOWN,-1.0,-1.0,PASS,,2.0,0.0
1102,41.79573059082031,-0.0006091595278121531,0.7915576696395874,-181.37571716308594,-0.0006282265530899167,0.8108704090118408,149.1526336669922,1.0,157.93399047851562,,,0.33138158917427063,0.6176825761795044,21.522367477416992,0.2062310129404068,1.0,2.0120315551757812,0.0,0.7803999781608582,1.0,323.0,UNKNOWN,-1.0,-1.0,PASS,,2.0,0.0
1103,52.43396759033203,-0.0006091595278121531,0.7915576696395874,-181.37571716308594,-0.0006450777873396873,0.8300513029098511,141.56358337402344,0.75,158.26046752929688,,,0.3360573351383209,0.6248974204063416,21.7228946685791,0.20903955399990082,0.75,1.997601866722107,0.0,0.7803999781608582,0.75,324.0,UNKNOWN,-1.0,-1.0,PASS,,2.0,0.0
1104,47.30415344238281,-0.0006091595278121531,0.7915576696395874,-181.37571716308594,-0.000668151827994734,0.8568407297134399,131.58596801757812,0.75,158.4134521484375,,,0.3403756320476532,0.6328386664390564,22.009506225585938,0.21288523077964783,0.75,1.9817193746566772,0.0,0.7803999781608582,0.75,325.0,UNKNOWN,-1.0,-1.0,PASS,,2.0,0.0
1105,38.58661651611328,-0.0006091595278121531,0.7915576696395874,-181.37571716308594,-0.0007007592939771712,0.8889997005462646,120.76183319091797,0.75,158.40020751953125,,,0.34599727392196655,0.6417832374572754,22.27289581298828,0.21831980347633362,0.75,1.9638302326202393,0.0,0.7803999781608582,0.75,326.0,UNKNOWN,-1.0,-1.0,PASS,,2.0,0.0
1106,40.84491729736328,-0.0006091595278121531,0.7915576696395874,-181.37571716308594,-0.0007183679845184088,0.9103878736495972,112.37098693847656,0.75,158.26165771484375,,,0.3501112163066864,0.6489223837852478,22.513113021850586,0.22125458717346191,0.75,1.9495519399642944,0.0,0.7803999781608582,0.75,327.0,UNKNOWN,-1.0,-1.0,PASS,,2.0,0.0
1107,32.866477966308594,-0.0006091595278121531,0.7915576696395874,-181.37571716308594,-0.0007340167067013681,0.9277675747871399,105.9311294555664,0.75,158.04214477539062,,,0.3533845543861389,0.6543723344802856,22.686208724975586,0.22386270761489868,0.75,1.9386520385742188,0.0,0.7803999781608582,0.75,328.0,UNKNOWN,-1.0,-1.0,PASS,,2.0,0.0
1108,36.066532135009766,-0.0006091595278121531,0.7915576696395874,-181.37571716308594,-0.0007594225462526083,0.9554462432861328,97.00988006591797,0.75,157.75433349609375,,,0.35499027371406555,0.6593306064605713,22.953248977661133,0.22809700667858124,0.75,1.9287354946136475,0.0,0.7803999781608582,0.75,329.0,UNKNOWN,-1.0,-1.0,PASS,,2.0,0.0
1109,38.68365287780762,-0.0006091595278121531,0.7915576696395874,-181.37571716308594,-0.0007359288865700364,0.9362735748291016,100.51563262939453,0.75,157.4739227294922,,,0.3572638928890228,0.6604687571525574,22.862747192382812,0.2241813987493515,0.75,1.9264591932296753,0.0,0.7803999781608582,0.75,330.0,UNKNOWN,-1.0,-1.0,PASS,,2.0,0.0
1110,46.65684700012207,-0.0006091595278121531,0.7915576696395874,-181.37571716308594,-0.0007622881093993783,0.9609230756759644,94.15394592285156,0.75,157.1890106201172,,,0.3568854033946991,0.6623191237449646,23.040456771850586,0.22857460379600525,0.75,1.9227584600448608,0.0,0.7803999781608582,0.75,331.0,UNKNOWN,-1.0,-1.0,PASS,,2.0,0.0
1111,34.76762771606445,-0.0006091595278121531,0.7915576696395874,-181.37571716308594,-0.000752707477658987,0.9519715309143066,95.89167022705078,0.75,156.91683959960938,,,0.35873302817344666,0.6633599996566772,22.976106643676758,0.22697784006595612,0.75,1.9206767082214355,0.0,0.7803999781608582,0.75,332.0,UNKNOWN,-1.0,-1.0,PASS,,2.0,0.0
1112,39.77227210998535,-0.0006091595278121531,0.7915576696395874,-181.37571716308594,-0.000745735305827111,0.9510425925254822,94.65546417236328,0.75,156.64768981933594,,,0.35848119854927063,0.6642203330993652,23.0648250579834,0.2258158028125763,0.75,1.9189560413360596,0.0,0.7803999781608582,0.75,333.0,UNKNOWN,-1.0,-1.0,PASS,,2.0,0.0
1113,37.703752517700195,-0.0006091595278121531,0.7915576696395874,-181.37571716308594,-0.0007719833520241082,0.9702696204185486,90.52096557617188,0.75,156.37644958496094,,,0.3601714074611664,0.6665077805519104,23.112491607666016,0.2301904857158661,0.75,1.9143811464309692,0.0,0.7803999781608582,0.75,334.0,UNKNOWN,-1.0,-1.0,PASS,,2.0,0.0
1114,40.5735969543457,-0.0006091595278121531,0.7915576696395874,-181.37571716308594,-0.0007602142286486924,0.9617165923118591,91.57897186279297,0.75,156.1082763671875,,,0.3616901934146881,0.6677795052528381,23.092771530151367,0.22822895646095276,0.75,1.9118376970291138,0.0,0.7803999781608582,0.75,335.0,UNKNOWN,-1.0,-1.0,PASS,,2.0,0.0
1115,32.846927642822266,-0.0006091595278121531,0.7915576696395874,-181.37571716308594,-0.0007806916837580502,0.9783833026885986,87.6543960571289,0.75,155.84275817871094,,,0.3623925447463989,0.6694531440734863,23.17031478881836,0.23164187371730804,0.75,1.9084904193878174,0.0,0.7803999781608582,0.75,336.0,UNKNOWN,-1.0,-1.0,PASS,,2.0,0.0
1116,51.174163818359375,-0.0006992872804403305,0.8873496651649475,-213.65847778320312,-0.0007850533584132791,0.9807625412940979,86.78870391845703,1.0,155.9070281982422,,,0.37624165415763855,0.6941205859184265,24.037105560302734,0.24739010632038116,1.0,1.9498380422592163,0.0,0.7803999781608582,1.0,337.0,UNKNOWN,-1.0,-1.0,PASS,,2.0,0.0
1117,43.3194637298584,-0.0006992872804403305,0.8873496651649475,-213.65847778320312,-0.0007886122330091894,0.984870970249176,85.41156005859375,0.75,155.95050048828125,,,0.37648701667785645,0.6948912143707275,24.0793399810791,0.24798324704170227,0.75,1.9482967853546143,0.0,0.7803999781608582,0.75,338.0,UNKNOWN,-1.0,-1.0,PASS,,2.0,0.0
1118,39.25824165344238,-0.0006992872804403305,0.8873496651649475,-213.65847778320312,-0.0007961553055793047,0.9907954931259155,83.57942962646484,0.75,155.95803833007812,,,0.3782612979412079,0.6969517469406128,24.102359771728516,0.2492404282093048,0.75,1.9441758394241333,0.0,0.7803999781608582,0.75,339.0,UNKNOWN,-1.0,-1.0,PASS,,2.0,0.0
1119,33.79392623901367,-0.0006992872804403305,0.8873496651649475,-213.65847778320312,-0.0007846042281016707,0.9845092296600342,83.71226501464844,0.75,155.93801879882812,,,0.3790445029735565,0.6981235146522522,24.133615493774414,0.24731525778770447,0.75,1.941832184791565,0.0,0.7803999781608582,0.75,340.0,UNKNOWN,-1.0,-1.0,PASS,,2.0,0.0
1120,41.49031639099121,-0.0006992872804403305,0.8873496651649475,-213.65847778320312,-0.0007829245296306908,0.987062394618988,81.85734558105469,0.75,155.8924102783203,,,0.3791605234146118,0.6993231773376465,24.2208251953125,0.24703529477119446,0.75,1.9394328594207764,0.0,0.7803999781608582,0.75,341.0,UNKNOWN,-1.0,-1.0,PASS,,2.0,0.0
1121,37.230491638183594,-0.0007433474529534578,0.9413966536521912,-228.6826629638672,-0.0007851661066524684,0.9912530183792114,79.30899810791016,1.0,155.74932861328125,,,0.3736526072025299,0.7019755840301514,24.879491806030273,0.2547522485256195,1.0,1.9311189651489258,0.0,0.7803999781608582,1.0,342.0,UNKNOWN,-1.0,-1.0,PASS,,2.0,0.0
1122,56.12301826477051,-0.0007433474529534578,0.9413966536521912,-228.6826629638672,-0.0007864420767873526,0.9969639778137207,75.66482543945312,0.75,155.5450897216797,,,0.3763483464717865,0.706088662147522,24.994251251220703,0.2549649178981781,0.75,1.922892689704895,0.0,0.7803999781608582,0.75,343.0,UNKNOWN,-1.0,-1.0,PASS,,2.0,0.0
1123,46.1580753326416,-0.0007433474529534578,0.9413966536521912,-228.6826629638672,-0.0008045643917284906,1.013054370880127,70.54818725585938,0.75,155.2869415283203,,,0.37977293133735657,0.7107241749763489,25.092382431030273,0.25798529386520386,0.75,1.9136216640472412,0.0,0.7803999781608582,0.75,344.0,UNKNOWN,-1.0,-1.0,PASS,,2.0,0.0
1124,40.65060615539551,-0.0007433474529534578,0.9413966536521912,-228.6826629638672,-0.000815191597212106,1.0229520797729492,67.017822265625,0.75,154.9944305419922,,,0.38262632489204407,0.7144200205802917,25.16069793701172,0.25975650548934937,0.75,1.9062299728393555,0.0,0.7803999781608582,0.75,345.0,UNKNOWN,-1.0,-1.0,PASS,,2.0,0.0
1125,38.78498077392578,-0.0007433474529534578,0.9413966536521912,-228.6826629638672,-0.000823710928671062,1.0348340272903442,61.9835090637207,0.75,154.65255737304688,,,0.3851584792137146,0.7187658548355103,25.30790138244629,0.2611764073371887,0.75,1.8975383043289185,0.0,0.7803999781608582,0.75,346.0,UNKNOWN,-1.0,-1.0,PASS,,2.0,0.0
1126,43.46776008605957,-0.0007433474529534578,0.9413966536521912,-228.6826629638672,-0.0008458337397314608,1.0555530786514282,55.70330810546875,0.75,154.27310180664062,,,0.38771718740463257,0.7231004238128662,25.45220947265625,0.264863520860672,0.75,1.888869285583496,0.0,0.7803999781608582,0.75,347.0,UNKNOWN,-1.0,-1.0,PASS,,2.0,0.0
1127,37.57286071777344,-0.0007433474529534578,0.9413966536521912,-228.6826629638672,-0.0008665011846460402,1.075002908706665,49.278831481933594,0.75,153.83963012695312,,,0.39163443446159363,0.7286978363990784,25.588899612426758,0.2683081030845642,0.75,1.8776744604110718,0.0,0.7803999781608582,0.75,348.0,UNKNOWN,-1.0,-1.0,PASS,,2.0,0.0
1128,48.87032508850098,-0.0007433474529534578,0.9413966536521912,-228.6826629638672,-0.0008847495191730559,1.092820405960083,43.54792785644531,0.75,153.37783813476562,,,0.3942358195781708,0.7329617738723755,25.724313735961914,0.2713494896888733,0.75,1.8691465854644775,0.0,0.7803999781608582,0.75,349.0,UNKNOWN,-1.0,-1.0,PASS,,2.0,0.0
1129,41.54610633850098,-0.0007433474529534578,0.9413966536521912,-228.6826629638672,-0.0008962242864072323,1.1069117784500122,37.75700759887695,0.75,152.86749267578125,,,0.3977895677089691,0.7383793592453003,25.87630844116211,0.2732619643211365,0.75,1.8583112955093384,0.0,0.7803999781608582,0.75,350.0,UNKNOWN,-1.0,-1.0,PASS,,2.0,0.0
1130,41.46122932434082,-0.0007433474529534578,0.9413966536521912,-228.6826629638672,-0.0009177452884614468,1.1262476444244385,32.05599594116211,0.75,152.34237670898438,,,0.400395929813385,0.7424567341804504,25.996402740478516,0.27684879302978516,0.75,1.8501566648483276,0.0,0.7803999781608582,0.75,351.0,UNKNOWN,-1.0,-1.0,PASS,,2.0,0.0
1131,35.5222225189209,-0.0007433474529534578,0.9413966536521912,-228.6826629638672,-0.0009204654488712549,1.1335396766662598,27.937559127807617,0.75,151.79127502441406,,,0.4031253755092621,0.7467429041862488,26.123632431030273,0.2773021459579468,0.75,1.8415842056274414,0.0,0.7803999781608582,0.75,352.0,UNKNOWN,-1.0,-1.0,PASS,,2.0,0.0
1132,40.59576988220215,-0.0007433474529534578,0.9413966536521912,-228.6826629638672,-0.0009280600352212787,1.140223741531372,25.611791610717773,0.75,151.25440979003906,,,0.40521368384361267,0.7493082284927368,26.162643432617188,0.278567910194397,0.75,1.8364535570144653,0.0,0.7803999781608582,0.75,353.0,UNKNOWN,-1.0,-1.0,PASS,,2.0,0.0
1133,38.898468017578125,-0.0007433474529534578,0.9413966536521912,-228.6826629638672,-0.0009229629067704082,1.1310685873031616,28.381942749023438,0.75,150.76747131347656,,,0.4076901376247406,0.7501445412635803,26.0285587310791,0.2777183949947357,0.75,1.8347809314727783,0.0,0.7803999781608582,0.75,354.0,UNKNOWN,-1.0,-1.0,PASS,,2.0,0.0
1134,51.80239677429199,-0.0007433474529534578,0.9413966536521912,-228.6826629638672,-0.0009410599595867097,1.1480108499526978,24.29218864440918,0.75,150.32066345214844,,,0.40667644143104553,0.7505560517311096,26.145063400268555,0.2807345688343048,0.75,1.8339579105377197,0.0,0.7803999781608582,0.75,355.0,UNKNOWN,-1.0,-1.0,PASS,,2.0,0.0
1135,34.21759605407715,-0.0007433474529534578,0.9413966536521912,-228.6826629638672,-0.0009286352433264256,1.1333956718444824,28.73061180114746,0.75,149.9455108642578,,,0.40727707743644714,0.7493340969085693,25.996095657348633,0.2786637842655182,0.75,1.8364018201828003,0.0,0.7803999781608582,0.75,356.0,UNKNOWN,-1.0,-1.0,PASS,,2.0,0.0
1136,38.67840766906738,-0.0007433474529534578,0.9413966536521912,-228.6826629638672,-0.000929759000428021,1.1336926221847534,28.980960845947266,0.75,149.61708068847656,,,0.4069153368473053,0.7488471269607544,25.985864639282227,0.27885106205940247,0.75,1.8373757600784302,0.0,0.7803999781608582,0.75,357.0,UNKNOWN,-1.0,-1.0,PASS,,2.0,0.0
1137,39.62826728820801,-0.0007433474529534578,0.9413966536521912,-228.6826629638672,-0.0009250814327970147,1.1265288591384888,31.644500732421875,0.75,149.34744262695312,,,0.40683868527412415,0.7476105093955994,25.891162872314453,0.27807149291038513,0.75,1.8398489952087402,0.0,0.7803999781608582,0.75,358.0,UNKNOWN,-1.0,-1.0,PASS,,2.0,0.0
1138,60.15372276306152,-0.0007433474529534578,0.9413966536521912,-228.6826629638672,-0.000914485368411988,1.117251992225647,33.898590087890625,0.75,149.1153564453125,,,0.4068237841129303,0.7469392418861389,25.83760643005371,0.2763054668903351,0.75,1.8411916494369507,0.0,0.7803999781608582,0.75,359.0,UNKNOWN,-1.0,-1.0,PASS,,2.0,0.0
1139,48.10166358947754,-0.0007433474529534578,0.9413966536521912,-228.6826629638672,-0.0008970528142526746,1.1040384769439697,36.85428237915039,0.75,148.9269561767578,,,0.4057614207267761,0.7453787922859192,25.79698371887207,0.27340003848075867,0.75,1.8443124294281006,0.0,0.7803999781608582,0.75,360.0,UNKNOWN,-1.0,-1.0,PASS,,2.0,0.0
1140,44.510602951049805,-0.0007433474529534578,0.9413966536521912,-228.6826629638672,-0.0009196909377351403,1.1184500455856323,35.35454177856445,0.75,148.7903289794922,,,0.4045476019382477,0.7440295815467834,25.785945892333984,0.27717307209968567,0.75,1.847010850906372,0.0,0.7803999781608582,0.75,361.0,UNKNOWN,-1.0,-1.0,PASS,,2.0,0.0
1141,36.4224910736084,-0.0007433474529534578,0.9413966536521912,-228.6826629638672,-0.0008947653695940971,1.0982879400253296,39.95171356201172,0.75,148.69020080566406,,,0.4039599895477295,0.74236661195755,25.698293685913086,0.27301880717277527,0.75,1.8503369092941284,0.0,0.7803999781608582,0.75,362.0,UNKNOWN,-1.0,-1.0,PASS,,2.0,0.0
1142,39.51883316040039,-0.0007433474529534578,0.9413966536521912,-228.6826629638672,-0.0008686725050210953,1.075117826461792,45.71470642089844,0.75,148.6300811767578,,,0.40382087230682373,0.7405082583427429,25.55829620361328,0.268669992685318,0.75,1.8540536165237427,0.0,0.7803999781608582,0.75,363.0,UNKNOWN,-1.0,-1.0,PASS,,2.0,0.0
1143,32.98640251159668,-0.0007975145126692951,1.0022331476211548,-265.9736022949219,-0.0008601770387031138,1.0690938234329224,47.24924087524414,1.0,149.57594299316406,,,0.4581461548805237,0.8018811941146851,26.133237838745117,0.2762819230556488,1.0,1.9831719398498535,0.0,0.7803999781608582,1.0,364.0,UNKNOWN,-1.0,-1.0,PASS,,2.0,0.0
1144,36.583900451660156,-0.0007975145126692951,1.0022331476211548,-265.9736022949219,-0.0008465095306746662,1.0532145500183105,52.032466888427734,0.75,150.4566192626953,,,0.458787202835083,0.8005724549293518,25.973896026611328,0.2740040123462677,0.75,1.98578941822052,0.0,0.7803999781608582,0.75,365.0,UNKNOWN,-1.0,-1.0,PASS,,2.0,0.0
1145,36.46540641784668,-0.0007975145126692951,1.0022331476211548,-265.9736022949219,-0.0008479682728648186,1.0529199838638306,53.07550048828125,0.75,151.28280639648438,,,0.45725736021995544,0.7986869812011719,25.94485855102539,0.2742471396923065,0.75,1.9895603656768799,0.0,0.7803999781608582,0.75,366.0,UNKNOWN,-1.0,-1.0,PASS,,2.0,0.0
1146,57.02543258666992,-0.0007975145126692951,1.0022331476211548,-265.9736022949219,-0.0008418603683821857,1.0439351797103882,56.17789077758789,0.75,152.0499725341797,,,0.4576915502548218,0.797709584236145,25.829660415649414,0.2732291519641876,0.75,1.9915151596069336,0.0,0.7803999781608582,0.75,367.0,UNKNOWN,-1.0,-1.0,PASS,,2.0,0.0
1147,48.207998275756836,-0.0007975145126692951,1.0022331476211548,-265.9736022949219,-0.0008272563572973013,1.0292619466781616,60.220375061035156,0.75,152.76406860351562,,,0.45790407061576843,0.7964774370193481,25.71187973022461,0.27079513669013977,0.75,1.993979573249817,0.0,0.7803999781608582,0.75,368.0,UNKNOWN,-1.0,-1.0,PASS,,2.0,0.0
1148,46.486616134643555,-0.0007975145126692951,1.0022331476211548,-265.9736022949219,-0.0008333862642757595,1.0311360359191895,60.953582763671875,0.75,153.43206787109375,,,0.4574238061904907,0.7953811883926392,25.661697387695312,0.27181679010391235,0.75,1.9961719512939453,0.0,0.7803999781608582,0.75,369.0,UNKNOWN,-1.0,-1.0,PASS,,2.0,0.0
1149,39.459943771362305,-0.0007975145126692951,1.0022331476211548,-265.9736022949219,-0.0008087973110377789,1.0126776695251465,65.02364349365234,0.75,154.06033325195312,,,0.45593637228012085,0.7932393550872803,25.6084041595459,0.267718642950058,0.75,2.000455617904663,0.0,0.7803999781608582,0.75,370.0,UNKNOWN,-1.0,-1.0,PASS,,2.0,0.0
1150,41.24903678894043,-0.0007975145126692951,1.0022331476211548,-265.9736022949219,-0.0008055057842284441,1.0099596977233887,65.97622680664062,0.75,154.6442413330078,,,0.4549121558666229,0.792056679725647,25.595508575439453,0.2671700417995453,0.75,2.0028209686279297,0.0,0.7803999781608582,0.75,371.0,UNKNOWN,-1.0,-1.0,PASS,,2.0,0.0
1151,33.09488296508789,-0.0007975145126692951,1.0022331476211548,-265.9736022949219,-0.000789750658441335,0.9945180416107178,70.29317474365234,0.75,155.2005157470703,,,0.4546576738357544,0.7903457283973694,25.47699737548828,0.26454418897628784,0.75,2.0062429904937744,0.0,0.7803999781608582,0.75,372.0,UNKNOWN,-1.0,-1.0,PASS,,2.0,0.0
1152,36.85164451599121,-0.0007975145126692951,1.0022331476211548,-265.9736022949219,-0.0007786720525473356,0.9873773455619812,72.00518035888672,0.75,155.72975158691406,,,0.45245879888534546,0.7881883382797241,25.48037338256836,0.2626977562904358,0.75,2.0105576515197754,0.0,0.7803999781608582,0.75,373.0,UNKNOWN,-1.0,-1.0,PASS,,2.0,0.0
1153,39.09921646118164,-0.0007975145126692951,1.0022331476211548,-265.9736022949219,-0.0007825387292541564,0.9865542054176331,73.39049530029297,0.75,156.22833251953125,,,0.4526226222515106,0.7873850464820862,25.401742935180664,0.2633422017097473,0.75,2.012164354324341,0.0,0.7803999781608582,0.75,374.0,UNKNOWN,-1.0,-1.0,PASS,,2.0,0.0
1154,51.815032958984375,-0.0007975145126692951,1.0022331476211548,-265.9736022949219,-0.0007746594492346048,0.9776260256767273,76.17594146728516,0.75,156.6996307373047,,,0.4525635242462158,0.7862471342086792,25.3140926361084,0.2620289921760559,0.75,2.0144400596618652,0.0,0.7803999781608582,0.75,375.0,UNKNOWN,-1.0,-1.0,PASS,,2.0,0.0
1155,40.94696044921875,-0.0007975145126692951,1.0022331476211548,-265.9736022949219,-0.000783693278208375,0.9829667806625366,75.93671417236328,0.75,157.1467742919922,,,0.4516637921333313,0.7851744294166565,25.300046920776367,0.26353463530540466,0.75,2.016585350036621,0.0,0.7803999781608582,0.75,376.0,UNKNOWN,-1.0,-1.0,PASS,,2.0,0.0
1156,39.60895538330078,-0.0007975145126692951,1.0022331476211548,-265.9736022949219,-0.0007596096838824451,0.9609323740005493,81.6412353515625,0.75,157.5831298828125,,,0.45144182443618774,0.7831624150276184,25.154766082763672,0.2595207095146179,0.75,2.0206096172332764,0.0,0.7803999781608582,0.75,377.0,UNKNOWN,-1.0,-1.0,PASS,,2.0,0.0
1157,36.5447998046875,-0.0007975145126692951,1.0022331476211548,-265.9736022949219,-0.000759833725169301,0.957754373550415,83.7480239868164,0.75,158.01498413085938,,,0.4504259526729584,0.7811833024024963,25.076663970947266,0.2595580518245697,0.75,2.0245676040649414,0.0,0.7803999781608582,0.75,378.0,UNKNOWN,-1.0,-1.0,PASS,,2.0,0.0
1158,40.955305099487305,-0.0007975145126692951,1.0022331476211548,-265.9736022949219,-0.0007562123937532306,0.9523650407791138,86.1449203491211,0.75,158.44320678710938,,,0.4491293132305145,0.7790138125419617,25.005931854248047,0.2589544951915741,0.75,2.0289065837860107,0.0,0.7803999781608582,0.75,379.0,UNKNOWN,-1.0,-1.0,PASS,,2.0,0.0
1159,33.07604789733887,-0.0007975145126692951,1.0022331476211548,-265.9736022949219,-0.0007417408050969243,0.9398718476295471,88.95745086669922,0.75,158.83364868164062,,,0.4496416449546814,0.7786608934402466,24.935853958129883,0.2565425634384155,0.75,2.0296125411987305,0.0,0.7803999781608582,0.75,380.0,UNKNOWN,-1.0,-1.0,PASS,,2.0,0.0
1160,39.0470027923584,-0.0007975145126692951,1.0022331476211548,-265.9736022949219,-0.0007360833114944398,0.9327793717384338,91.71183013916016,0.75,159.22454833984375,,,0.4484468102455139,0.7764840126037598,24.856369018554688,0.25559964776039124,0.75,2.033966302871704,0.0,0.7803999781608582,0.75,381.0,UNKNOWN,-1.0,-1.0,PASS,,2.0,0.0
1161,36.951541900634766,-0.0007975145126692951,1.0022331476211548,-265.9736022949219,-0.0007221752894110978,0.9186194539070129,95.5799331665039,0.75,159.5962371826172,,,0.4489285945892334,0.7755021452903748,24.737995147705078,0.2532816231250763,0.75,2.0359299182891846,0.0,0.7803999781608582,0.75,382.0,UNKNOWN,-1.0,-1.0,PASS,,2.0,0.0
1162,52.03580856323242,-0.0007975145126692951,1.0022331476211548,-265.9736022949219,-0.0007189117604866624,0.9139018654823303,97.93527221679688,0.75,159.9784698486328,,,0.44695544242858887,0.77277672290802,24.67719841003418,0.25273770093917847,0.75,2.0413808822631836,0.0,0.7803999781608582,0.75,383.0,UNKNOWN,-1.0,-1.0,PASS,,2.0,0.0
1163,40.047407150268555,-0.0007975145126692951,1.0022331476211548,-265.9736022949219,-0.0007176584331318736,0.9127496480941772,98.78935241699219,0.75,160.35089111328125,,,0.4452824890613556,0.7710077166557312,24.6694393157959,0.2525288164615631,0.75,2.044919013977051,0.0,0.7803999781608582,0.75,384.0,UNKNOWN,-1.0,-1.0,PASS,,2.0,0.0
1164,40.66896438598633,-0.0007975145126692951,1.0022331476211548,-265.9736022949219,-0.0007170415483415127,0.90821373462677,101.23892211914062,0.75,160.7221221923828,,,0.44479286670684814,0.7693073153495789,24.571651458740234,0.25242599844932556,0.75,2.0483198165893555,0.0,0.7803999781608582,0.75,385.0,UNKNOWN,-1.0,-1.0,PASS,,2.0,0.0
1165,40.48013687133789,-0.0007975145126692951,1.0022331476211548,-265.9736022949219,-0.000721418356988579,0.9094266891479492,101.96183013916016,0.75,161.08154296875,,,0.44406676292419434,0.7680922150611877,24.532182693481445,0.2531554698944092,0.75,2.0507500171661377,0.0,0.7803999781608582,0.75,386.0,UNKNOWN,-1.0,-1.0,PASS,,2.0,0.0
1166,43.909311294555664,-0.0007975145126692951,1.0022331476211548,-265.9736022949219,-0.000721418356988579,0.9094266891479492,101.96183013916016,0.5,161.40501403808594,,,0.44406676292419434,0.7680922150611877,24.532182693481445,0.2531554698944092,0.5,2.0507500171661377,0.0,0.7803999781608582,0.5,387.0,UNKNOWN,-1.0,-1.0,PASS,,2.0,0.0
1167,47.356367111206055,-0.0007975145126692951,1.0022331476211548,-265.9736022949219,-0.0007027225219644606,0.8919798731803894,106.97503662109375,0.75,161.744140625,,,0.4427189230918884,0.7652284502983093,24.40990447998047,0.2500395178794861,0.75,2.0564773082733154,0.0,0.7803999781608582,0.75,388.0,UNKNOWN,-1.0,-1.0,PASS,,2.0,0.0
1168,43.70307922363281,-0.0007975145126692951,1.0022331476211548,-265.9736022949219,-0.000702374498359859,0.8910096883773804,107.93342590332031,0.75,162.07955932617188,,,0.4411439299583435,0.7634350061416626,24.392292022705078,0.24998150765895844,0.75,2.0600643157958984,0.0,0.7803999781608582,0.75,389.0,UNKNOWN,-1.0,-1.0,PASS,,2.0,0.0
1169,39.685964584350586,-0.0007975145126692951,1.0022331476211548,-265.9736022949219,-0.0006997223827056587,0.8863428831100464,110.06856536865234,0.75,162.41500854492188,,,0.4402317404747009,0.7616605758666992,24.322803497314453,0.24953947961330414,0.75,2.063613176345825,0.0,0.7803999781608582,0.75,390.0,UNKNOWN,-1.0,-1.0,PASS,,2.0,0.0
1170,42.424917221069336,-0.0007975145126692951,1.0022331476211548,-265.9736022949219,-0.0006814097869209945,0.8729580640792847,112.98004150390625,0.75,162.73829650878906,,,0.438912570476532,0.7599449157714844,24.290861129760742,0.24648737907409668,0.75,2.067044496536255,0.0,0.7803999781608582,0.75,391.0,UNKNOWN,-1.0,-1.0,PASS,,2.0,0.0
1171,37.38093376159668,-0.0007975145126692951,1.0022331476211548,-265.9736022949219,-0.0006844320450909436,0.8744264841079712,113.31974029541016,0.75,163.0511016845703,,,0.4378696084022522,0.7587485909461975,24.278507232666016,0.2469910979270935,0.75,2.069437265396118,0.0,0.7803999781608582,0.75,392.0,UNKNOWN,-1.0,-1.0,PASS,,2.0,0.0
1172,46.85616493225098,-0.0007975145126692951,1.0022331476211548,-265.9736022949219,-0.0006912156823091209,0.8745568990707397,115.32018280029297,0.75,163.38088989257812,,,0.4369456171989441,0.7565431594848633,24.175336837768555,0.2481216937303543,0.75,2.073848009109497,0.0,0.7803999781608582,0.75,393.0,UNKNOWN,-1.0,-1.0,PASS,,2.0,0.0
1173,39.475440979003906,-0.0007975145126692951,1.0022331476211548,-265.9736022949219,-0.0006827705656178296,0.8671736121177673,117.27859497070312,0.75,163.69415283203125,,,0.4364534914493561,0.7555086016654968,24.131694793701172,0.24671417474746704,0.75,2.0759172439575195,0.0,0.7803999781608582,0.75,394.0,UNKNOWN,-1.0,-1.0,PASS,,2.0,0.0
1174,41.41879081726074,-0.0007975145126692951,1.0022331476211548,-265.9736022949219,-0.0006728640291839838,0.858390748500824,120.12438201904297,0.75,164.01947021484375,,,0.43442919850349426,0.7528111338615417,24.077550888061523,0.24506309628486633,0.75,2.0813119411468506,0.0,0.7803999781608582,0.75,395.0,UNKNOWN,-1.0,-1.0,PASS,,2.0,0.0
1175,32.92036056518555,-0.0007975145126692951,1.0022331476211548,-265.9736022949219,-0.0006624798406846821,0.8498783707618713,122.35102081298828,0.75,164.33453369140625,,,0.4334516227245331,0.7513333559036255,24.037330627441406,0.2433323860168457,0.75,2.0842676162719727,0.0,0.7803999781608582,0.75,396.0,UNKNOWN,-1.0,-1.0,PASS,,2.0,0.0
1176,36.44728660583496,-0.0007975145126692951,1.0022331476211548,-265.9736022949219,-0.0006589490221813321,0.8479722142219543,123.08206176757812,0.75,164.64320373535156,,,0.4315946102142334,0.7495998740196228,24.047264099121094,0.24274392426013947,0.75,2.0877346992492676,0.0,0.7803999781608582,0.75,397.0,UNKNOWN,-1.0,-1.0,PASS,,2.0,0.0
1177,36.6976261138916,-0.0007975145126692951,1.0022331476211548,-265.9736022949219,-0.0006569063407368958,0.8446948528289795,124.68463897705078,0.75,164.950927734375,,,0.43050873279571533,0.7479389309883118,24.001039505004883,0.24240347743034363,0.75,2.0910563468933105,0.0,0.7803999781608582,0.75,398.0,UNKNOWN,-1.0,-1.0,PASS,,2.0,0.0
1178,50.348520278930664,-0.0007975145126692951,1.0022331476211548,-265.9736022949219,-0.0006568043609149754,0.8432381749153137,125.88481140136719,0.75,165.25868225097656,,,0.429191917181015,0.7462086081504822,23.96780776977539,0.24238647520542145,0.75,2.094517230987549,0.0,0.7803999781608582,0.75,399.0,UNKNOWN,-1.0,-1.0,PASS,,2.0,0.0
1179,2634.8774433135986,-0.0007975145126692951,1.0022331476211548,-265.9736022949219,-0.0006426876061595976,0.8301827907562256,129.64947509765625,0.75,165.5731964111328,,,0.4280591905117035,0.7439516186714172,23.877511978149414,0.24003368616104126,0.75,2.0990312099456787,0.0,0.7803999781608582,0.75,400.0,UNKNOWN,-1.0,-1.0,PASS,,2.0,0.0
