frame,latency_ms,vote_d,vote_psi,vote_kappa,vote_width,conf,vote_sep,vote_mag,vote_bal,left_ok,right_ok,vote_mode,solve_ms,cte_rear_m,cte_near_m,theta_deg,curvature,conf_eff,lane_width_m,flags,d_near_m,conf_raw,seq,stop_line_dist,crosswalk_dist,judgment_state,cmd_speed,cmd_steer
5,56.12635612487793,-0.10101224482059479,-0.009502213448286057,0.0,3.4800000190734863,0.5108219981193542,0.9999992847442627,0.6870662569999695,0.48696625232696533,1.0,1.0,1.0,0.9207580089569092,-0.10101224482059479,-0.10910159349441528,-0.5444367527961731,0.0,0.5108219981193542,3.4800000190734863,0.0,0.8512864112854004,0.5108219981193542,6.0,1.9783965349197388,-1.0,PASS,2.0,0.0
6,60.4095458984375,-0.10220412909984589,-0.010193565860390663,0.0,3.4800000190734863,0.5110388994216919,0.9999992847442627,0.6866211891174316,0.4885618984699249,1.0,1.0,1.0,0.8965629935264587,-0.10220412909984589,-0.11088207364082336,-0.584048330783844,0.0,0.5110388994216919,3.4800000190734863,0.0,0.8512864112854004,0.5110388994216919,7.0,1.9781928062438965,-1.0,PASS,2.0,0.0
7,55.51505088806152,-0.10116225481033325,-0.009332943707704544,0.0,3.4800000190734863,0.5111269354820251,0.9999992847442627,0.6878776550292969,0.48609891533851624,1.0,1.0,1.0,0.8486440181732178,-0.10116225481033325,-0.10910749435424805,-0.534738302230835,0.0,0.5111269354820251,3.4800000190734863,0.0,0.8512864112854004,0.5111269354820251,8.0,1.9783965349197388,-1.0,PASS,2.0,0.0
8,55.24802207946777,-0.10186751186847687,-0.009091704152524471,0.0,3.4800000190734863,0.5114704370498657,0.9999992847442627,0.6888657212257385,0.4849646985530853,1.0,1.0,1.0,0.9493399858474731,-0.10186751186847687,-0.10960736870765686,-0.5209162831306458,0.0,0.5114704370498657,3.4800000190734863,0.0,0.8512864112854004,0.5114704370498657,9.0,1.9783965349197388,-1.0,PASS,2.0,0.0
9,31.93950653076172,-0.10174253582954407,-0.009117132984101772,0.0,3.4800000190734863,0.5114324688911438,0.9999992847442627,0.6887754201889038,0.4850490987300873,1.0,1.0,1.0,0.7345029711723328,-0.10174253582954407,-0.10950404405593872,-0.5223732590675354,0.0,0.5114324688911438,3.4800000190734863,0.0,0.8512864112854004,0.5114324688911438,10.0,1.9783965349197388,-1.0,PASS,2.0,0.0
10,26.13687515258789,-0.10138900578022003,-0.009336095303297043,0.0,3.4800000190734863,0.5120957493782043,0.9999992847442627,0.6904100775718689,0.48345449566841125,1.0,1.0,1.0,0.7461339831352234,-0.10138900578022003,-0.10933692753314972,-0.5349188446998596,0.0,0.5120957493782043,3.4800000190734863,0.0,0.8512864112854004,0.5120957493782043,11.0,1.978804111480713,-1.0,PASS,2.0,0.0
11,25.42853355407715,-0.10102331638336182,-0.009533152915537357,0.0,3.4800000190734863,0.5118408799171448,0.9999992847442627,0.6897552609443665,0.48412370681762695,1.0,1.0,1.0,0.732587993144989,-0.10102331638336182,-0.10913900285959244,-0.546209454536438,0.0,0.5118408799171448,3.4800000190734863,0.0,0.8512864112854004,0.5118408799171448,12.0,1.9783965349197388,-1.0,PASS,2.0,0.0
12,24.593591690063477,-0.10076504945755005,-0.009945301339030266,0.0,3.4800000190734863,0.510575532913208,0.9999992847442627,0.68649822473526,0.487478643655777,1.0,1.0,1.0,0.7281699776649475,-0.10076504945755005,-0.1092316284775734,-0.5698238015174866,0.0,0.510575532913208,3.4800000190734863,0.0,0.8512864112854004,0.510575532913208,13.0,1.9779889583587646,-1.0,PASS,2.0,0.0
13,28.890609741210938,-0.10086598992347717,-0.01115910243242979,0.0,3.4800000190734863,0.5088365077972412,0.9999992847442627,0.6819564700126648,0.4922849237918854,1.0,1.0,1.0,0.7428079843521118,-0.10086598992347717,-0.11036597937345505,-0.6393694877624512,0.0,0.5088365077972412,3.4800000190734863,0.0,0.8512864112854004,0.5088365077972412,14.0,1.9781928062438965,-1.0,PASS,2.0,0.0
14,27.194976806640625,-0.09981571137905121,-0.012344402261078358,0.0,3.4800000190734863,0.5065483450889587,0.9999992251396179,0.6761738061904907,0.4982790946960449,1.0,1.0,1.0,0.7285810112953186,-0.09981571137905121,-0.11032486706972122,-0.7072821259498596,0.0,0.5065483450889587,3.4800000190734863,0.0,0.8512864112854004,0.5065483450889587,15.0,1.9781928062438965,-1.0,PASS,2.0,0.0
15,27.469873428344727,-0.1009029671549797,-0.011956997215747833,0.0,3.4800000190734863,0.5090087056159973,0.9999992847442627,0.6824094653129578,0.4917990267276764,1.0,1.0,0.0,3.5498828887939453,-0.1009029671549797,-0.1110822781920433,-0.6850854754447937,0.0,0.5090087056159973,3.4800000190734863,0.0,0.8512864112854004,0.5090087056159973,16.0,1.9783965349197388,-1.0,PASS,2.0,0.0
16,26.928424835205078,-0.10179771482944489,-0.011018765158951283,0.0,3.4800000190734863,0.5084959864616394,0.9999992847442627,0.68135666847229,0.4925990402698517,1.0,1.0,1.0,0.7335000038146973,-0.10179771482944489,-0.11117821931838989,-0.6313287615776062,0.0,0.5084959864616394,3.4800000190734863,0.0,0.8512864112854004,0.5084959864616394,17.0,1.978600263595581,-1.0,PASS,2.0,0.0
17,24.860382080078125,-0.10158500075340271,-0.011383253149688244,0.0,3.4800000190734863,0.5090767741203308,0.9999992847442627,0.6825368404388428,0.4917199909687042,1.0,1.0,1.0,0.7629950046539307,-0.10158500075340271,-0.11127582937479019,-0.652212381362915,0.0,0.5090767741203308,3.4800000190734863,0.0,0.8512864112854004,0.5090767741203308,18.0,1.9783965349197388,-1.0,PASS,2.0,0.0
18,25.0546932220459,-0.10076625645160675,-0.011743757873773575,0.0,3.4800000190734863,0.5084345936775208,0.9999992847442627,0.6807920336723328,0.49365663528442383,1.0,1.0,1.0,0.7566530108451843,-0.10076625645160675,-0.1107640191912651,-0.6728677749633789,0.0,0.5084345936775208,3.4800000190734863,0.0,0.8512864112854004,0.5084345936775208,19.0,1.9781928062438965,-1.0,PASS,2.0,0.0
19,26.288747787475586,-0.10135671496391296,-0.011562127619981766,0.0,3.4800000190734863,0.5095853209495544,0.9999992847442627,0.683874785900116,0.49028879404067993,1.0,1.0,1.0,0.7468550205230713,-0.10135671496391296,-0.11119983345270157,-0.6624611020088196,0.0,0.5095853209495544,3.4800000190734863,0.0,0.8512864112854004,0.5095853209495544,20.0,1.9783965349197388,-1.0,PASS,2.0,0.0
20,25.102853775024414,-0.10099857300519943,-0.0118921073153615,0.0,3.4800000190734863,0.5083212852478027,0.9999992847442627,0.6805834174156189,0.49378153681755066,1.0,1.0,1.0,0.7282199859619141,-0.10099857300519943,-0.11112263798713684,-0.6813675761222839,0.0,0.5083212852478027,3.4800000190734863,0.0,0.8512864112854004,0.5083212852478027,21.0,1.9781928062438965,-1.0,PASS,2.0,0.0
21,27.107715606689453,-0.10149680823087692,-0.011607742868363857,0.0,3.4800000190734863,0.5088925361633301,0.9999992847442627,0.6820020079612732,0.49234962463378906,1.0,1.0,1.0,0.7448819875717163,-0.10149680823087692,-0.11137876659631729,-0.6650746464729309,0.0,0.5088925361633301,3.4800000190734863,0.0,0.8512864112854004,0.5088925361633301,22.0,1.9781928062438965,-1.0,PASS,2.0,0.0
22,29.941320419311523,-0.10064896941184998,-0.010638889856636524,0.0,3.4800000190734863,0.5098335146903992,0.9999992847442627,0.68458092212677,0.4894768297672272,1.0,1.0,1.0,0.7302640080451965,-0.10064896941184998,-0.10970605164766312,-0.6095634698867798,0.0,0.5098335146903992,3.4800000190734863,0.0,0.8512864112854004,0.5098335146903992,23.0,1.9781928062438965,-1.0,PASS,2.0,0.0
23,31.332015991210938,-0.1007920503616333,-0.010207251645624638,0.0,3.4800000190734863,0.5105929970741272,0.9999992847442627,0.6864675283432007,0.48759615421295166,1.0,1.0,1.0,0.7698180079460144,-0.1007920503616333,-0.10948164761066437,-0.5848324298858643,0.0,0.5105929970741272,3.4800000190734863,0.0,0.8512864112854004,0.5105929970741272,24.0,1.9781928062438965,-1.0,PASS,2.0,0.0
24,32.47690200805664,-0.08314510434865952,-0.013592328876256943,0.0,3.4800000190734863,0.5086677670478821,0.9999992847442627,0.6814218163490295,0.4929605722427368,1.0,1.0,1.0,0.7416149973869324,-0.08314510434865952,-0.09471677988767624,-0.7787830829620361,0.0,0.5086677670478821,3.4800000190734863,0.0,0.8512864112854004,0.5086677670478821,25.0,1.9485679864883423,-1.0,PASS,2.0,0.0
25,35.19153594970703,-0.0814623162150383,-0.015016976743936539,0.0,3.4800000190734863,0.5071712136268616,0.9999992251396179,0.6774572730064392,0.49727940559387207,1.0,1.0,1.0,0.7435089945793152,-0.0814623162150383,-0.09424702823162079,-0.8604093790054321,0.0,0.5071712136268616,3.4800000190734863,0.0,0.8512864112854004,0.5071712136268616,26.0,1.9781928062438965,-1.0,PASS,2.0,0.0
26,34.847259521484375,-0.1008898913860321,-0.012802510522305965,0.0,3.4800000190734863,0.5089737176895142,0.9999992847442627,0.6823634505271912,0.49179714918136597,1.0,1.0,1.0,0.7550809979438782,-0.1008898913860321,-0.11178909242153168,-0.733529806137085,0.0,0.5089737176895142,3.4800000190734863,0.0,0.8512864112854004,0.5089737176895142,27.0,1.9783965349197388,-1.0,PASS,2.0,0.0
27,36.19813919067383,-0.10071408748626709,-0.012396538630127907,0.0,3.4800000190734863,0.5086401700973511,0.9999992847442627,0.6814825534820557,0.4927465319633484,1.0,1.0,1.0,0.7405340075492859,-0.10071408748626709,-0.11126763373613358,-0.7102693319320679,0.0,0.5086401700973511,3.4800000190734863,0.0,0.8512864112854004,0.5086401700973511,28.0,1.9783965349197388,-1.0,PASS,2.0,0.0
28,39.17193412780762,-0.10095089673995972,-0.01189716998487711,0.0,3.4800000190734863,0.5090042352676392,0.9999992847442627,0.6824540495872498,0.4916885495185852,1.0,1.0,1.0,0.7533270120620728,-0.10095089673995972,-0.11107927560806274,-0.681657612323761,0.0,0.5090042352676392,3.4800000190734863,0.0,0.8512864112854004,0.5090042352676392,29.0,1.9783965349197388,-1.0,PASS,2.0,0.0
29,40.91310501098633,-0.10143953561782837,-0.010070586577057838,0.0,3.4800000190734863,0.5113223195075989,0.9999992847442627,0.6884875893592834,0.48534998297691345,1.0,1.0,1.0,0.7330790162086487,-0.10143953561782837,-0.11001277714967728,-0.5770021080970764,0.0,0.5113223195075989,3.4800000190734863,0.0,0.8512864112854004,0.5113223195075989,30.0,1.9783965349197388,-1.0,PASS,2.0,0.0
30,42.57082939147949,-0.10191328823566437,-0.011374315246939659,0.0,3.4800000190734863,0.5092912316322327,0.9999992847442627,0.6832656264305115,0.4907567501068115,1.0,1.0,0.0,1.8361949920654297,-0.10191328823566437,-0.1115965023636818,-0.6517002582550049,0.0,0.5092912316322327,3.4800000190734863,0.0,0.8512864112854004,0.5092912316322327,31.0,1.9781928062438965,-1.0,PASS,2.0,0.0
31,44.553518295288086,-0.1004531979560852,-0.01049757655709982,0.0,3.4800000190734863,0.5099729299545288,0.9999992847442627,0.6848484873771667,0.48930200934410095,1.0,1.0,1.0,0.7353839874267578,-0.1004531979560852,-0.10938996821641922,-0.6014668345451355,0.0,0.5099729299545288,3.4800000190734863,0.0,0.8512864112854004,0.5099729299545288,32.0,1.9783965349197388,-1.0,PASS,2.0,0.0
32,44.11482810974121,-0.10055660456418991,-0.011859554797410965,0.0,3.4800000190734863,0.5086628794670105,0.9999992847442627,0.6814160346984863,0.49295902252197266,1.0,1.0,1.0,0.736395001411438,-0.10055660456418991,-0.11065295338630676,-0.6795024275779724,0.0,0.5086628794670105,3.4800000190734863,0.0,0.8512864112854004,0.5086628794670105,33.0,1.9783965349197388,-1.0,PASS,2.0,0.0
33,24.703025817871094,-0.09973855316638947,-0.012546905316412449,0.0,3.4800000190734863,0.5075026154518127,0.9999992251396179,0.6783332228660583,0.49632298946380615,1.0,1.0,1.0,0.7745770215988159,-0.09973855316638947,-0.1104201227426529,-0.7188847064971924,0.0,0.5075026154518127,3.4800000190734863,0.0,0.8512864112854004,0.5075026154518127,34.0,1.9781928062438965,-1.0,PASS,2.0,0.0
34,25.592803955078125,-0.10112456977367401,-0.01198624912649393,0.0,3.4800000190734863,0.5090512037277222,0.9999992847442627,0.6824294328689575,0.4918799102306366,1.0,1.0,1.0,0.7263069748878479,-0.10112456977367401,-0.11132878810167313,-0.6867614984512329,0.0,0.5090512037277222,3.4800000190734863,0.0,0.8512864112854004,0.5090512037277222,35.0,1.9783965349197388,-1.0,PASS,2.0,0.0
35,34.81912612915039,-0.10027141869068146,-0.010845152661204338,0.0,3.4800000190734863,0.5101656913757324,0.9999992847442627,0.6854655742645264,0.4885236918926239,1.0,1.0,1.0,0.7356240153312683,-0.10027141869068146,-0.10950411111116409,-0.6213814616203308,0.0,0.5101656913757324,3.4800000190734863,0.0,0.8512864112854004,0.5101656913757324,36.0,1.9783965349197388,-1.0,PASS,2.0,0.0
36,25.30646324157715,-0.10118646919727325,-0.009885155595839024,0.0,3.4800000190734863,0.5100007653236389,0.9999992847442627,0.6849307417869568,0.4892045557498932,1.0,1.0,1.0,0.7382090091705322,-0.10118646919727325,-0.10960184037685394,-0.5663776993751526,0.0,0.5100007653236389,3.4800000190734863,0.0,0.8512864112854004,0.5100007653236389,37.0,1.9781928062438965,-1.0,PASS,2.0,0.0
37,25.326251983642578,-0.1020381823182106,-0.0093411048874259,0.0,3.4800000190734863,0.5098808407783508,0.9999992847442627,0.6835985779762268,0.49175575375556946,1.0,1.0,1.0,0.7342619895935059,-0.1020381823182106,-0.10999036580324173,-0.5352059006690979,0.0,0.5098808407783508,3.4800000190734863,0.0,0.8512864112854004,0.5098808407783508,38.0,1.9779889583587646,-1.0,PASS,2.0,0.0
38,24.984121322631836,-0.10319066792726517,-0.008132239803671837,0.0,3.4800000190734863,0.51197749376297,0.9999992847442627,0.6889013648033142,0.48635998368263245,1.0,1.0,1.0,0.7541589736938477,-0.10319066792726517,-0.11011368781328201,-0.46594300866127014,0.0,0.51197749376297,3.4800000190734863,0.0,0.8512864112854004,0.51197749376297,39.0,1.9779889583587646,-1.0,PASS,2.0,0.0
39,24.821043014526367,-0.10260967165231705,-0.008632910437881947,0.0,3.4800000190734863,0.5118334889411926,0.9999992847442627,0.6885254383087158,0.4867532253265381,1.0,1.0,1.0,0.7476670145988464,-0.10260967165231705,-0.10995893180370331,-0.4946293234825134,0.0,0.5118334889411926,3.4800000190734863,0.0,0.8512864112854004,0.5118334889411926,40.0,1.9783965349197388,-1.0,PASS,2.0,0.0
40,28.951406478881836,-0.10155240446329117,-0.009236021898686886,0.0,3.4800000190734863,0.5114632248878479,0.9999992847442627,0.6887654662132263,0.4851597845554352,1.0,1.0,1.0,1.6663399934768677,-0.10155240446329117,-0.10941512882709503,-0.5291850566864014,0.0,0.5114632248878479,3.4800000190734863,0.0,0.8512864112854004,0.5114632248878479,41.0,1.9485679864883423,-1.0,PASS,2.0,0.0
41,24.78504180908203,-0.10220663249492645,-0.008827044628560543,0.0,3.4800000190734863,0.5122005939483643,0.9999992847442627,0.6895108222961426,0.48569321632385254,1.0,1.0,1.0,0.7400919795036316,-0.10220663249492645,-0.10972116887569427,-0.5057523846626282,0.0,0.5122005939483643,3.4800000190734863,0.0,0.8512864112854004,0.5122005939483643,42.0,1.9781928062438965,-1.0,PASS,2.0,0.0
42,24.59716796875,-0.10144905745983124,-0.011153995990753174,0.0,3.4800000190734863,0.5090603232383728,0.9999992847442627,0.6824879050254822,0.49177873134613037,1.0,1.0,1.0,0.7370569705963135,-0.10144905745983124,-0.11094469577074051,-0.6390768885612488,0.0,0.5090603232383728,3.4800000190734863,0.0,0.8512864112854004,0.5090603232383728,43.0,1.9783965349197388,-1.0,PASS,2.0,0.0
43,25.859832763671875,-0.10130030661821365,-0.009355586022138596,0.0,3.4800000190734863,0.5109225511550903,0.9999992847442627,0.6873425841331482,0.48666104674339294,1.0,1.0,1.0,0.740103006362915,-0.10130030661821365,-0.10926482081413269,-0.5360355973243713,0.0,0.5109225511550903,3.4800000190734863,0.0,0.8512864112854004,0.5109225511550903,44.0,1.9781928062438965,-1.0,PASS,2.0,0.0
44,24.910926818847656,-0.10219601541757584,-0.009055061265826225,0.0,3.4800000190734863,0.5115057826042175,0.9999992847442627,0.6878483295440674,0.4872637391090393,1.0,1.0,1.0,0.729062020778656,-0.10219601541757584,-0.10990467667579651,-0.5188167691230774,0.0,0.5115057826042175,3.4800000190734863,0.0,0.8512864112854004,0.5115057826042175,45.0,1.9781928062438965,-1.0,PASS,2.0,0.0
45,28.337478637695312,-0.10244672000408173,-0.009148410521447659,0.0,3.4800000190734863,0.5110834836959839,0.9999992847442627,0.6865571141242981,0.4888308048248291,1.0,1.0,0.0,1.7532320022583008,-0.10244672000408173,-0.11023485660552979,-0.5241653323173523,0.0,0.5110834836959839,3.4800000190734863,0.0,0.8512864112854004,0.5110834836959839,46.0,1.9783965349197388,-1.0,PASS,2.0,0.0
46,26.367902755737305,-0.1027870774269104,-0.00974133051931858,0.0,3.4800000190734863,0.5111104846000671,0.9999992847442627,0.6866236329078674,0.4887652099132538,1.0,1.0,1.0,0.7528160214424133,-0.1027870774269104,-0.11107999831438065,-0.5581371188163757,0.0,0.5111104846000671,3.4800000190734863,0.0,0.8512864112854004,0.5111104846000671,47.0,1.9781928062438965,-1.0,PASS,2.0,0.0
47,24.734020233154297,-0.10189413279294968,-0.010563022457063198,0.0,3.4800000190734863,0.5104196071624756,0.9999992847442627,0.6860224604606628,0.48805564641952515,1.0,1.0,1.0,0.7509620189666748,-0.10189413279294968,-0.11088662594556808,-0.6052166223526001,0.0,0.5104196071624756,3.4800000190734863,0.0,0.8512864112854004,0.5104196071624756,48.0,1.9485679864883423,-1.0,PASS,2.0,0.0
48,25.243759155273438,-0.08081290870904922,-0.01548682153224945,0.0,3.4800000190734863,0.5031342506408691,0.9999992251396179,0.6666397452354431,0.5094642639160156,1.0,1.0,1.0,0.7381190061569214,-0.08081290870904922,-0.09399767965078354,-0.8873295187950134,0.0,0.5031342506408691,3.4800000190734863,0.0,0.8512864112854004,0.5031342506408691,49.0,1.9781928062438965,-1.0,PASS,2.0,0.0
49,25.532245635986328,-0.08241215348243713,-0.013807377777993679,0.0,3.4800000190734863,0.5057521462440491,0.9999992251396179,0.6736721992492676,0.5014789700508118,1.0,1.0,1.0,0.7258859872817993,-0.08241215348243713,-0.09416693449020386,-0.7911044955253601,0.0,0.5057521462440491,3.4800000190734863,0.0,0.8512864112854004,0.5057521462440491,50.0,1.9783965349197388,-1.0,PASS,2.0,0.0
50,24.445533752441406,-0.10006074607372284,-0.010854137130081654,0.0,3.4800000190734863,0.5097227692604065,0.9999992847442627,0.6841903924942017,0.49000322818756104,1.0,1.0,1.0,0.7516639828681946,-0.10006074607372284,-0.10930109024047852,-0.6218962669372559,0.0,0.5097227692604065,3.4800000190734863,0.0,0.8512864112854004,0.5097227692604065,51.0,1.9781928062438965,-1.0,PASS,2.0,0.0
51,25.2840518951416,-0.10148182511329651,-0.01148387510329485,0.0,3.4800000190734863,0.5090298652648926,0.9999992847442627,0.6823647022247314,0.4919588267803192,1.0,1.0,1.0,0.7315070033073425,-0.10148182511329651,-0.11125832051038742,-0.6579775810241699,0.0,0.5090298652648926,3.4800000190734863,0.0,0.8512864112854004,0.5090298652648926,52.0,1.9783965349197388,-1.0,PASS,2.0,0.0
52,29.634952545166016,-0.1018039733171463,-0.011596166528761387,0.0,3.4800000190734863,0.5091057419776917,0.9999992847442627,0.6826104521751404,0.4916440546512604,1.0,1.0,1.0,0.7175999879837036,-0.1018039733171463,-0.11167607456445694,-0.6644114255905151,0.0,0.5091057419776917,3.4800000190734863,0.0,0.8512864112854004,0.5091057419776917,53.0,1.9781928062438965,-1.0,PASS,2.0,0.0
53,30.6394100189209,-0.10041257739067078,-0.012857942841947079,0.0,3.4800000190734863,0.5070160031318665,0.9999992251396179,0.677049994468689,0.49772167205810547,1.0,1.0,1.0,0.7801470160484314,-0.10041257739067078,-0.11135897040367126,-0.7367058396339417,0.0,0.5070160031318665,3.4800000190734863,0.0,0.8512864112854004,0.5070160031318665,54.0,1.9783965349197388,-1.0,PASS,2.0,0.0
54,32.18650817871094,-0.10090716183185577,-0.011254861019551754,0.0,3.4800000190734863,0.5096768736839294,0.9999992847442627,0.6841159462928772,0.49003130197525024,1.0,1.0,1.0,0.7547600269317627,-0.10090716183185577,-0.11048867553472519,-0.6448560357093811,0.0,0.5096768736839294,3.4800000190734863,0.0,0.8512864112854004,0.5096768736839294,55.0,1.9783965349197388,-1.0,PASS,2.0,0.0
55,33.86569023132324,-0.1001349464058876,-0.012725022621452808,0.0,3.4800000190734863,0.5085993409156799,0.9999992847442627,0.6813576221466064,0.49290043115615845,1.0,1.0,1.0,0.7650279998779297,-0.1001349464058876,-0.11096817255020142,-0.7290900945663452,0.0,0.5085993409156799,3.4800000190734863,0.0,0.8512864112854004,0.5085993409156799,56.0,1.9783965349197388,-1.0,PASS,2.0,0.0
56,33.85806083679199,-0.10034684091806412,-0.0107781533151865,0.0,3.4800000190734863,0.5099383592605591,0.9999992847442627,0.6847565174102783,0.48940110206604004,1.0,1.0,1.0,0.7438700199127197,-0.10034684091806412,-0.1095224916934967,-0.6175426840782166,0.0,0.5099383592605591,3.4800000190734863,0.0,0.8512864112854004,0.5099383592605591,57.0,1.9781928062438965,-1.0,PASS,2.0,0.0
57,36.38887405395508,-0.10098612308502197,-0.012008660472929478,0.0,3.4800000190734863,0.5092662572860718,0.9999992847442627,0.6829801797866821,0.49130672216415405,1.0,1.0,1.0,0.7939130067825317,-0.10098612308502197,-0.11120942234992981,-0.6880455613136292,0.0,0.5092662572860718,3.4800000190734863,0.0,0.8512864112854004,0.5092662572860718,58.0,1.9781928062438965,-1.0,PASS,2.0,0.0
58,40.12918472290039,-0.10056500136852264,-0.01058538444340229,0.0,3.4800000190734863,0.5099624395370483,0.9999992847442627,0.6849112510681152,0.48913487792015076,1.0,1.0,1.0,0.743569016456604,-0.10056500136852264,-0.10957653075456619,-0.6064978241920471,0.0,0.5099624395370483,3.4800000190734863,0.0,0.8512864112854004,0.5099624395370483,59.0,1.9779889583587646,-1.0,PASS,2.0,0.0
59,42.70744323730469,-0.10082574933767319,-0.010365947149693966,0.0,3.4800000190734863,0.5103954672813416,0.9999992847442627,0.6860145330429077,0.4880024790763855,1.0,1.0,1.0,0.7445499897003174,-0.10082574933767319,-0.10965045541524887,-0.5939249992370605,0.0,0.5103954672813416,3.4800000190734863,0.0,0.8512864112854004,0.5103954672813416,60.0,1.9783965349197388,-1.0,PASS,2.0,0.0
60,42.74725914001465,-0.10115300863981247,-0.010324466973543167,0.0,3.4800000190734863,0.5106576681137085,0.9999992847442627,0.6867751479148865,0.48711806535720825,1.0,1.0,0.0,1.7543829679489136,-0.10115300863981247,-0.10994239896535873,-0.5915483832359314,0.0,0.5106576681137085,3.4800000190734863,0.0,0.8512864112854004,0.5106576681137085,61.0,1.9781928062438965,-1.0,PASS,2.0,0.0
61,44.09909248352051,-0.10078956186771393,-0.010506228543817997,0.0,3.4800000190734863,0.5094156265258789,0.9999992847442627,0.6834808588027954,0.4906511902809143,1.0,1.0,1.0,0.7805969715118408,-0.10078956186771393,-0.1097337007522583,-0.6019625663757324,0.0,0.5094156265258789,3.4800000190734863,0.0,0.8512864112854004,0.5094156265258789,62.0,1.9781928062438965,-1.0,PASS,2.0,0.0
62,47.29437828063965,-0.10017824172973633,-0.011202351190149784,0.0,3.4800000190734863,0.5094291567802429,0.9999992847442627,0.6835548281669617,0.4905295968055725,1.0,1.0,1.0,0.7459530234336853,-0.10017824172973633,-0.1097150519490242,-0.6418474316596985,0.0,0.5094291567802429,3.4800000190734863,0.0,0.8512864112854004,0.5094291567802429,63.0,1.9783965349197388,-1.0,PASS,2.0,0.0
63,25.03371238708496,-0.10078880935907364,-0.010677219368517399,0.0,3.4800000190734863,0.5109023451805115,0.9999992847442627,0.6874346733093262,0.48640310764312744,1.0,1.0,1.0,0.8096519708633423,-0.10078880935907364,-0.1098785251379013,-0.611759603023529,0.0,0.5109023451805115,3.4800000190734863,0.0,0.8512864112854004,0.5109023451805115,64.0,1.9783965349197388,-1.0,PASS,2.0,0.0
64,26.0312557220459,-0.10092248022556305,-0.008990578353404999,0.0,3.4800000190734863,0.5111263990402222,0.9999992847442627,0.688021183013916,0.48578742146492004,1.0,1.0,1.0,0.7451720237731934,-0.10092248022556305,-0.10857624560594559,-0.5151221752166748,0.0,0.5111263990402222,3.4800000190734863,0.0,0.8512864112854004,0.5111263990402222,65.0,1.9781928062438965,-1.0,PASS,2.0,0.0
65,25.787830352783203,-0.10149558633565903,-0.009860833175480366,0.0,3.4800000190734863,0.5109259486198425,0.9999992847442627,0.6874966025352478,0.4863379895687103,1.0,1.0,1.0,0.7441700100898743,-0.10149558633565903,-0.10989025235176086,-0.564984142780304,0.0,0.5109259486198425,3.4800000190734863,0.0,0.8512864112854004,0.5109259486198425,66.0,1.9781928062438965,-1.0,PASS,2.0,0.0
66,24.99699592590332,-0.10138101130723953,-0.00986741203814745,0.0,3.4800000190734863,0.5118677020072937,0.9999992847442627,0.6898234486579895,0.4840548038482666,1.0,1.0,1.0,0.7364159822463989,-0.10138101130723953,-0.10978128015995026,-0.5653610825538635,0.0,0.5118677020072937,3.4800000190734863,0.0,0.8512864112854004,0.5118677020072937,67.0,1.9781928062438965,-1.0,PASS,2.0,0.0
67,25.74324607849121,-0.10191422700881958,-0.00968546885997057,0.0,3.4800000190734863,0.5113827586174011,0.9999992847442627,0.6886029839515686,0.48527657985687256,1.0,1.0,1.0,0.7414050102233887,-0.10191422700881958,-0.11015959084033966,-0.5549364686012268,0.0,0.5113827586174011,3.4800000190734863,0.0,0.8512864112854004,0.5113827586174011,68.0,1.9783965349197388,-1.0,PASS,2.0,0.0
68,26.892900466918945,-0.10027042031288147,-0.01047428511083126,0.0,3.4800000190734863,0.5102320909500122,0.9999992847442627,0.6855670213699341,0.48849722743034363,1.0,1.0,1.0,0.7723320126533508,-0.10027042031288147,-0.10918736457824707,-0.6001323461532593,0.0,0.5102320909500122,3.4800000190734863,0.0,0.8512864112854004,0.5102320909500122,69.0,1.9783965349197388,-1.0,PASS,2.0,0.0
69,25.632143020629883,-0.10239365696907043,-0.009437416680157185,0.0,3.4800000190734863,0.5116673111915588,0.9999992847442627,0.6881222128868103,0.4871412217617035,1.0,1.0,1.0,0.7620530128479004,-0.10239365696907043,-0.1104278415441513,-0.5407241582870483,0.0,0.5116673111915588,3.4800000190734863,0.0,0.8512864112854004,0.5116673111915588,70.0,1.9783965349197388,-1.0,PASS,2.0,0.0
70,29.142141342163086,-0.10167966783046722,-0.009770320728421211,0.0,3.4800000190734863,0.5122459530830383,0.9999992847442627,0.6908028721809387,0.4830457866191864,1.0,1.0,1.0,0.7445099949836731,-0.10167966783046722,-0.10999727249145508,-0.5597981214523315,0.0,0.5122459530830383,3.4800000190734863,0.0,0.8512864112854004,0.5122459530830383,71.0,1.9781928062438965,-1.0,PASS,2.0,0.0
71,25.755643844604492,-0.10118217021226883,-0.0098313819617033,0.0,3.4800000190734863,0.5109108090400696,0.9999992847442627,0.6875452995300293,0.486188679933548,1.0,1.0,1.0,0.7348129749298096,-0.10118217021226883,-0.10955176502466202,-0.5632966756820679,0.0,0.5109108090400696,3.4800000190734863,0.0,0.8512864112854004,0.5109108090400696,72.0,1.9781928062438965,-1.0,PASS,2.0,0.0
72,27.91428565979004,-0.1011955663561821,-0.009451779536902905,0.0,3.4800000190734863,0.5117276906967163,0.9999992847442627,0.6899205446243286,0.4834400415420532,1.0,1.0,1.0,0.801596999168396,-0.1011955663561821,-0.10924197733402252,-0.5415470600128174,0.0,0.5117276906967163,3.4800000190734863,0.0,0.8512864112854004,0.5117276906967163,73.0,1.9781928062438965,-1.0,PASS,2.0,0.0
73,26.04842185974121,-0.10198940336704254,-0.010385304689407349,0.0,3.4800000190734863,0.5104095935821533,0.9999992847442627,0.6860525012016296,0.4879613220691681,1.0,1.0,1.0,0.7523350119590759,-0.10198940336704254,-0.11083059012889862,-0.595034122467041,0.0,0.5104095935821533,3.4800000190734863,0.0,0.8512864112854004,0.5104095935821533,74.0,1.9781928062438965,-1.0,PASS,2.0,0.0
74,25.182008743286133,-0.10223884135484695,-0.010402821004390717,0.0,3.4800000190734863,0.5095348358154297,0.9999992847442627,0.6824905872344971,0.4931636154651642,1.0,1.0,1.0,0.7288820147514343,-0.10223884135484695,-0.11109494417905807,-0.596037745475769,0.0,0.5095348358154297,3.4800000190734863,0.0,0.8512864112854004,0.5095348358154297,75.0,1.9781928062438965,-1.0,PASS,2.0,0.0
75,26.346921920776367,-0.1013128012418747,-0.009574348106980324,0.0,3.4800000190734863,0.5117656588554382,0.9999992847442627,0.6896945834159851,0.48403626680374146,1.0,1.0,0.0,1.768589973449707,-0.1013128012418747,-0.10946356505155563,-0.5485697388648987,0.0,0.5117656588554382,3.4800000190734863,0.0,0.8512864112854004,0.5117656588554382,76.0,1.9783965349197388,-1.0,PASS,2.0,0.0
76,44.7077751159668,-0.10208602249622345,-0.00880199484527111,0.0,3.4800000190734863,0.5114560723304749,0.9999992847442627,0.6875767111778259,0.48770686984062195,1.0,1.0,1.0,0.7364550232887268,-0.10208602249622345,-0.10957923531532288,-0.5043171644210815,0.0,0.5114560723304749,3.4800000190734863,0.0,0.8512864112854004,0.5114560723304749,77.0,1.9779889583587646,-1.0,PASS,2.0,0.0
77,25.973081588745117,-0.10192236304283142,-0.009427095763385296,0.0,3.4800000190734863,0.5105608701705933,0.9999992847442627,0.6864511966705322,0.48753783106803894,1.0,1.0,1.0,0.7703179717063904,-0.10192236304283142,-0.10994775593280792,-0.5401328206062317,0.0,0.5105608701705933,3.4800000190734863,0.0,0.8512864112854004,0.5105608701705933,78.0,1.9781928062438965,-1.0,PASS,2.0,0.0
78,24.956226348876953,-0.10160490870475769,-0.009496266953647137,0.0,3.4800000190734863,0.5103681087493896,0.9999992847442627,0.6862639784812927,0.4873819351196289,1.0,1.0,1.0,0.729964017868042,-0.10160490870475769,-0.10968919098377228,-0.5440959930419922,0.0,0.5103681087493896,3.4800000190734863,0.0,0.8512864112854004,0.5103681087493896,79.0,1.9783965349197388,-1.0,PASS,2.0,0.0
79,25.25782585144043,-0.10180868953466415,-0.009017370641231537,0.0,3.4800000190734863,0.5116779208183289,0.9999992847442627,0.689426064491272,0.4843597114086151,1.0,1.0,1.0,0.733801007270813,-0.10180868953466415,-0.10948526114225388,-0.516657292842865,0.0,0.5116779208183289,3.4800000190734863,0.0,0.8512864112854004,0.5116779208183289,80.0,1.9781928062438965,-1.0,PASS,2.0,0.0
80,25.30193328857422,-0.10103364288806915,-0.009990793652832508,0.0,3.4800000190734863,0.5098803639411926,0.9999992847442627,0.684615433216095,0.4895385503768921,1.0,1.0,1.0,0.7232210040092468,-0.10103364288806915,-0.10953895002603531,-0.5724303126335144,0.0,0.5098803639411926,3.4800000190734863,0.0,0.8512864112854004,0.5098803639411926,81.0,1.9781928062438965,-1.0,PASS,2.0,0.0
81,24.021625518798828,-0.10114186257123947,-0.009961224161088467,0.0,3.4800000190734863,0.5100339651107788,0.9999992847442627,0.6854152679443359,0.4882486164569855,1.0,1.0,1.0,0.7294430136680603,-0.10114186257123947,-0.10962199419736862,-0.5707361102104187,0.0,0.5100339651107788,3.4800000190734863,0.0,0.8512864112854004,0.5100339651107788,82.0,1.9781928062438965,-1.0,PASS,2.0,0.0
82,26.77750587463379,-0.10104004293680191,-0.009264551103115082,0.0,3.4800000190734863,0.5106234550476074,0.9999992847442627,0.6866926550865173,0.4871971011161804,1.0,1.0,1.0,0.753678023815155,-0.10104004293680191,-0.10892705619335175,-0.5308196544647217,0.0,0.5106234550476074,3.4800000190734863,0.0,0.8512864112854004,0.5106234550476074,83.0,1.9781928062438965,-1.0,PASS,2.0,0.0
83,25.289297103881836,-0.10088570415973663,-0.0091046541929245,0.0,3.4800000190734863,0.5106550455093384,0.9999992847442627,0.6867606043815613,0.4871419072151184,1.0,1.0,1.0,0.7502509951591492,-0.10088570415973663,-0.10863658785820007,-0.5216582417488098,0.0,0.5106550455093384,3.4800000190734863,0.0,0.8512864112854004,0.5106550455093384,84.0,1.9783965349197388,-1.0,PASS,2.0,0.0
84,28.75518798828125,-0.10082415491342545,-0.009756244719028473,0.0,3.4800000190734863,0.507237434387207,0.9999992251396179,0.6781518459320068,0.495941162109375,1.0,1.0,1.0,0.7342219948768616,-0.10082415491342545,-0.10912977904081345,-0.5589916706085205,0.0,0.507237434387207,3.4800000190734863,0.0,0.8512864112854004,0.507237434387207,85.0,1.978600263595581,-1.0,PASS,2.0,0.0
85,29.570341110229492,-0.10159047693014145,-0.009364035911858082,0.0,3.4800000190734863,0.5098206996917725,0.9999992847442627,0.6846122145652771,0.4893711507320404,1.0,1.0,1.0,0.7460240125656128,-0.10159047693014145,-0.10956218838691711,-0.5365197658538818,0.0,0.5098206996917725,3.4800000190734863,0.0,0.8512864112854004,0.5098206996917725,86.0,2.0082056522369385,-1.0,PASS,2.0,0.0
86,32.58204460144043,-0.10166428983211517,-0.009086119011044502,0.0,3.4800000190734863,0.5099391937255859,0.9999992847442627,0.684870719909668,0.489155113697052,1.0,1.0,1.0,0.7312759757041931,-0.10166428983211517,-0.10939939320087433,-0.5205962657928467,0.0,0.5099391937255859,3.4800000190734863,0.0,0.8512864112854004,0.5099391937255859,87.0,1.9794152975082397,-1.0,PASS,2.0,0.0
87,34.95526313781738,-0.10150352865457535,-0.009101567789912224,0.0,3.4800000190734863,0.5103670358657837,0.9999992847442627,0.6863711476325989,0.4871464669704437,1.0,1.0,1.0,0.7324879765510559,-0.10150352865457535,-0.10925178229808807,-0.5214813947677612,0.0,0.5103670358657837,3.4800000190734863,0.0,0.8512864112854004,0.5103670358657837,88.0,1.978600263595581,-1.0,PASS,2.0,0.0
88,39.26491737365723,-0.10215803235769272,-0.009125941433012486,0.0,3.4800000190734863,0.5102670788764954,0.9999992847442627,0.684718132019043,0.4904446601867676,1.0,1.0,1.0,0.7555310130119324,-0.10215803235769272,-0.10992703586816788,-0.5228779315948486,0.0,0.5102670788764954,3.4800000190734863,0.0,0.8512864112854004,0.5102670788764954,89.0,1.9783965349197388,-1.0,PASS,2.0,0.0
89,40.44747352600098,-0.10138455033302307,-0.009706382639706135,0.0,3.4800000190734863,0.5090194940567017,0.9999992847442627,0.6828182935714722,0.4909375011920929,1.0,1.0,1.0,0.739130973815918,-0.10138455033302307,-0.1096477210521698,-0.5561347603797913,0.0,0.5090194940567017,3.4800000190734863,0.0,0.8512864112854004,0.5090194940567017,90.0,1.9790078401565552,-1.0,PASS,2.0,0.0
90,40.49277305603027,-0.10116691887378693,-0.009895755909383297,0.0,3.4800000190734863,0.5090284943580627,0.9999992847442627,0.6828564405441284,0.4908806085586548,1.0,1.0,0.0,1.8197849988937378,-0.10116691887378693,-0.10959131270647049,-0.5669850707054138,0.0,0.5090284943580627,3.4800000190734863,0.0,0.8512864112854004,0.5090284943580627,91.0,2.0084116458892822,-1.0,PASS,2.0,0.0
91,42.09470748901367,-0.1001458615064621,-0.00984219554811716,0.0,3.4800000190734863,0.5081702470779419,0.9999992847442627,0.6815958023071289,0.4911196231842041,1.0,1.0,1.0,0.7414249777793884,-0.1001458615064621,-0.10852465778589249,-0.5639162659645081,0.0,0.5081702470779419,3.4800000190734863,0.0,0.8512864112854004,0.5081702470779419,92.0,2.0082056522369385,-1.0,PASS,2.0,0.0
92,44.03495788574219,-0.10113871097564697,-0.009094237349927425,0.0,3.4800000190734863,0.48619088530540466,0.9999992251396179,0.670617401599884,0.4499804675579071,1.0,1.0,1.0,0.7517340183258057,-0.10113871097564697,-0.10888072848320007,-0.5210614204406738,0.0,0.48619088530540466,3.4800000190734863,0.0,0.8512864112854004,0.48619088530540466,93.0,2.008617639541626,-1.0,PASS,2.0,0.0
93,44.185638427734375,-0.09952880442142487,-0.009476559236645699,0.0,3.4800000190734863,0.5037845373153687,0.9999992251396179,0.6797506213188171,0.48226338624954224,1.0,1.0,1.0,0.7335399985313416,-0.09952880442142487,-0.10759631544351578,-0.5429668426513672,0.0,0.5037845373153687,3.4800000190734863,0.0,0.8512864112854004,0.5037845373153687,94.0,2.008617639541626,-1.0,PASS,2.0,0.0
94,43.9450740814209,-0.1010688990354538,-0.008970663882791996,0.0,3.4800000190734863,0.5099438428878784,0.9999992847442627,0.6862205266952515,0.4862394630908966,1.0,1.0,1.0,0.7267280220985413,-0.1010688990354538,-0.10870570689439774,-0.5139811635017395,0.0,0.5099438428878784,3.4800000190734863,0.0,0.8512864112854004,0.5099438428878784,95.0,2.0084116458892822,-1.0,PASS,2.0,0.0
95,43.332815170288086,-0.09843729436397552,-0.009723423048853874,0.0,3.4800000190734863,0.5040504932403564,0.9999992847442627,0.6804537177085876,0.48151347041130066,1.0,1.0,1.0,0.7197149991989136,-0.09843729436397552,-0.10671497136354446,-0.5571110844612122,0.0,0.5040504932403564,3.4800000190734863,0.0,0.8512864112854004,0.5040504932403564,96.0,2.008617639541626,-1.0,PASS,2.0,0.0
96,46.70548439025879,-0.07999684661626816,-0.014149503782391548,0.0,3.4800000190734863,0.47708383202552795,0.9999992251396179,0.6509982347488403,0.46569982171058655,1.0,1.0,1.0,0.7236319780349731,-0.07999684661626816,-0.09204293042421341,-0.8107068538665771,0.0,0.47708383202552795,3.4800000190734863,0.0,0.8512864112854004,0.47708383202552795,97.0,2.0082056522369385,-1.0,PASS,2.0,0.0
97,49.576520919799805,-0.0990653932094574,-0.01265023648738861,0.0,3.4800000190734863,0.47800618410110474,0.9999992251396179,0.6533198356628418,0.46331503987312317,1.0,1.0,1.0,0.7495200037956238,-0.0990653932094574,-0.1098349392414093,-0.7248051762580872,0.0,0.47800618410110474,3.4800000190734863,0.0,0.8512864112854004,0.47800618410110474,98.0,2.0084116458892822,-1.0,PASS,2.0,0.0
98,24.979591369628906,-0.09978624433279037,-0.012245518155395985,0.0,3.4800000190734863,0.4790208041667938,0.9999992251396179,0.6552467942237854,0.4621085524559021,1.0,1.0,1.0,0.7569839954376221,-0.09978624433279037,-0.11021120846271515,-0.7016165256500244,0.0,0.4790208041667938,3.4800000190734863,0.0,0.8512864112854004,0.4790208041667938,99.0,2.0084116458892822,-1.0,PASS,2.0,0.0
99,24.847984313964844,-0.098398357629776,-0.012807536870241165,0.0,3.4800000190734863,0.47927647829055786,0.9999992251396179,0.6564279794692993,0.4602566659450531,1.0,1.0,1.0,0.7242230176925659,-0.098398357629776,-0.10930183529853821,-0.7338178157806396,0.0,0.47927647829055786,3.4800000190734863,0.0,0.8512864112854004,0.47927647829055786,100.0,2.008617639541626,-1.0,PASS,2.0,0.0
100,25.55680274963379,-0.09816239774227142,-0.010371621698141098,0.0,3.4800000190734863,0.48169293999671936,0.9999992251396179,0.6625080108642578,0.45415034890174866,1.0,1.0,1.0,0.7487580180168152,-0.09816239774227142,-0.10699193179607391,-0.5942501425743103,0.0,0.48169293999671936,3.4800000190734863,0.0,0.8512864112854004,0.48169293999671936,101.0,2.0084116458892822,-1.0,PASS,2.0,0.0
101,24.921417236328125,-0.09785445779561996,-0.012038457207381725,0.0,3.4800000190734863,0.4798881411552429,0.9999992251396179,0.6569056510925293,0.4610570967197418,1.0,1.0,1.0,0.7329199910163879,-0.09785445779561996,-0.10810312628746033,-0.6897528171539307,0.0,0.4798881411552429,3.4800000190734863,0.0,0.8512864112854004,0.4798881411552429,102.0,2.0084116458892822,-1.0,PASS,2.0,0.0
102,27.137041091918945,-0.0979258194565773,-0.011687624268233776,0.0,3.4800000190734863,0.4798685312271118,0.9999992251396179,0.6578988432884216,0.4587918221950531,1.0,1.0,1.0,0.7640870213508606,-0.0979258194565773,-0.10787578672170639,-0.6696515679359436,0.0,0.4798685312271118,3.4800000190734863,0.0,0.8512864112854004,0.4798685312271118,103.0,2.0084116458892822,-1.0,PASS,2.0,0.0
103,25.588512420654297,-0.0987364873290062,-0.012431098148226738,0.0,3.4800000190734863,0.4796985387802124,0.9999992251396179,0.6574773788452148,0.4592098593711853,1.0,1.0,1.0,0.7349429726600647,-0.0987364873290062,-0.10931945592164993,-0.7122494578361511,0.0,0.4796985387802124,3.4800000190734863,0.0,0.8512864112854004,0.4796985387802124,104.0,2.0082056522369385,-1.0,PASS,2.0,0.0
104,25.2532958984375,-0.09730855375528336,-0.010148841887712479,0.0,3.4800000190734863,0.4974882900714874,0.9999992251396179,0.6729022264480591,0.47863519191741943,1.0,1.0,1.0,0.7606809735298157,-0.09730855375528336,-0.10594841837882996,-0.5814858078956604,0.0,0.4974882900714874,3.4800000190734863,0.0,0.8512864112854004,0.4974882900714874,105.0,2.0082056522369385,-1.0,PASS,2.0,0.0
105,27.123212814331055,-0.09770268201828003,-0.010151525028049946,0.0,3.4800000190734863,0.5062805414199829,0.9999992251396179,0.6799799799919128,0.4891047179698944,1.0,1.0,0.0,1.8171600103378296,-0.09770268201828003,-0.10634483397006989,-0.5816395282745361,0.0,0.5062805414199829,3.4800000190734863,0.0,0.8512864112854004,0.5062805414199829,106.0,2.008617639541626,-1.0,PASS,2.0,0.0
106,25.400638580322266,-0.0995311439037323,-0.010878021828830242,0.0,3.4800000190734863,0.5061185956001282,0.9999992251396179,0.6761251091957092,0.4971158504486084,1.0,1.0,1.0,0.7348430156707764,-0.0995311439037323,-0.10879182070493698,-0.623264729976654,0.0,0.5061185956001282,3.4800000190734863,0.0,0.8512864112854004,0.5061185956001282,107.0,1.9783965349197388,-1.0,PASS,2.0,0.0
107,27.503490447998047,-0.10018382221460342,-0.01039053127169609,0.0,3.4800000190734863,0.5081421732902527,0.9999992847442627,0.6803997159004211,0.49365824460983276,1.0,1.0,1.0,0.8218749761581421,-0.10018382221460342,-0.10902945697307587,-0.5953335762023926,0.0,0.5081421732902527,3.4800000190734863,0.0,0.8512864112854004,0.5081421732902527,108.0,2.0082056522369385,-1.0,PASS,2.0,0.0
108,25.389909744262695,-0.0988922268152237,-0.010789132677018642,0.0,3.4800000190734863,0.5090029835700989,0.9999992847442627,0.6827375888824463,0.4910653531551361,1.0,1.0,1.0,0.741445004940033,-0.0988922268152237,-0.10807722806930542,-0.618171751499176,0.0,0.5090029835700989,3.4800000190734863,0.0,0.8512864112854004,0.5090029835700989,109.0,2.0082056522369385,-1.0,PASS,2.0,0.0
109,26.177167892456055,-0.09836570173501968,-0.010552147403359413,0.0,3.4800000190734863,0.5083963871002197,0.9999992847442627,0.6808283925056458,0.4934646487236023,1.0,1.0,1.0,0.7389709949493408,-0.09836570173501968,-0.10734893381595612,-0.6045935153961182,0.0,0.5083963871002197,3.4800000190734863,0.0,0.8512864112854004,0.5083963871002197,110.0,1.9781928062438965,-1.0,PASS,2.0,0.0
110,26.375532150268555,-0.0997762456536293,-0.010423294268548489,0.0,3.4800000190734863,0.5099686980247498,0.9999992847442627,0.6848373413085938,0.4893137812614441,1.0,1.0,1.0,0.7164989709854126,-0.0997762456536293,-0.10864977538585663,-0.5972107648849487,0.0,0.5099686980247498,3.4800000190734863,0.0,0.8512864112854004,0.5099686980247498,111.0,1.9779889583587646,-1.0,PASS,2.0,0.0
111,24.763822555541992,-0.10001739114522934,-0.009741016663610935,0.0,3.4800000190734863,0.5103643536567688,0.9999992847442627,0.6858770251274109,0.4882100224494934,1.0,1.0,1.0,0.7278800010681152,-0.10001739114522934,-0.10831005126237869,-0.5581191182136536,0.0,0.5103643536567688,3.4800000190734863,0.0,0.8512864112854004,0.5103643536567688,112.0,1.8348931074142456,-1.0,PASS,2.0,0.0
112,27.38666534423828,-0.10003682225942612,-0.009870476089417934,0.0,3.4800000190734863,0.5110267400741577,0.9999992847442627,0.6876140236854553,0.48637717962265015,1.0,1.0,1.0,0.7576649785041809,-0.10003682225942612,-0.10843969881534576,-0.565536618232727,0.0,0.5110267400741577,3.4800000190734863,0.0,0.8512864112854004,0.5110267400741577,113.0,1.8346989154815674,-1.0,PASS,2.0,0.0
113,25.101423263549805,-0.09953352063894272,-0.010266318917274475,0.0,3.4800000190734863,0.5119014978408813,0.9999992847442627,0.6898372769355774,0.4841230809688568,1.0,1.0,1.0,0.7451620101928711,-0.09953352063894272,-0.10827340185642242,-0.5882167220115662,0.0,0.5119014978408813,3.4800000190734863,0.0,0.8512864112854004,0.5119014978408813,114.0,1.8345049619674683,-1.0,PASS,2.0,0.0
114,26.345014572143555,-0.1002822294831276,-0.010230566374957561,0.0,3.4800000190734863,0.5123931765556335,0.9999992847442627,0.6911152005195618,0.482801616191864,1.0,1.0,1.0,2.5781021118164062,-0.1002822294831276,-0.10899167507886887,-0.5861682891845703,0.0,0.5123931765556335,3.4800000190734863,0.0,0.8512864112854004,0.5123931765556335,115.0,1.8345049619674683,-1.0,PASS,2.0,0.0
115,25.50816535949707,-0.0993725061416626,-0.00980872567743063,0.0,3.4800000190734863,0.5123960971832275,0.9999992847442627,0.6911393404006958,0.4827583134174347,1.0,1.0,1.0,0.7479879856109619,-0.0993725061416626,-0.10772281140089035,-0.5619986057281494,0.0,0.5123960971832275,3.4800000190734863,0.0,0.8512864112854004,0.5123960971832275,116.0,1.8345049619674683,-1.0,PASS,2.0,0.0
116,24.996519088745117,-0.09815214574337006,-0.010458157397806644,0.0,3.4800000190734863,0.5103641748428345,0.9999992847442627,0.6857870817184448,0.4884047508239746,1.0,1.0,1.0,0.732308030128479,-0.09815214574337006,-0.10705535858869553,-0.5992082953453064,0.0,0.5103641748428345,3.4800000190734863,0.0,0.8512864112854004,0.5103641748428345,117.0,1.834116816520691,-1.0,PASS,2.0,0.0
117,24.9021053314209,-0.09766140580177307,-0.010636940598487854,0.0,3.4800000190734863,0.5109484195709229,0.9999992847442627,0.6873583197593689,0.4867023229598999,1.0,1.0,1.0,0.7503010034561157,-0.09766140580177307,-0.1067168265581131,-0.6094518303871155,0.0,0.5109484195709229,3.4800000190734863,0.0,0.8512864112854004,0.5109484195709229,118.0,1.834116816520691,-1.0,PASS,2.0,0.0
118,24.817943572998047,-0.099009670317173,-0.009709591045975685,0.0,3.4800000190734863,0.5138805508613586,0.9999992847442627,0.6949796676635742,0.4788367450237274,1.0,1.0,1.0,0.7383189797401428,-0.099009670317173,-0.1072755753993988,-0.5563185811042786,0.0,0.5138805508613586,3.4800000190734863,0.0,0.8512864112854004,0.5138805508613586,119.0,1.83431077003479,-1.0,PASS,2.0,0.0
119,27.14705467224121,-0.0980781838297844,-0.010077103041112423,0.0,3.4800000190734863,0.5133032202720642,0.9999992847442627,0.6934968829154968,0.48033374547958374,1.0,1.0,1.0,0.7656199932098389,-0.0980781838297844,-0.10665697604417801,-0.5773754715919495,0.0,0.5133032202720642,3.4800000190734863,0.0,0.8512864112854004,0.5133032202720642,120.0,1.8922178745269775,-1.0,PASS,2.0,0.0
120,26.17931365966797,-0.09843488782644272,-0.010341392830014229,0.0,3.4800000190734863,0.5130963921546936,0.9999992847442627,0.6930050253868103,0.4807874262332916,1.0,1.0,0.0,1.7714149951934814,-0.09843488782644272,-0.10723868757486343,-0.592518150806427,0.0,0.5130963921546936,3.4800000190734863,0.0,0.8512864112854004,0.5130963921546936,121.0,1.83431077003479,-1.0,PASS,2.0,0.0
121,29.45876121520996,-0.09745632112026215,-0.010423803701996803,0.0,3.4800000190734863,0.5016118288040161,0.9999992847442627,0.6874602437019348,0.4593193829059601,1.0,1.0,1.0,0.7292219996452332,-0.09745632112026215,-0.10633028298616409,-0.5972399711608887,0.0,0.5016118288040161,3.4800000190734863,0.0,0.8512864112854004,0.5016118288040161,122.0,1.8912287950515747,-1.0,PASS,2.0,0.0
122,31.000137329101562,-0.09610241651535034,-0.010668897069990635,0.0,3.4800000190734863,0.5041143894195557,0.9999992847442627,0.688731849193573,0.4638921320438385,1.0,1.0,1.0,0.752705991268158,-0.09610241651535034,-0.10518504679203033,-0.6112827658653259,0.0,0.5041143894195557,3.4800000190734863,0.0,0.8512864112854004,0.5041143894195557,123.0,1.8908330202102661,-1.0,PASS,2.0,0.0
123,33.898353576660156,-0.09758010506629944,-0.011434238404035568,0.0,3.4800000190734863,0.5046436190605164,0.9999992847442627,0.6901019811630249,0.46251949667930603,1.0,1.0,1.0,0.7746059894561768,-0.09758010506629944,-0.1073143407702446,-0.6551336050033569,0.0,0.5046436190605164,3.4800000190734863,0.0,0.8512864112854004,0.5046436190605164,124.0,1.8908330202102661,-1.0,PASS,2.0,0.0
124,33.62727165222168,-0.09680850803852081,-0.010726874694228172,0.0,3.4800000190734863,0.515155553817749,0.9999992847442627,0.6998453140258789,0.4721989333629608,1.0,1.0,1.0,0.736735999584198,-0.09680850803852081,-0.10594049841165543,-0.614604651927948,0.0,0.515155553817749,3.4800000190734863,0.0,0.8512864112854004,0.515155553817749,125.0,1.8908330202102661,-1.0,PASS,2.0,0.0
125,27.45795249938965,-0.0962914228439331,-0.012244988232851028,0.0,3.4800000190734863,0.541944146156311,0.9999992847442627,0.7177712917327881,0.5100753307342529,1.0,1.0,1.0,0.7341619729995728,-0.0962914228439331,-0.10671593248844147,-0.701586127281189,0.0,0.541944146156311,3.4800000190734863,0.0,0.8512864112854004,0.541944146156311,126.0,1.8628900051116943,-1.0,PASS,2.0,0.0
126,30.207395553588867,-0.09521231055259705,-0.01210042368620634,0.0,3.4800000190734863,0.5421543717384338,0.9999992847442627,0.7180815935134888,0.5100081562995911,1.0,1.0,1.0,0.7192639708518982,-0.09521231055259705,-0.10551373660564423,-0.6933032274246216,0.0,0.5421543717384338,3.4800000190734863,0.0,0.8512864112854004,0.5421543717384338,127.0,1.7302507162094116,-1.0,PASS,2.0,0.0
127,33.65492820739746,-0.0941193699836731,-0.012088224291801453,0.0,3.4800000190734863,0.5464295744895935,0.9999992847442627,0.7223941683769226,0.5128298997879028,1.0,1.0,1.0,0.8058549761772156,-0.0941193699836731,-0.10441040992736816,-0.6926042437553406,0.0,0.5464295744895935,3.4800000190734863,0.0,0.8512864112854004,0.5464295744895935,128.0,1.7296894788742065,-1.0,PASS,2.0,0.0
128,34.78097915649414,-0.0922524482011795,-0.012874997220933437,0.0,3.4800000190734863,0.5456956624984741,0.9999992847442627,0.7204127311706543,0.5149533748626709,1.0,1.0,1.0,0.7491289973258972,-0.0922524482011795,-0.1032133623957634,-0.7376829981803894,0.0,0.5456956624984741,3.4800000190734863,0.0,0.8512864112854004,0.5456956624984741,129.0,1.7295024394989014,-1.0,PASS,2.0,0.0
129,35.33768653869629,-0.09373476356267929,-0.012673712335526943,0.0,3.4800000190734863,0.5302812457084656,0.9999992847442627,0.7149620652198792,0.4833834171295166,1.0,1.0,1.0,0.7554510235786438,-0.09373476356267929,-0.10452429950237274,-0.7261502146720886,0.0,0.5302812457084656,3.4800000190734863,0.0,0.8512864112854004,0.5302812457084656,130.0,1.807997465133667,-1.0,PASS,2.0,0.0
130,33.23030471801758,-0.07557521015405655,-0.01393234170973301,0.0,3.4800000190734863,0.5337849855422974,0.9999992847442627,0.7199605703353882,0.48281779885292053,1.0,1.0,1.0,0.732026994228363,-0.07557521015405655,-0.08743639290332794,-0.7982643842697144,0.0,0.5337849855422974,3.4800000190734863,0.0,0.8512864112854004,0.5337849855422974,131.0,1.7829344272613525,-1.0,PASS,2.0,0.0
131,35.857200622558594,-0.07138997316360474,-0.020096607506275177,0.0,3.4800000190734863,0.5398775935173035,0.9999992847442627,0.7145256400108337,0.5111502408981323,1.0,1.0,1.0,0.7237820029258728,-0.07138997316360474,-0.0885002464056015,-1.151450753211975,0.0,0.5398775935173035,3.4800000190734863,0.0,0.8512864112854004,0.5398775935173035,132.0,1.782362937927246,-1.0,PASS,2.0,0.0
132,36.743879318237305,-0.07676856964826584,-0.019297033548355103,0.0,3.4800000190734863,0.5620904564857483,0.9999992847442627,0.7358566522598267,0.5277178287506104,1.0,1.0,1.0,0.7471359968185425,-0.07676856964826584,-0.09319791197776794,-1.1056386232376099,0.0,0.5620904564857483,3.4800000190734863,0.0,0.8512864112854004,0.5620904564857483,133.0,1.7821725606918335,-1.0,PASS,2.0,0.0
133,38.98191452026367,-0.06192997843027115,-0.02256688103079796,0.0,3.4800000190734863,0.5598030686378479,0.9999992847442627,0.7277847528457642,0.5383759140968323,1.0,1.0,1.0,0.7503520250320435,-0.06192997843027115,-0.08114411681890488,-1.2929869890213013,0.0,0.5598030686378479,3.4800000190734863,0.0,0.8512864112854004,0.5598030686378479,134.0,1.7566332817077637,-1.0,PASS,2.0,0.0
134,39.760589599609375,-0.06410080194473267,-0.023357916623353958,0.0,3.4800000190734863,0.5637418627738953,0.9999992847442627,0.7328627109527588,0.538465678691864,1.0,1.0,1.0,0.7436389923095703,-0.06410080194473267,-0.08398869633674622,-1.3383100032806396,0.0,0.5637418627738953,3.4800000190734863,0.0,0.8512864112854004,0.5637418627738953,135.0,1.6327853202819824,-1.0,PASS,2.0,0.0
135,40.15374183654785,-0.060737159103155136,-0.0230266060680151,0.0,3.4800000190734863,0.5712787508964539,0.9999992847442627,0.7378442287445068,0.5485082864761353,1.0,1.0,0.0,1.712116003036499,-0.060737159103155136,-0.0803428590297699,-1.3193273544311523,0.0,0.5712787508964539,3.4800000190734863,0.0,0.8512864112854004,0.5712787508964539,136.0,1.6324244737625122,-1.0,PASS,2.0,0.0
136,40.26961326599121,-0.06151337921619415,-0.02335563860833645,0.0,3.4800000190734863,0.5501585602760315,0.9999992847442627,0.7236378192901611,0.5205361247062683,1.0,1.0,1.0,0.8135489821434021,-0.06151337921619415,-0.0813993290066719,-1.3381794691085815,0.0,0.5501585602760315,3.4800000190734863,0.0,0.8512864112854004,0.5501585602760315,137.0,1.6816562414169312,-1.0,PASS,2.0,0.0
137,41.110992431640625,-0.05832834169268608,-0.024311574175953865,0.0,3.4800000190734863,0.5499946475028992,0.9999992847442627,0.7232184410095215,0.5209645628929138,1.0,1.0,1.0,0.7570539712905884,-0.05832834169268608,-0.07902853190898895,-1.3929505348205566,0.0,0.5499946475028992,3.4800000190734863,0.0,0.8512864112854004,0.5499946475028992,138.0,1.6814725399017334,-1.0,PASS,2.0,0.0
138,44.872283935546875,-0.058113958686590195,-0.02601298876106739,0.0,3.4800000190734863,0.559463620185852,0.9999992847442627,0.729286253452301,0.5342777371406555,1.0,1.0,1.0,0.7228800058364868,-0.058113958686590195,-0.08026345819234848,-1.4904345273971558,0.0,0.559463620185852,3.4800000190734863,0.0,0.8512864112854004,0.559463620185852,139.0,1.6811052560806274,-1.0,PASS,2.0,0.0
139,47.128915786743164,-0.06043080985546112,-0.02342930994927883,0.0,3.4800000190734863,0.5967043042182922,0.9999993443489075,0.7669008374214172,0.556145191192627,1.0,1.0,1.0,0.7252449989318848,-0.06043080985546112,-0.08037951588630676,-1.3424005508422852,0.0,0.5967043042182922,3.4800000190734863,0.0,0.8512864112854004,0.5967043042182922,140.0,1.6570041179656982,-1.0,PASS,2.0,0.0
140,25.082111358642578,-0.06072748079895973,-0.0244325939565897,0.0,3.4800000190734863,0.5964165925979614,0.9999993443489075,0.7659876346588135,0.557249128818512,1.0,1.0,1.0,0.71670001745224,-0.06072748079895973,-0.08153075724840164,-1.3998844623565674,0.0,0.5964165925979614,3.4800000190734863,0.0,0.8512864112854004,0.5964165925979614,141.0,1.5417661666870117,-1.0,PASS,2.0,0.0
141,25.414228439331055,-0.056322161108255386,-0.03003120608627796,0.0,3.4800000190734863,0.5913550853729248,0.9999993443489075,0.7511599063873291,0.5745123624801636,1.0,1.0,1.0,0.7413949966430664,-0.056322161108255386,-0.08189500868320465,-1.7206614017486572,0.0,0.5913550853729248,3.4800000190734863,0.0,0.8512864112854004,0.5913550853729248,142.0,1.6098830699920654,-1.0,PASS,2.0,0.0
142,26.103734970092773,-0.0551578663289547,-0.029530119150877,0.0,3.4800000190734863,0.5786252021789551,0.9999993443489075,0.743332028388977,0.5568423867225647,1.0,1.0,1.0,0.7451720237731934,-0.0551578663289547,-0.08030376583337784,-1.6919511556625366,0.0,0.5786252021789551,3.4800000190734863,0.0,0.8512864112854004,0.5786252021789551,143.0,1.5880852937698364,-1.0,PASS,2.0,0.0
143,25.046586990356445,-0.05633779242634773,-0.026974471285939217,0.0,3.4800000190734863,0.5864325165748596,0.9999993443489075,0.7585011124610901,0.5462936162948608,1.0,1.0,1.0,0.7511129975318909,-0.05633779242634773,-0.07930636405944824,-1.5455234050750732,0.0,0.5864325165748596,3.4800000190734863,0.0,0.8512864112854004,0.5864325165748596,144.0,1.5879079103469849,-1.0,PASS,2.0,0.0
144,27.200937271118164,-0.059965383261442184,-0.02444593608379364,0.0,3.4800000190734863,0.5893434882164001,0.9999993443489075,0.7659854888916016,0.5387855172157288,1.0,1.0,1.0,0.7404130101203918,-0.059965383261442184,-0.0807800218462944,-1.4006489515304565,0.0,0.5893434882164001,3.4800000190734863,0.0,0.8512864112854004,0.5893434882164001,145.0,1.5877307653427124,-1.0,PASS,2.0,0.0
145,26.69525146484375,-0.05873262137174606,-0.025596249848604202,0.0,3.4800000190734863,0.6196711659431458,0.9999993443489075,0.7865431308746338,0.5756831169128418,1.0,1.0,1.0,0.7379980087280273,-0.05873262137174606,-0.08052711933851242,-1.4665571451187134,0.0,0.6196711659431458,3.4800000190734863,0.0,0.8512864112854004,0.6196711659431458,146.0,1.4577378034591675,-1.0,PASS,2.0,0.0
146,24.988651275634766,-0.05686323717236519,-0.026316987350583076,0.0,3.4800000190734863,0.6200668811798096,0.9999993443489075,0.7876502871513367,0.5744730830192566,1.0,1.0,1.0,0.765438973903656,-0.05686323717236519,-0.07927170395851135,-1.50785231590271,0.0,0.6200668811798096,3.4800000190734863,0.0,0.8512864112854004,0.6200668811798096,147.0,1.5009355545043945,-1.0,PASS,2.0,0.0
147,24.924278259277344,-0.05536748096346855,-0.02589382417500019,0.0,3.4800000190734863,0.6206100583076477,0.9999993443489075,0.7888267636299133,0.5735019445419312,1.0,1.0,1.0,0.7403730154037476,-0.05536748096346855,-0.07741546630859375,-1.4836068153381348,0.0,0.6206100583076477,3.4800000190734863,0.0,0.8512864112854004,0.6206100583076477,148.0,1.5005927085876465,-1.0,PASS,2.0,0.0
148,25.557994842529297,-0.05539483577013016,-0.027186928316950798,0.0,3.4800000190734863,0.6179693341255188,0.9999993443489075,0.7874067425727844,0.569632351398468,1.0,1.0,1.0,0.733489990234375,-0.05539483577013016,-0.07854440063238144,-1.5576962232589722,0.0,0.6179693341255188,3.4800000190734863,0.0,0.8512864112854004,0.6179693341255188,149.0,1.500249981880188,-1.0,PASS,2.0,0.0
149,27.38022804260254,-0.05547598376870155,-0.0272501390427351,0.0,3.4800000190734863,0.620149552822113,0.9999993443489075,0.7888591885566711,0.572269856929779,1.0,1.0,1.0,0.7486680150032043,-0.05547598376870155,-0.0786793977022171,-1.5613179206848145,0.0,0.620149552822113,3.4800000190734863,0.0,0.8512864112854004,0.620149552822113,150.0,1.47907292842865,-1.0,PASS,2.0,0.0
150,25.63023567199707,-0.05764661356806755,-0.02657228149473667,0.0,3.4800000190734863,0.6501239538192749,0.9999993443489075,0.8079245686531067,0.6093685626983643,1.0,1.0,0.0,1.7224750518798828,-0.05764661356806755,-0.08027256280183792,-1.52247953414917,0.0,0.6501239538192749,3.4800000190734863,0.0,0.8512864112854004,0.6501239538192749,151.0,1.3780747652053833,-1.0,PASS,2.0,0.0
151,28.120040893554688,-0.055244330316782,-0.028397925198078156,0.0,3.4800000190734863,0.6314798593521118,0.9999993443489075,0.7966486811637878,0.5853413939476013,1.0,1.0,1.0,0.806555986404419,-0.055244330316782,-0.07942559570074081,-1.627081274986267,0.0,0.6314798593521118,3.4800000190734863,0.0,0.8512864112854004,0.6314798593521118,152.0,1.4379204511642456,-1.0,PASS,2.0,0.0
152,24.903535842895508,-0.05751500278711319,-0.027253106236457825,0.0,3.4800000190734863,0.6395890116691589,0.9999993443489075,0.8028278350830078,0.5933408737182617,1.0,1.0,1.0,0.8032400012016296,-0.05751500278711319,-0.0807209461927414,-1.5614879131317139,0.0,0.6395890116691589,3.4800000190734863,0.0,0.8512864112854004,0.6395890116691589,153.0,1.418755054473877,-1.0,PASS,2.0,0.0
153,24.466514587402344,-0.05411689355969429,-0.029654698446393013,0.0,3.4800000190734863,0.6533269882202148,0.9999994039535522,0.8113184571266174,0.6105319261550903,1.0,1.0,1.0,0.732367992401123,-0.05411689355969429,-0.07936893403530121,-1.6990890502929688,0.0,0.6533269882202148,3.4800000190734863,0.0,0.8512864112854004,0.6533269882202148,154.0,1.4184235334396362,-1.0,PASS,2.0,0.0
154,24.757862091064453,-0.04347881302237511,-0.03101423755288124,0.0,3.4800000190734863,0.6654161214828491,0.9999994039535522,0.819294810295105,0.6243635416030884,1.0,1.0,1.0,0.7668319940567017,-0.04347881302237511,-0.06988927721977234,-1.7769849300384521,0.0,0.6654161214828491,3.4800000190734863,0.0,0.8512864112854004,0.6654161214828491,155.0,1.3042714595794678,-1.0,PASS,2.0,0.0
155,26.576519012451172,-0.05290599539875984,-0.02971372753381729,0.0,3.4800000190734863,0.6696197986602783,0.9999994039535522,0.8222469687461853,0.6287564039230347,1.0,1.0,1.0,0.7698879837989807,-0.05290599539875984,-0.07820833474397659,-1.702471137046814,0.0,0.6696197986602783,3.4800000190734863,0.0,0.8512864112854004,0.6696197986602783,156.0,1.3420411348342896,5.141892910003662,PASS,2.0,0.0
156,25.641918182373047,-0.034592416137456894,-0.034883707761764526,0.0,3.4800000190734863,0.6566351056098938,0.9999994039535522,0.8102084398269653,0.6209046840667725,1.0,1.0,1.0,0.7480670213699341,-0.034592416137456894,-0.06430049240589142,-1.9986891746520996,0.0,0.6566351056098938,3.4800000190734863,0.0,0.8512864112854004,0.6566351056098938,157.0,1.3413987159729004,-1.0,PASS,2.0,0.0
157,25.75087547302246,-0.050198476761579514,-0.029595457017421722,0.0,3.4800000190734863,0.6692225933074951,0.9999994039535522,0.821658194065094,0.6289566159248352,1.0,1.0,1.0,0.9853169918060303,-0.050198476761579514,-0.07540004700422287,-1.6956948041915894,0.0,0.6692225933074951,3.4800000190734863,0.0,0.8512864112854004,0.6692225933074951,158.0,1.322929859161377,5.140203475952148,PASS,2.0,0.0
158,26.744842529296875,-0.050859395414590836,-0.0303902979940176,0.0,3.4800000190734863,0.6965963244438171,0.9999994039535522,0.8372665047645569,0.6639780402183533,1.0,1.0,1.0,0.762253999710083,-0.050859395414590836,-0.07673820853233337,-1.7412358522415161,0.0,0.6965963244438171,3.4800000190734863,0.0,0.8512864112854004,0.6965963244438171,159.0,1.2338078022003174,5.140625953674316,PASS,2.0,0.0
159,25.919198989868164,-0.038318850100040436,-0.031020522117614746,0.0,3.4800000190734863,0.6886627078056335,0.9999994039535522,0.8323264122009277,0.6547905802726746,1.0,1.0,1.0,0.7674130201339722,-0.038318850100040436,-0.06473467499017715,-1.7773449420928955,0.0,0.6886627078056335,3.4800000190734863,0.0,0.8512864112854004,0.6886627078056335,160.0,1.2696729898452759,5.139358997344971,PASS,2.0,0.0
160,27.095794677734375,-0.03744892776012421,-0.03144682198762894,0.0,3.4800000190734863,0.6965808868408203,0.9999994039535522,0.838074266910553,0.6623373627662659,1.0,1.0,1.0,0.7308560013771057,-0.03744892776012421,-0.06422800570726395,-1.8017702102661133,0.0,0.6965808868408203,3.4800000190734863,0.0,0.8512864112854004,0.6965808868408203,161.0,1.2523008584976196,5.138514518737793,PASS,2.0,0.0
161,25.776386260986328,-0.042498715221881866,-0.030825819820165634,0.0,3.4800000190734863,0.7056835293769836,0.9999994039535522,0.8434351682662964,0.6733561754226685,1.0,1.0,1.0,0.7560930252075195,-0.042498715221881866,-0.06874863058328629,-1.7661893367767334,0.0,0.7056835293769836,3.4800000190734863,0.0,0.8512864112854004,0.7056835293769836,162.0,1.1680314540863037,5.138936996459961,PASS,2.0,0.0
162,25.88367462158203,-0.04232212156057358,-0.03192407637834549,0.0,3.4800000190734863,0.7058078646659851,0.9999994039535522,0.8436152935028076,0.6732937097549438,1.0,1.0,1.0,0.8060349822044373,-0.04232212156057358,-0.0695078894495964,-1.8291147947311401,0.0,0.7058078646659851,3.4800000190734863,0.0,0.8512864112854004,0.7058078646659851,163.0,1.201719880104065,5.138514518737793,PASS,2.0,0.0
163,27.669429779052734,-0.035766176879405975,-0.03241651505231857,0.0,3.4800000190734863,0.7056564092636108,0.9999994039535522,0.8444372415542603,0.6713062524795532,1.0,1.0,1.0,0.8867449760437012,-0.035766176879405975,-0.06337158381938934,-1.8573294878005981,0.0,0.7056564092636108,3.4800000190734863,0.0,0.8512864112854004,0.7056564092636108,164.0,1.1852024793624878,5.138514518737793,PASS,2.0,0.0
164,25.696277618408203,-0.03200343996286392,-0.03723662346601486,0.0,3.4800000190734863,0.7386824488639832,0.9999994039535522,0.8604764938354492,0.7169153690338135,1.0,1.0,1.0,0.7458429932594299,-0.03200343996286392,-0.06371712684631348,-2.1335012912750244,0.0,0.7386824488639832,3.4800000190734863,0.0,0.8512864112854004,0.7386824488639832,165.0,1.1062560081481934,5.013216972351074,PASS,2.0,0.0
165,26.859045028686523,-0.03378327190876007,-0.03678732365369797,0.0,3.4800000190734863,0.7344802021980286,0.9999994039535522,0.8599401712417603,0.7082128524780273,1.0,1.0,0.0,1.7984960079193115,-0.03378327190876007,-0.06511395424604416,-2.1077582836151123,0.0,0.7344802021980286,3.4800000190734863,0.0,0.8512864112854004,0.7344802021980286,166.0,1.1380963325500488,5.013630390167236,PASS,2.0,0.0
166,28.464555740356445,-0.029956543818116188,-0.03838592395186424,0.0,3.4800000190734863,0.7397451996803284,0.9999994039535522,0.8544653058052063,0.7314814329147339,1.0,1.0,1.0,0.7416350245475769,-0.029956543818116188,-0.06265001744031906,-2.1993515491485596,0.0,0.7397451996803284,3.4800000190734863,0.0,0.8512864112854004,0.7397451996803284,167.0,1.1227917671203613,5.011561870574951,PASS,2.0,0.0
167,30.178308486938477,-0.0337698720395565,-0.03697322681546211,0.0,3.4800000190734863,0.7569481730461121,0.9999994039535522,0.8710933923721313,0.7379270195960999,1.0,1.0,1.0,0.7404339909553528,-0.0337698720395565,-0.06525902450084686,-2.1184098720550537,0.0,0.7569481730461121,3.4800000190734863,0.0,0.8512864112854004,0.7569481730461121,168.0,-1.0,5.011561870574951,PASS,2.0,0.0
168,32.13644027709961,-0.03937060013413429,-0.03221091628074646,0.0,3.4800000190734863,0.7532481551170349,0.9999994039535522,0.8718811273574829,0.7278693318367004,1.0,1.0,1.0,0.7495599985122681,-0.03937060013413429,-0.0668008029460907,-1.8455495834350586,0.0,0.7532481551170349,3.4800000190734863,0.0,0.8512864112854004,0.7532481551170349,169.0,1.0626959800720215,4.892043113708496,PASS,2.0,0.0
169,32.78303146362305,-0.03526008501648903,-0.037643250077962875,0.0,3.4800000190734863,0.782996654510498,0.9999994039535522,0.8844870924949646,0.7705106735229492,1.0,1.0,1.0,0.7568439841270447,-0.03526008501648903,-0.06732041388750076,-2.15679931640625,0.0,0.782996654510498,3.4800000190734863,0.0,0.8512864112854004,0.782996654510498,170.0,-1.0,4.892043113708496,PASS,2.0,0.0
170,31.733036041259766,-0.03564813360571861,-0.037393566220998764,0.0,3.4800000190734863,0.7793310880661011,0.9999994039535522,0.8851742148399353,0.7608541250228882,1.0,1.0,1.0,0.7330600023269653,-0.03564813360571861,-0.06749561429023743,-2.142493486404419,0.0,0.7793310880661011,3.4800000190734863,0.0,0.8512864112854004,0.7793310880661011,171.0,-1.0,4.892043113708496,PASS,2.0,0.0
171,35.29524803161621,-0.054940126836299896,-0.030473073944449425,0.0,3.4800000190734863,0.7945812344551086,0.999999463558197,0.8952432870864868,0.7751185297966003,1.0,1.0,1.0,0.7369769811630249,-0.054940126836299896,-0.08088947087526321,-1.7459784746170044,0.0,0.7945812344551086,3.4800000190734863,0.0,0.8512864112854004,0.7945812344551086,172.0,0.9332754611968994,4.892043113708496,PASS,2.0,0.0
172,34.37018394470215,-0.03367297351360321,-0.036957595497369766,0.0,3.4800000190734863,0.784491777420044,0.9999994039535522,0.8845584392547607,0.7737482786178589,1.0,1.0,1.0,0.7213680148124695,-0.03367297351360321,-0.06514880061149597,-2.117514133453369,0.0,0.784491777420044,3.4800000190734863,0.0,0.8512864112854004,0.784491777420044,173.0,-1.0,4.892043113708496,PASS,2.0,0.0
173,36.685943603515625,-0.04467930272221565,-0.03149182349443436,0.0,3.4800000190734863,0.8246011137962341,0.999999463558197,0.9120349287986755,0.8082669973373413,1.0,1.0,1.0,0.8337559700012207,-0.04467930272221565,-0.07149673253297806,-1.8043485879898071,0.0,0.8246011137962341,3.4800000190734863,0.0,0.8512864112854004,0.8246011137962341,174.0,-1.0,4.777141094207764,PASS,2.0,0.0
174,37.683963775634766,-0.051222071051597595,-0.030537046492099762,0.0,3.4800000190734863,0.825585126876831,0.999999463558197,0.9129132032394409,0.8086831569671631,1.0,1.0,1.0,0.734611988067627,-0.051222071051597595,-0.07722592353820801,-1.7496439218521118,0.0,0.825585126876831,3.4800000190734863,0.0,0.8512864112854004,0.825585126876831,175.0,-1.0,4.777538776397705,PASS,2.0,0.0
175,37.587642669677734,-0.04053307697176933,-0.0324275940656662,0.0,3.4800000190734863,0.8395202159881592,0.999999463558197,0.9208305478096008,0.8233982920646667,1.0,1.0,1.0,0.7641270160675049,-0.04053307697176933,-0.0681479275226593,-1.857964277267456,0.0,0.8395202159881592,3.4800000190734863,0.0,0.8512864112854004,0.8395202159881592,176.0,-1.0,4.777538776397705,PASS,2.0,0.0
176,38.24019432067871,-0.040519051253795624,-0.031174803152680397,0.0,3.4800000190734863,0.8368576765060425,0.999999463558197,0.9198490381240845,0.8195549249649048,1.0,1.0,1.0,0.7519140243530273,-0.040519051253795624,-0.06706634163856506,-1.7861846685409546,0.0,0.8368576765060425,3.4800000190734863,0.0,0.8512864112854004,0.8368576765060425,177.0,-1.0,4.777538776397705,PASS,2.0,0.0
177,41.82600975036621,-0.0530182309448719,-0.02911807782948017,0.0,3.4800000190734863,0.8663032650947571,0.999999463558197,0.9359756112098694,0.8511240482330322,1.0,1.0,1.0,0.7309759855270386,-0.0530182309448719,-0.077813059091568,-1.6683429479599,0.0,0.8663032650947571,3.4800000190734863,0.0,0.8512864112854004,0.8663032650947571,178.0,-1.0,4.668543815612793,PASS,2.0,0.0
178,43.90120506286621,-0.05232570692896843,-0.028937561437487602,0.0,3.4800000190734863,0.8902202844619751,0.999999463558197,0.9488720297813416,0.8763762712478638,1.0,1.0,1.0,0.7742559909820557,-0.05232570692896843,-0.07696674019098282,-1.658000111579895,0.0,0.8902202844619751,3.4800000190734863,0.0,0.8512864112854004,0.8902202844619751,179.0,-1.0,4.667763710021973,PASS,2.0,0.0
179,43.08605194091797,-0.0533284917473793,-0.029248161241412163,0.0,3.4800000190734863,0.8888064622879028,0.999999463558197,0.9482471346855164,0.874630868434906,1.0,1.0,1.0,0.7505919933319092,-0.0533284917473793,-0.07823415845632553,-1.6757961511611938,0.0,0.8888064622879028,3.4800000190734863,0.0,0.8512864112854004,0.8888064622879028,180.0,-1.0,4.6673736572265625,PASS,2.0,0.0
180,46.5397834777832,-0.05765195190906525,-0.022020602598786354,0.0,3.4800000190734863,0.919832706451416,0.999999463558197,0.9639453887939453,0.9084751605987549,1.0,1.0,0.0,1.7271039485931396,-0.05765195190906525,-0.07640082389116287,-1.2616876363754272,0.0,0.919832706451416,3.4800000190734863,0.0,0.8512864112854004,0.919832706451416,181.0,-1.0,4.666983604431152,PASS,2.0,0.0
181,26.08203887939453,-0.05958299711346626,-0.028098024427890778,0.0,3.4800000190734863,0.9277952909469604,0.999999463558197,0.9662036895751953,0.9204967617988586,1.0,1.0,1.0,0.7421169877052307,-0.05958299711346626,-0.08350875973701477,-1.6098982095718384,0.0,0.9277952909469604,3.4800000190734863,0.0,0.8512864112854004,0.9277952909469604,182.0,-1.0,4.666593551635742,PASS,2.0,0.0
182,25.141477584838867,-0.05485201254487038,-0.0266236774623394,0.0,3.4800000190734863,0.95232093334198,0.999999463558197,0.9813985228538513,0.9407430291175842,1.0,1.0,1.0,0.7377880215644836,-0.05485201254487038,-0.07752174139022827,-1.5254243612289429,0.0,0.95232093334198,3.4800000190734863,0.0,0.8512864112854004,0.95232093334198,183.0,-1.0,4.666983604431152,PASS,2.0,0.0
183,24.814844131469727,-0.054013244807720184,-0.02920876070857048,0.0,3.4800000190734863,0.9747925400733948,0.999999463558197,0.9930189251899719,0.9632914662361145,1.0,1.0,1.0,0.7368159890174866,-0.054013244807720184,-0.07888533920049667,-1.6735386848449707,0.0,0.9747925400733948,3.4800000190734863,0.0,0.8512864112854004,0.9747925400733948,184.0,-1.0,4.666983604431152,PASS,2.0,0.0
184,25.800228118896484,-0.05293281376361847,-0.03003607876598835,0.0,3.4800000190734863,0.9757347702980042,0.999999463558197,0.9933313131332397,0.9645711779594421,1.0,1.0,1.0,0.7187029719352722,-0.05293281376361847,-0.07850980758666992,-1.7209405899047852,0.0,0.9757347702980042,3.4800000190734863,0.0,0.8512864112854004,0.9757347702980042,185.0,-1.0,4.56168794631958,PASS,2.0,0.0
185,24.98912811279297,-0.04312753304839134,-0.032277606427669525,0.0,3.4800000190734863,0.9753606915473938,0.999999463558197,0.9931902885437012,0.9640968441963196,1.0,1.0,1.0,0.7214879989624023,-0.04312753304839134,-0.07061456888914108,-1.8493705987930298,0.0,0.9753606915473938,3.4800000190734863,0.0,0.8512864112854004,0.9753606915473938,186.0,-1.0,4.560922145843506,PASS,2.0,0.0
186,25.385141372680664,-0.04458582401275635,-0.030782310292124748,0.0,3.4800000190734863,0.9744574427604675,0.999999463558197,0.992710530757904,0.9632261991500854,1.0,1.0,1.0,0.7387909889221191,-0.04458582401275635,-0.07079866528511047,-1.7636964321136475,0.0,0.9744574427604675,3.4800000190734863,0.0,0.8512864112854004,0.9744574427604675,187.0,-1.0,4.560922145843506,PASS,2.0,0.0
187,26.117563247680664,-0.04563777148723602,-0.030875233933329582,0.0,3.4800000190734863,0.9744858145713806,0.999999463558197,0.9928197860717773,0.9630674123764038,1.0,1.0,1.0,0.741694986820221,-0.04563777148723602,-0.07192979007959366,-1.7690205574035645,0.0,0.9744858145713806,3.4800000190734863,0.0,0.8512864112854004,0.9744858145713806,188.0,-1.0,4.1719651222229,PASS,2.0,0.0
188,26.314735412597656,-0.058675773441791534,-0.029872262850403786,0.0,3.4800000190734863,0.9755476117134094,0.999999463558197,0.9930510520935059,0.9647486805915833,1.0,1.0,1.0,0.7400630116462708,-0.058675773441791534,-0.08411318808794022,-1.7115545272827148,0.0,0.9755476117134094,3.4800000190734863,0.0,0.8512864112854004,0.9755476117134094,189.0,-1.0,4.171252727508545,PASS,2.0,0.0
189,24.841785430908203,-0.054972149431705475,-0.027037011459469795,0.0,3.4800000190734863,0.9758092761039734,0.999999463558197,0.9937123656272888,0.9639678001403809,1.0,1.0,1.0,0.7451819777488708,-0.054972149431705475,-0.07799399644136429,-1.5491065979003906,0.0,0.9758092761039734,3.4800000190734863,0.0,0.8512864112854004,0.9758092761039734,190.0,-1.0,4.170897006988525,PASS,2.0,0.0
190,25.01654624938965,-0.056263044476509094,-0.02528064139187336,0.0,3.4800000190734863,0.9756461381912231,0.999999463558197,0.99368816614151,0.9636872410774231,1.0,1.0,1.0,0.7248139977455139,-0.056263044476509094,-0.07778869569301605,-1.4484740495681763,0.0,0.9756461381912231,3.4800000190734863,0.0,0.8512864112854004,0.9756461381912231,191.0,-1.0,4.170540809631348,PASS,2.0,0.0
191,25.593042373657227,-0.057698383927345276,-0.025151561945676804,0.0,3.4800000190734863,0.9756792187690735,0.999999463558197,0.9937469363212585,0.9636377096176147,1.0,1.0,1.0,0.7475159764289856,-0.057698383927345276,-0.07911407947540283,-1.4410783052444458,0.0,0.9756792187690735,3.4800000190734863,0.0,0.8512864112854004,0.9756792187690735,192.0,-1.0,4.17018461227417,PASS,2.0,0.0
192,24.78504180908203,-0.034716855734586716,-0.04068461433053017,0.0,3.4800000190734863,0.9735459089279175,0.999999463558197,0.9861987233161926,0.9743407964706421,1.0,1.0,1.0,0.7250649929046631,-0.034716855734586716,-0.06937023997306824,-2.331056594848633,0.0,0.9735459089279175,3.4800000190734863,0.0,0.8512864112854004,0.9735459089279175,193.0,-1.0,4.168403625488281,PASS,2.0,0.0
193,29.2205810546875,-0.03496707230806351,-0.03992275148630142,0.0,3.4800000190734863,0.9735106825828552,0.999999463558197,0.9858736991882324,0.9749202132225037,1.0,1.0,1.0,0.751052975654602,-0.03496707230806351,-0.06897083669900894,-2.287405252456665,0.0,0.9735106825828552,3.4800000190734863,0.0,0.8512864112854004,0.9735106825828552,194.0,-1.0,4.168403625488281,PASS,2.0,0.0
194,25.09164810180664,-0.06129419058561325,-0.02901502512395382,0.0,3.4800000190734863,0.9755427837371826,0.999999463558197,0.9924448132514954,0.9659390449523926,1.0,1.0,1.0,0.733460009098053,-0.06129419058561325,-0.08600121736526489,-1.6624385118484497,0.0,0.9755427837371826,3.4800000190734863,0.0,0.8512864112854004,0.9755427837371826,195.0,-1.0,4.1694722175598145,PASS,2.0,0.0
195,25.566816329956055,-0.05051044747233391,-0.03678726777434349,0.0,3.4800000190734863,0.9747402667999268,0.999999463558197,0.9849761724472046,0.979216456413269,1.0,1.0,0.0,1.7509469985961914,-0.05051044747233391,-0.08184108138084412,-2.107755184173584,0.0,0.9747402667999268,3.4800000190734863,0.0,0.8512864112854004,0.9747402667999268,196.0,-1.0,4.168403625488281,PASS,2.0,0.0
196,25.54011344909668,-0.05988765507936478,-0.027546430006623268,0.0,3.4800000190734863,0.9756826162338257,0.999999463558197,0.9931564331054688,0.9648120403289795,1.0,1.0,1.0,0.7598689794540405,-0.05988765507936478,-0.0833434909582138,-1.5782941579818726,0.0,0.9756826162338257,3.4800000190734863,0.0,0.8512864112854004,0.9756826162338257,197.0,-1.0,4.170540809631348,PASS,2.0,0.0
197,27.06170082092285,-0.05688883364200592,-0.023794036358594894,0.0,3.4800000190734863,0.9755256175994873,0.999999463558197,0.9874117970466614,0.9759250283241272,1.0,1.0,1.0,0.7584760189056396,-0.05688883364200592,-0.0771481990814209,-1.3632978200912476,0.0,0.9755256175994873,3.4800000190734863,0.0,0.8512864112854004,0.9755256175994873,198.0,-1.0,4.170540809631348,PASS,2.0,0.0
198,28.959274291992188,-0.06094669923186302,-0.02829640917479992,0.0,3.4800000190734863,0.9756520390510559,0.999999463558197,0.9925511479377747,0.9659485220909119,1.0,1.0,1.0,0.7093350291252136,-0.06094669923186302,-0.08504147827625275,-1.6212648153305054,0.0,0.9756520390510559,3.4800000190734863,0.0,0.8512864112854004,0.9756520390510559,199.0,-1.0,3.83137845993042,PASS,2.0,0.0
199,30.599117279052734,-0.06112882122397423,-0.03052571974694729,0.0,3.4800000190734863,0.9756273031234741,0.999999463558197,0.9916458129882812,0.967693567276001,1.0,1.0,1.0,0.7307260036468506,-0.06112882122397423,-0.08712302893400192,-1.7489949464797974,0.0,0.9756273031234741,3.4800000190734863,0.0,0.8512864112854004,0.9756273031234741,200.0,-1.0,3.831045389175415,PASS,2.0,0.0
200,32.326698303222656,-0.04629442095756531,-0.033735547214746475,0.0,3.4800000190734863,0.9755859971046448,0.999999463558197,0.991007924079895,0.968876838684082,1.0,1.0,1.0,0.7368260025978088,-0.04629442095756531,-0.07502393424510956,-1.9329044818878174,0.0,0.9755859971046448,3.4800000190734863,0.0,0.8512864112854004,0.9755859971046448,201.0,-1.0,3.831045389175415,PASS,2.0,0.0
201,36.07296943664551,-0.05320164933800697,-0.026705726981163025,0.0,3.4800000190734863,0.9748659729957581,0.999999463558197,0.9784530401229858,0.9926684498786926,1.0,1.0,1.0,0.7884730100631714,-0.05320164933800697,-0.07594127953052521,-1.5301254987716675,0.0,0.9748659729957581,3.4800000190734863,0.0,0.8512864112854004,0.9748659729957581,202.0,-1.0,3.8303794860839844,PASS,2.0,0.0
202,38.08331489562988,-0.058411285281181335,-0.03015761636197567,0.0,3.4800000190734863,0.9755200147628784,0.999999463558197,0.9775461554527283,0.9958551526069641,1.0,1.0,1.0,0.7246140241622925,-0.058411285281181335,-0.08409184217453003,-1.7279040813446045,0.0,0.9755200147628784,3.4800000190734863,0.0,0.8512864112854004,0.9755200147628784,203.0,-1.0,3.8300464153289795,PASS,2.0,0.0
203,40.82179069519043,-0.06108768284320831,-0.030412064865231514,0.0,3.4800000190734863,0.9754222631454468,0.999999463558197,0.9774476289749146,0.9958562254905701,1.0,1.0,1.0,0.7461839914321899,-0.06108768284320831,-0.0869850441813469,-1.7424830198287964,0.0,0.9754222631454468,3.4800000190734863,0.0,0.8512864112854004,0.9754222631454468,204.0,-1.0,3.911475896835327,PASS,2.0,0.0
204,40.702104568481445,-0.046011459082365036,-0.031562112271785736,0.0,3.4800000190734863,0.9751739501953125,0.999999463558197,0.9771636128425598,0.9959282279014587,1.0,1.0,1.0,0.7344020009040833,-0.046011459082365036,-0.07288878411054611,-1.8083758354187012,0.0,0.9751739501953125,3.4800000190734863,0.0,0.8512864112854004,0.9751739501953125,205.0,-1.0,3.8297133445739746,PASS,2.0,0.0
205,42.18006134033203,-0.060413822531700134,-0.024642687290906906,0.0,3.4800000190734863,0.9751393795013428,0.999999463558197,0.975437343120575,0.9993896484375,1.0,1.0,1.0,0.740884006023407,-0.060413822531700134,-0.08139605820178986,-1.4119219779968262,0.0,0.9751393795013428,3.4800000190734863,0.0,0.8512864112854004,0.9751393795013428,206.0,-1.0,3.911475896835327,PASS,2.0,0.0
206,43.73335838317871,-0.061196569353342056,-0.028304416686296463,0.0,3.4800000190734863,0.9750162959098816,0.999999463558197,0.9751816391944885,0.9996613264083862,1.0,1.0,1.0,0.7425069808959961,-0.061196569353342056,-0.08529817312955856,-1.6217236518859863,0.0,0.9750162959098816,3.4800000190734863,0.0,0.8512864112854004,0.9750162959098816,207.0,-1.0,3.910799026489258,PASS,2.0,0.0
207,46.613454818725586,-0.06279191374778748,-0.027172328904271126,0.0,3.4800000190734863,0.9749451875686646,0.999999463558197,0.9752218723297119,0.9994331002235413,1.0,1.0,1.0,0.7416849732398987,-0.06279191374778748,-0.08592904359102249,-1.5568597316741943,0.0,0.9749451875686646,3.4800000190734863,0.0,0.8512864112854004,0.9749451875686646,208.0,-1.0,3.831045389175415,PASS,2.0,0.0
208,50.24886131286621,-0.04350844398140907,-0.030845077708363533,0.0,3.4800000190734863,0.9408389329910278,0.999999463558197,0.9574680924415588,0.9652647972106934,1.0,1.0,1.0,0.7353240251541138,-0.04350844398140907,-0.06977476924657822,-1.7672927379608154,0.0,0.9408389329910278,3.4800000190734863,0.0,0.8512864112854004,0.9408389329910278,209.0,-1.0,3.533777952194214,PASS,2.0,0.0
209,25.188446044921875,-0.03819608688354492,-0.0329163521528244,0.0,3.4800000190734863,0.914426326751709,0.999999463558197,0.9435358047485352,0.9382976293563843,1.0,1.0,1.0,0.7445499897003174,-0.03819608688354492,-0.06622745096683502,-1.8859680891036987,0.0,0.914426326751709,3.4800000190734863,0.0,0.8512864112854004,0.914426326751709,210.0,-1.0,3.5328400135040283,PASS,2.0,0.0
210,25.076627731323242,-0.05136672034859657,-0.027774356305599213,0.0,3.4800000190734863,0.937995195388794,0.999999463558197,0.955725371837616,0.9628974795341492,1.0,1.0,0.0,1.7395570278167725,-0.05136672034859657,-0.07501673698425293,-1.591353416442871,0.0,0.937995195388794,3.4800000190734863,0.0,0.8512864112854004,0.937995195388794,211.0,-1.0,3.532527446746826,PASS,2.0,0.0
211,25.21038055419922,-0.054345112293958664,-0.02434440702199936,0.0,3.4800000190734863,0.9417681694030762,0.999999463558197,0.945262610912323,0.9926069974899292,1.0,1.0,1.0,0.764378011226654,-0.054345112293958664,-0.07507327198982239,-1.3948317766189575,0.0,0.9417681694030762,3.4800000190734863,0.0,0.8512864112854004,0.9417681694030762,212.0,-1.0,3.5315895080566406,PASS,2.0,0.0
212,24.878263473510742,-0.05146677792072296,-0.02515256404876709,0.0,3.4800000190734863,0.9377606511116028,0.999999463558197,0.9432554244995117,0.9883499145507812,1.0,1.0,1.0,0.751924991607666,-0.05146677792072296,-0.07288333028554916,-1.4411357641220093,0.0,0.9377606511116028,3.4800000190734863,0.0,0.8512864112854004,0.9377606511116028,213.0,-1.0,3.6056056022644043,PASS,2.0,0.0
213,26.206493377685547,-0.03628813847899437,-0.03084670938551426,0.0,3.4800000190734863,0.9366962313652039,0.999999463558197,0.9410880208015442,0.9906671047210693,1.0,1.0,1.0,0.7476459741592407,-0.03628813847899437,-0.06255585700273514,-1.7673863172531128,0.0,0.9366962313652039,3.4800000190734863,0.0,0.8512864112854004,0.9366962313652039,214.0,-1.0,3.603700637817383,PASS,2.0,0.0
214,25.34961700439453,-0.035835642367601395,-0.03085031919181347,0.0,3.4800000190734863,0.8946961164474487,0.999999463558197,0.919709324836731,0.9456067085266113,1.0,1.0,1.0,0.7251449823379517,-0.035835642367601395,-0.062106434255838394,-1.7675931453704834,0.0,0.8946961164474487,3.4800000190734863,0.0,0.8512864112854004,0.8946961164474487,215.0,-1.0,3.6033830642700195,PASS,2.0,0.0
215,25.689363479614258,-0.0506536029279232,-0.02393433451652527,0.0,3.4800000190734863,0.8648011088371277,0.999999463558197,0.9037703275680542,0.9137635231018066,1.0,1.0,1.0,0.7440199851989746,-0.0506536029279232,-0.07103246450424194,-1.3713363409042358,0.0,0.8648011088371277,3.4800000190734863,0.0,0.8512864112854004,0.8648011088371277,216.0,-1.0,3.542844772338867,PASS,2.0,0.0
216,25.211334228515625,-0.05133785307407379,-0.023938778787851334,0.0,3.4800000190734863,0.8763737082481384,0.999999463558197,0.909528911113739,0.9270941615104675,1.0,1.0,1.0,0.7240430116653442,-0.05133785307407379,-0.07172050327062607,-1.3715909719467163,0.0,0.8763737082481384,3.4800000190734863,0.0,0.8512864112854004,0.8763737082481384,217.0,-1.0,3.531902313232422,PASS,2.0,0.0
217,25.83765983581543,-0.053934384137392044,-0.030409764498472214,0.0,3.4800000190734863,0.8741297125816345,0.999999463558197,0.9047074913978577,0.9324034452438354,1.0,1.0,1.0,0.7183730006217957,-0.053934384137392044,-0.07982978224754333,-1.7423511743545532,0.0,0.8741297125816345,3.4800000190734863,0.0,0.8512864112854004,0.8741297125816345,218.0,-1.0,3.2688241004943848,PASS,2.0,0.0
218,27.803659439086914,-0.035978808999061584,-0.03093327209353447,0.0,3.4800000190734863,0.8733874559402466,0.999999463558197,0.8989079594612122,0.9432194828987122,1.0,1.0,1.0,0.726498007774353,-0.035978808999061584,-0.0623202845454216,-1.7723459005355835,0.0,0.8733874559402466,3.4800000190734863,0.0,0.8512864112854004,0.8733874559402466,219.0,-1.0,3.267940044403076,PASS,2.0,0.0
219,25.261878967285156,-0.049363527446985245,-0.028830867260694504,0.0,3.4800000190734863,0.8967886567115784,0.999999463558197,0.910855770111084,0.9691128730773926,1.0,1.0,1.0,0.7333400249481201,-0.049363527446985245,-0.07391365617513657,-1.651887059211731,0.0,0.8967886567115784,3.4800000190734863,0.0,0.8512864112854004,0.8967886567115784,220.0,-1.0,3.4040660858154297,PASS,2.0,0.0
220,46.29349708557129,-0.06719309836626053,-0.020288364961743355,0.0,3.4800000190734863,0.9040221571922302,0.999999463558197,0.9142194986343384,0.9776923060417175,1.0,1.0,1.0,0.7878720164299011,-0.06719309836626053,-0.08446668088436127,-1.1624376773834229,0.0,0.9040221571922302,3.4800000190734863,0.0,0.8512864112854004,0.9040221571922302,221.0,-1.0,3.39557147026062,PASS,2.0,0.0
221,27.257442474365234,-0.06926507502794266,-0.020518187433481216,0.0,3.4800000190734863,0.9041264653205872,0.999999463558197,0.913225531578064,0.9800732731819153,1.0,1.0,1.0,0.7472760081291199,-0.06926507502794266,-0.08673437684774399,-1.1756055355072021,0.0,0.9041264653205872,3.4800000190734863,0.0,0.8512864112854004,0.9041264653205872,222.0,-1.0,3.395268201828003,PASS,2.0,0.0
222,24.586915969848633,-0.06907280534505844,-0.020070303231477737,0.0,3.4800000190734863,0.9035789370536804,0.999999463558197,0.9066287875175476,0.9932727813720703,1.0,1.0,1.0,0.732928991317749,-0.06907280534505844,-0.08616067469120026,-1.1499437093734741,0.0,0.9035789370536804,3.4800000190734863,0.0,0.8512864112854004,0.9035789370536804,223.0,-1.0,3.3311269283294678,PASS,2.0,0.0
223,31.04090690612793,-0.05480634421110153,-0.022010914981365204,0.0,3.4800000190734863,0.9013062119483948,0.999999463558197,0.9041620492935181,0.9936834573745728,1.0,1.0,1.0,0.7431880235671997,-0.05480634421110153,-0.07354696094989777,-1.2611324787139893,0.0,0.9013062119483948,3.4800000190734863,0.0,0.8512864112854004,0.9013062119483948,224.0,-1.0,3.330528974533081,PASS,2.0,0.0
224,25.850772857666016,-0.05665118619799614,-0.024121901020407677,0.0,3.4800000190734863,0.9002404808998108,0.999999463558197,0.9041200876235962,0.9914184212684631,1.0,1.0,1.0,0.7272890210151672,-0.05665118619799614,-0.07718981802463531,-1.3820831775665283,0.0,0.9002404808998108,3.4800000190734863,0.0,0.8512864112854004,0.9002404808998108,225.0,-1.0,3.2676453590393066,PASS,2.0,0.0
225,28.482675552368164,-0.06902945786714554,-0.019063683226704597,0.0,3.4800000190734863,0.8631874918937683,0.9999994039535522,0.8803719282150269,0.9609615802764893,1.0,1.0,0.0,1.808243989944458,-0.06902945786714554,-0.08526007831096649,-1.0922685861587524,0.0,0.8631874918937683,3.4800000190734863,0.0,0.8512864112854004,0.8631874918937683,226.0,-1.0,3.0367794036865234,PASS,2.0,0.0
226,25.986671447753906,-0.06394245475530624,-0.01897555962204933,0.0,3.4800000190734863,0.8591148853302002,0.9999994039535522,0.8763424754142761,0.9606835246086121,1.0,1.0,1.0,0.7318570017814636,-0.06394245475530624,-0.08009803295135498,-1.087219476699829,0.0,0.8591148853302002,3.4800000190734863,0.0,0.8512864112854004,0.8591148853302002,227.0,-1.0,3.0323219299316406,PASS,2.0,0.0
227,24.74379539489746,-0.0656483918428421,-0.02045186422765255,0.0,3.4800000190734863,0.8617343902587891,0.9999994039535522,0.8762845396995544,0.9667918682098389,1.0,1.0,1.0,0.738448977470398,-0.0656483918428421,-0.08306121081113815,-1.171805500984192,0.0,0.8617343902587891,3.4800000190734863,0.0,0.8512864112854004,0.8617343902587891,228.0,-1.0,3.032043218612671,PASS,2.0,0.0
228,25.040388107299805,-0.0637199804186821,-0.02145368792116642,0.0,3.4800000190734863,0.8558930158615112,0.9999994039535522,0.8650216460227966,0.9788945317268372,1.0,1.0,1.0,0.7304350137710571,-0.0637199804186821,-0.08198601752519608,-1.2292057275772095,0.0,0.8558930158615112,3.4800000190734863,0.0,0.8512864112854004,0.8558930158615112,229.0,-1.0,3.032043218612671,PASS,2.0,0.0
229,25.783061981201172,-0.06869687139987946,-0.015157453715801239,0.0,3.4800000190734863,0.8615701794624329,0.9999994039535522,0.8679907321929932,0.9852064251899719,1.0,1.0,1.0,0.7197650074958801,-0.06869687139987946,-0.08160119503736496,-0.8684581518173218,0.0,0.8615701794624329,3.4800000190734863,0.0,0.8512864112854004,0.8615701794624329,230.0,-1.0,3.145989179611206,PASS,2.0,0.0
230,28.98240089416504,-0.06943298876285553,-0.017153559252619743,0.0,3.4800000190734863,0.863856852054596,0.9999994039535522,0.8687343001365662,0.9887716770172119,1.0,1.0,1.0,0.7489089965820312,-0.06943298876285553,-0.08403701335191727,-0.9828265309333801,0.0,0.863856852054596,3.4800000190734863,0.0,0.8512864112854004,0.863856852054596,231.0,-1.0,3.0885157585144043,PASS,2.0,0.0
231,24.749755859375,-0.06995910406112671,-0.018982764333486557,0.0,3.4800000190734863,0.8628533482551575,0.9999994039535522,0.8683710694313049,0.9872922897338867,1.0,1.0,1.0,0.729062020778656,-0.06995910406112671,-0.08612081408500671,-1.0876322984695435,0.0,0.8628533482551575,3.4800000190734863,0.0,0.8512864112854004,0.8628533482551575,232.0,-1.0,3.0876684188842773,PASS,2.0,0.0
232,25.942325592041016,-0.07014018297195435,-0.015749039128422737,0.0,3.4800000190734863,0.8600479960441589,0.9999994039535522,0.8653967976570129,0.9876390695571899,1.0,1.0,1.0,0.7236620187759399,-0.07014018297195435,-0.08354823291301727,-0.9023534655570984,0.0,0.8600479960441589,3.4800000190734863,0.0,0.8512864112854004,0.8600479960441589,233.0,-1.0,3.0314860343933105,PASS,2.0,0.0
233,25.10547637939453,-0.07266109436750412,-0.018766343593597412,0.0,3.4800000190734863,0.854145348072052,0.9999994039535522,0.8588614463806152,0.9890183806419373,1.0,1.0,1.0,0.7445420026779175,-0.07266109436750412,-0.08863850682973862,-1.0752322673797607,0.0,0.854145348072052,3.4800000190734863,0.0,0.8512864112854004,0.854145348072052,234.0,-1.0,2.8209388256073,PASS,2.0,0.0
234,25.778532028198242,-0.060930218547582626,-0.023520389571785927,0.0,3.4800000190734863,0.8379999995231628,0.9999994039535522,0.8451644778251648,0.9830464720726013,1.0,1.0,1.0,0.7363359928131104,-0.060930218547582626,-0.08095649629831314,-1.3476190567016602,0.0,0.8379999995231628,3.4800000190734863,0.0,0.8512864112854004,0.8379999995231628,235.0,-1.0,2.8204104900360107,PASS,2.0,0.0
235,28.009414672851562,-0.0707257017493248,-0.014723376370966434,0.0,3.4800000190734863,0.8286140561103821,0.9999994039535522,0.8341602683067322,0.9867029786109924,1.0,1.0,1.0,0.7383490204811096,-0.0707257017493248,-0.0832604169845581,-0.843587338924408,0.0,0.8286140561103821,3.4800000190734863,0.0,0.8512864112854004,0.8286140561103821,236.0,-1.0,2.820146083831787,PASS,2.0,0.0
236,26.410579681396484,-0.07322884351015091,-0.016738394275307655,0.0,3.4800000190734863,0.8292419910430908,0.9999994039535522,0.8344564437866211,0.9875027537345886,1.0,1.0,1.0,0.7650690078735352,-0.07322884351015091,-0.08747934550046921,-0.9590393304824829,0.0,0.8292419910430908,3.4800000190734863,0.0,0.8512864112854004,0.8292419910430908,237.0,-1.0,2.8778762817382812,PASS,2.0,0.0
237,24.64580535888672,-0.07188808917999268,-0.015965435653924942,0.0,3.4800000190734863,0.8279631733894348,0.9999994039535522,0.8329622745513916,0.9879974126815796,1.0,1.0,1.0,0.8346980214118958,-0.07188808917999268,-0.08548039942979813,-0.9147520661354065,0.0,0.8279631733894348,3.4800000190734863,0.0,0.8512864112854004,0.8279631733894348,238.0,-1.0,2.8714520931243896,PASS,2.0,0.0
238,25.42853355407715,-0.07382696121931076,-0.01685226336121559,0.0,3.4800000190734863,0.8214213252067566,0.9999994039535522,0.830686092376709,0.9776942729949951,1.0,1.0,1.0,0.7499009966850281,-0.07382696121931076,-0.08817442506551743,-0.9655635952949524,0.0,0.8214213252067566,3.4800000190734863,0.0,0.8512864112854004,0.8214213252067566,239.0,-1.0,2.824373722076416,PASS,2.0,0.0
239,25.1772403717041,-0.07674466818571091,-0.017838528379797935,0.0,3.4800000190734863,0.816243052482605,0.9999994039535522,0.8247050642967224,0.9794792532920837,1.0,1.0,1.0,0.7397419810295105,-0.07674466818571091,-0.09193197637796402,-1.022072434425354,0.0,0.816243052482605,3.4800000190734863,0.0,0.8512864112854004,0.816243052482605,240.0,-1.0,2.633500814437866,PASS,2.0,0.0
240,27.53758430480957,-0.0861043632030487,-0.010375559329986572,0.0,3.4800000190734863,0.7946435213088989,0.9999993443489075,0.8083657622337341,0.9660500884056091,1.0,1.0,0.0,1.815356969833374,-0.0861043632030487,-0.09493725001811981,-0.5944757461547852,0.0,0.7946435213088989,3.4800000190734863,0.0,0.8512864112854004,0.7946435213088989,241.0,-1.0,2.6294808387756348,PASS,2.0,0.0
241,26.039600372314453,-0.08784869313240051,-0.008308754302561283,0.0,3.4800000190734863,0.7944457530975342,0.9999993443489075,0.7984967231750488,0.9898540377616882,1.0,1.0,1.0,0.7363560199737549,-0.08784869313240051,-0.09492198377847672,-0.4760565459728241,0.0,0.7944457530975342,3.4800000190734863,0.0,0.8512864112854004,0.7944457530975342,242.0,-1.0,2.6837711334228516,PASS,2.0,0.0
242,26.22842788696289,-0.08165914565324783,-0.01929112710058689,0.0,3.4800000190734863,0.7878956198692322,0.9999993443489075,0.7942174673080444,0.9840809106826782,1.0,1.0,1.0,0.7364959716796875,-0.08165914565324783,-0.09808345884084702,-1.1053001880645752,0.0,0.7878956198692322,3.4800000190734863,0.0,0.8512864112854004,0.7878956198692322,243.0,-1.0,2.6753768920898438,PASS,2.0,0.0
243,30.37285804748535,-0.07327204942703247,-0.024394363164901733,0.0,3.4800000190734863,0.7923141121864319,0.9999993443489075,0.796825110912323,0.9886782765388489,1.0,1.0,1.0,0.7332900166511536,-0.07327204942703247,-0.09404275566339493,-1.3976941108703613,0.0,0.7923141121864319,3.4800000190734863,0.0,0.8512864112854004,0.7923141121864319,244.0,-1.0,2.674868106842041,PASS,2.0,0.0
244,31.622886657714844,-0.10122623294591904,-0.001676551066339016,0.0,3.4800000190734863,0.7504969239234924,0.9999993443489075,0.7753776907920837,0.9358234405517578,1.0,1.0,1.0,0.7224400043487549,-0.10122623294591904,-0.10265345871448517,-0.09605930000543594,0.0,0.7504969239234924,3.4800000190734863,0.0,0.8512864112854004,0.7504969239234924,245.0,-1.0,2.466417074203491,PASS,2.0,0.0
245,33.796072006225586,-0.10156293213367462,-0.0007638685638085008,0.0,3.4800000190734863,0.746607780456543,0.9999993443489075,0.7711950540542603,0.9362366199493408,1.0,1.0,1.0,0.750091016292572,-0.10156293213367462,-0.10221320390701294,-0.04376644641160965,0.0,0.746607780456543,3.4800000190734863,0.0,0.8512864112854004,0.746607780456543,246.0,-1.0,2.4565978050231934,PASS,2.0,0.0
246,36.682844161987305,-0.07951471209526062,-0.017854223027825356,0.0,3.4800000190734863,0.7488285303115845,0.9999993443489075,0.7545401453971863,0.9848613739013672,1.0,1.0,1.0,0.757856011390686,-0.07951471209526062,-0.09471538662910461,-1.0229716300964355,0.0,0.7488285303115845,3.4800000190734863,0.0,0.8512864112854004,0.7488285303115845,247.0,-1.0,2.4556398391723633,PASS,2.0,0.0
247,39.14809226989746,-0.07468803226947784,-0.017310887575149536,0.0,3.4800000190734863,0.7480908632278442,0.9999993443489075,0.7541185617446899,0.9840145707130432,1.0,1.0,1.0,1.6586960554122925,-0.07468803226947784,-0.08942602574825287,-0.9918407797813416,0.0,0.7480908632278442,3.4800000190734863,0.0,0.8512864112854004,0.7480908632278442,248.0,-1.0,2.498046875,PASS,2.0,0.0
248,38.64288330078125,-0.07216166704893112,-0.017902003601193428,0.0,3.4800000190734863,0.7463520169258118,0.9999993443489075,0.7529146075248718,0.9825681447982788,1.0,1.0,1.0,0.7848060131072998,-0.07216166704893112,-0.08740302920341492,-1.0257092714309692,0.0,0.7463520169258118,3.4800000190734863,0.0,0.8512864112854004,0.7463520169258118,249.0,-1.0,2.463303565979004,PASS,2.0,0.0
249,39.59321975708008,-0.08016619086265564,-0.008481320925056934,0.0,3.4800000190734863,0.7195006012916565,0.9999992847442627,0.7384592890739441,0.948654055595398,1.0,1.0,1.0,0.7609509825706482,-0.08016619086265564,-0.08738639950752258,-0.48594388365745544,0.0,0.7195006012916565,3.4800000190734863,0.0,0.8512864112854004,0.7195006012916565,250.0,-1.0,2.299349069595337,PASS,2.0,0.0
250,41.112661361694336,-0.08955561369657516,-0.0019214368658140302,0.0,3.4800000190734863,0.7185894846916199,0.9999992847442627,0.7345664501190186,0.956500232219696,1.0,1.0,1.0,0.7447810173034668,-0.08955561369657516,-0.09119130671024323,-0.1100902259349823,0.0,0.7185894846916199,3.4800000190734863,0.0,0.8512864112854004,0.7185894846916199,251.0,-1.0,2.3755970001220703,PASS,2.0,0.0
251,43.44034194946289,-0.058439772576093674,-0.022745609283447266,0.0,3.4800000190734863,0.7186134457588196,0.9999992847442627,0.7235159277915955,0.9864489436149597,1.0,1.0,1.0,0.7826520204544067,-0.058439772576093674,-0.07780613750219345,-1.303227424621582,0.0,0.7186134457588196,3.4800000190734863,0.0,0.8512864112854004,0.7186134457588196,252.0,-1.0,2.3364651203155518,PASS,2.0,0.0
252,46.33212089538574,-0.07182381302118301,-0.013447677716612816,0.0,3.4800000190734863,0.6825751066207886,0.9999992847442627,0.7056376934051514,0.9346340298652649,1.0,1.0,1.0,0.7614520192146301,-0.07182381302118301,-0.08327233046293259,-0.7704951763153076,0.0,0.6825751066207886,3.4800000190734863,0.0,0.8512864112854004,0.6825751066207886,253.0,-1.0,2.298434019088745,PASS,2.0,0.0
253,46.01645469665527,-0.08423984050750732,-0.01046662125736475,0.0,3.4800000190734863,0.6829262375831604,0.9999992847442627,0.7055361866950989,0.9359079003334045,1.0,1.0,1.0,0.7395020127296448,-0.08423984050750732,-0.09315025806427002,-0.599693238735199,0.0,0.6829262375831604,3.4800000190734863,0.0,0.8512864112854004,0.6829262375831604,254.0,-1.0,2.1550772190093994,PASS,2.0,0.0
254,46.92721366882324,-0.0867898166179657,-0.00888459850102663,0.0,3.4800000190734863,0.6815182566642761,0.9999992847442627,0.7014554738998413,0.9431553483009338,1.0,1.0,1.0,0.7279499769210815,-0.0867898166179657,-0.09435335546731949,-0.5090500116348267,0.0,0.6815182566642761,3.4800000190734863,0.0,0.8512864112854004,0.6815182566642761,255.0,-1.0,2.1544201374053955,PASS,2.0,0.0
255,26.459455490112305,-0.06607293337583542,-0.021948954090476036,0.0,3.4800000190734863,0.6828328967094421,0.9999992847442627,0.6846434473991394,0.9947118163108826,1.0,1.0,0.0,1.7430729866027832,-0.06607293337583542,-0.08476077765226364,-1.257582426071167,0.0,0.6828328967094421,3.4800000190734863,0.0,0.8512864112854004,0.6828328967094421,256.0,-1.0,2.189702033996582,PASS,2.0,0.0
256,25.42424201965332,-0.06793193519115448,-0.02734917402267456,0.0,3.4800000190734863,0.6798615455627441,0.9999992847442627,0.6831389665603638,0.9904056191444397,1.0,1.0,1.0,0.7210469841957092,-0.06793193519115448,-0.09121972322463989,-1.5669922828674316,0.0,0.6798615455627441,3.4800000190734863,0.0,0.8512864112854004,0.6798615455627441,257.0,-1.0,2.02890944480896,PASS,2.0,0.0
257,25.696992874145508,-0.07614292949438095,-0.01785445213317871,0.0,3.4800000190734863,0.6410223245620728,0.9999992251396179,0.6633669137954712,0.932633638381958,1.0,1.0,1.0,0.7243340015411377,-0.07614292949438095,-0.09134379774332047,-1.0229847431182861,0.0,0.6410223245620728,3.4800000190734863,0.0,0.8512864112854004,0.6410223245620728,258.0,-1.0,2.022189140319824,PASS,2.0,0.0
258,26.946544647216797,-0.08479384332895279,-0.0076923375017941,0.0,3.4800000190734863,0.6087741255760193,0.9999992251396179,0.646041989326477,0.8846278786659241,1.0,1.0,1.0,0.7347729802131653,-0.08479384332895279,-0.09134235233068466,-0.4407384693622589,0.0,0.6087741255760193,3.4800000190734863,0.0,0.8512864112854004,0.6087741255760193,259.0,-1.0,2.0542218685150146,PASS,2.0,0.0
259,26.424169540405273,-0.07536891102790833,-0.01863311603665352,0.0,3.4800000190734863,0.6071947813034058,0.9999992251396179,0.6304059028625488,0.9263620972633362,1.0,1.0,1.0,0.7432379722595215,-0.07536891102790833,-0.09123286604881287,-1.0675989389419556,0.0,0.6071947813034058,3.4800000190734863,0.0,0.8512864112854004,0.6071947813034058,260.0,-1.0,2.028489351272583,PASS,2.0,0.0
260,26.038169860839844,-0.07414627075195312,-0.018673505634069443,0.0,3.4800000190734863,0.6070075035095215,0.9999992251396179,0.6302739977836609,0.9261710047721863,1.0,1.0,1.0,0.7445409893989563,-0.07414627075195312,-0.09004461765289307,-1.0699130296707153,0.0,0.6070075035095215,3.4800000190734863,0.0,0.8512864112854004,0.6070075035095215,261.0,-1.0,1.9007551670074463,PASS,2.0,0.0
261,39.464473724365234,-0.07358746975660324,-0.014062069356441498,0.0,3.4800000190734863,0.6069818139076233,0.9999992251396179,0.6298884749412537,0.9272683262825012,1.0,1.0,1.0,0.7437999844551086,-0.07358746975660324,-0.08555910736322403,-0.8056972026824951,0.0,0.6069818139076233,3.4800000190734863,0.0,0.8512864112854004,0.6069818139076233,262.0,-1.0,1.899948239326477,PASS,2.0,0.0
262,27.592182159423828,-0.06709351390600204,-0.026641348376870155,0.0,3.4800000190734863,0.6055608987808228,0.9999991655349731,0.6139250993728638,0.9727524518966675,1.0,1.0,1.0,0.808991014957428,-0.06709351390600204,-0.08977829664945602,-1.5264368057250977,0.0,0.6055608987808228,3.4800000190734863,0.0,0.8512864112854004,0.6055608987808228,263.0,-1.0,1.9303117990493774,PASS,2.0,0.0
263,27.37569808959961,-0.07551615685224533,-0.014402903616428375,0.0,3.4800000190734863,0.5688555240631104,0.9999991655349731,0.594930112361908,0.9123448729515076,1.0,1.0,1.0,0.7518939971923828,-0.07551615685224533,-0.0877780020236969,-0.8252255916595459,0.0,0.5688555240631104,3.4800000190734863,0.0,0.8512864112854004,0.5688555240631104,264.0,-1.0,1.7885055541992188,PASS,2.0,0.0
264,25.96902847290039,-0.0968446433544159,-0.003210166934877634,0.0,3.4800000190734863,0.5681554675102234,0.9999991655349731,0.594594419002533,0.9110697507858276,1.0,1.0,1.0,0.742347002029419,-0.0968446433544159,-0.09957742691040039,-0.18392901122570038,0.0,0.5681554675102234,3.4800000190734863,0.0,0.8512864112854004,0.5681554675102234,265.0,-1.0,1.787729263305664,PASS,2.0,0.0
265,26.47113800048828,-0.07817340642213821,-0.014882715418934822,0.0,3.4800000190734863,0.5676077008247375,0.9999991059303284,0.5788031220436096,0.9613161683082581,1.0,1.0,1.0,0.7438889741897583,-0.07817340642213821,-0.0908437967300415,-0.8527168035507202,0.0,0.5676077008247375,3.4800000190734863,0.0,0.8512864112854004,0.5676077008247375,266.0,-1.0,1.8059731721878052,PASS,2.0,0.0
266,25.825023651123047,-0.08109138160943985,-0.017411712557077408,0.0,3.4800000190734863,0.56618332862854,0.9999991059303284,0.5784085392951965,0.957728922367096,1.0,1.0,1.0,0.7575849890708923,-0.08109138160943985,-0.09591523557901382,-0.9976176619529724,0.0,0.56618332862854,3.4800000190734863,0.0,0.8512864112854004,0.56618332862854,267.0,-1.0,1.6917284727096558,PASS,2.0,0.0
267,27.30536460876465,-0.07543280720710754,-0.013472499325871468,0.0,3.4800000190734863,0.5351974368095398,0.9999991059303284,0.5619065165519714,0.9049351215362549,1.0,1.0,1.0,0.8189389705657959,-0.07543280720710754,-0.08690245449542999,-0.7719173431396484,0.0,0.5351974368095398,3.4800000190734863,0.0,0.8512864112854004,0.5351974368095398,268.0,-1.0,1.6831268072128296,PASS,2.0,0.0
268,25.708675384521484,-0.07880478352308273,-0.020298007875680923,0.0,3.4800000190734863,0.5328449010848999,0.9999990463256836,0.543752908706665,0.9598796963691711,1.0,1.0,1.0,0.7788040041923523,-0.07880478352308273,-0.09608657658100128,-1.1629902124404907,0.0,0.5328449010848999,3.4800000190734863,0.0,0.8512864112854004,0.5328449010848999,269.0,-1.0,1.602837324142456,PASS,2.0,0.0
269,25.120973587036133,-0.07713936269283295,-0.02054752968251705,0.0,3.4800000190734863,0.5101471543312073,0.9999990463256836,0.5318348407745361,0.9184430241584778,1.0,1.0,1.0,0.7564529776573181,-0.07713936269283295,-0.09463365375995636,-1.1772867441177368,0.0,0.5101471543312073,3.4800000190734863,0.0,0.8512864112854004,0.5101471543312073,270.0,-1.0,1.5856990814208984,PASS,2.0,0.0
270,26.6268253326416,-0.07201981544494629,-0.025479545816779137,0.0,3.4800000190734863,0.5047857165336609,0.9999990463256836,0.5287061333656311,0.909514307975769,1.0,1.0,0.0,1.7417409420013428,-0.07201981544494629,-0.09371490031480789,-1.459870457649231,0.0,0.5047857165336609,3.4800000190734863,0.0,0.8512864112854004,0.5047857165336609,271.0,-1.0,1.5847970247268677,PASS,2.0,0.0
271,26.36241912841797,-0.0734434500336647,-0.026424482464790344,0.0,3.4800000190734863,0.4981396198272705,0.9999989867210388,0.508851170539856,0.9579000473022461,1.0,1.0,1.0,0.7273889780044556,-0.0734434500336647,-0.09594348818063736,-1.514011263847351,0.0,0.4981396198272705,3.4800000190734863,0.0,0.8512864112854004,0.4981396198272705,272.0,-1.0,1.4955861568450928,PASS,2.0,0.0
272,25.23350715637207,-0.07655879110097885,-0.019376397132873535,0.0,3.4800000190734863,0.47864416241645813,0.999998927116394,0.4813140630722046,0.9889068603515625,1.0,1.0,1.0,0.7379580140113831,-0.07655879110097885,-0.09305571764707565,-1.1101857423782349,0.0,0.47864416241645813,3.4800000190734863,0.0,0.8512864112854004,0.47864416241645813,273.0,-1.0,1.424200415611267,PASS,2.0,0.0
273,25.193452835083008,-0.06220193952322006,-0.0332053042948246,0.0,3.4800000190734863,0.47695237398147583,0.999998927116394,0.4804178774356842,0.9855740666389465,1.0,1.0,1.0,0.7307860255241394,-0.06220193952322006,-0.09047956019639969,-1.9025237560272217,0.0,0.47695237398147583,3.4800000190734863,0.0,0.8512864112854004,0.47695237398147583,274.0,-1.0,1.4156060218811035,PASS,2.0,0.0
274,26.015281677246094,-0.09722104668617249,-0.003114733612164855,0.0,3.4800000190734863,0.43935084342956543,0.999998927116394,0.46132978796958923,0.9047158360481262,1.0,1.0,1.0,0.7520350217819214,-0.09722104668617249,-0.09987258911132812,-0.17846108973026276,0.0,0.43935084342956543,3.4800000190734863,0.0,0.8512864112854004,0.43935084342956543,275.0,-1.0,1.33859121799469,PASS,2.0,0.0
275,25.01082420349121,-0.09007541835308075,-0.007969588972628117,0.0,3.4800000190734863,0.4383794367313385,0.9999988675117493,0.4425326883792877,0.9812307953834534,1.0,1.0,1.0,0.7577360272407532,-0.09007541835308075,-0.09685996174812317,-0.4566238224506378,0.0,0.4383794367313385,3.4800000190734863,0.0,0.8512864112854004,0.4383794367313385,276.0,-1.0,1.3367966413497925,PASS,2.0,0.0
276,26.336193084716797,-0.09009940177202225,-0.010013043880462646,0.0,3.4800000190734863,0.40670400857925415,0.9999987483024597,0.4130632281303406,0.9692105650901794,1.0,1.0,1.0,0.754019021987915,-0.09009940177202225,-0.09862365573644638,-0.5737051367759705,0.0,0.40670400857925415,3.4800000190734863,0.0,0.8512864112854004,0.40670400857925415,277.0,-1.0,1.331249475479126,PASS,2.0,0.0
277,27.613162994384766,-0.09423781931400299,-0.008003713563084602,0.0,3.4800000190734863,0.4014647603034973,0.9999987483024597,0.4104499816894531,0.9562188982963562,1.0,1.0,1.0,0.8186290264129639,-0.09423781931400299,-0.10105141997337341,-0.45857900381088257,0.0,0.4014647603034973,3.4800000190734863,0.0,0.8512864112854004,0.4014647603034973,278.0,-1.0,1.2620549201965332,PASS,2.0,0.0
278,25.065183639526367,-0.08501563966274261,-0.01815500110387802,0.0,3.4800000190734863,0.38562074303627014,0.9999986886978149,0.39111122488975525,0.9719248414039612,1.0,1.0,1.0,0.7482579946517944,-0.08501563966274261,-0.10047244280576706,-1.0402048826217651,0.0,0.38562074303627014,3.4800000190734863,0.0,0.8512864112854004,0.38562074303627014,279.0,-1.0,1.2563629150390625,PASS,2.0,0.0
279,26.481151580810547,-0.0958339050412178,0.003330998122692108,0.0,3.4800000190734863,0.346720814704895,0.9999986290931702,0.3713338077068329,0.8674359321594238,1.0,1.0,1.0,1.361525058746338,-0.0958339050412178,-0.09299825876951218,0.19085213541984558,0.0,0.346720814704895,3.4800000190734863,0.0,0.8512864112854004,0.346720814704895,280.0,-1.0,1.1877951622009277,PASS,2.0,0.0
280,25.81954002380371,-0.10052455961704254,0.008726646192371845,0.0,3.4800000190734863,0.34564730525016785,0.9999985694885254,0.3507491946220398,0.9709099531173706,1.0,1.0,1.0,0.41182398796081543,-0.10052455961704254,-0.09309549629688263,0.5,0.0,0.34564730525016785,3.4800000190734863,0.0,0.8512864112854004,0.34564730525016785,281.0,-1.0,1.1868749856948853,PASS,2.0,0.0
281,24.260520935058594,-0.11393186450004578,0.004432810004800558,0.0,3.4800000190734863,0.3062553405761719,0.9999984502792358,0.3307493329048157,0.8518891930580139,1.0,1.0,1.0,0.39558398723602295,-0.11393186450004578,-0.11015824973583221,0.2539812922477722,0.0,0.3062553405761719,3.4800000190734863,0.0,0.8512864112854004,0.3062553405761719,282.0,-1.0,1.119783639907837,PASS,2.0,0.0
282,27.208566665649414,-0.09249316900968552,0.0,0.0,3.4800000190734863,0.3270021975040436,0.9999984502792358,0.3305010199546814,0.9788287281990051,1.0,1.0,1.0,0.43674999475479126,-0.09249316900968552,-0.09249316900968552,0.0,0.0,0.3270021975040436,3.4800000190734863,0.0,0.8512864112854004,0.3270021975040436,283.0,-1.0,1.0658836364746094,PASS,2.0,0.0
283,29.745817184448242,-0.07951772958040237,-0.008726646192371845,0.0,3.4800000190734863,0.29305973649024963,0.9999983310699463,0.29973241686820984,0.9554774165153503,1.0,1.0,1.0,0.41109299659729004,-0.07951772958040237,-0.08694679290056229,-0.5,0.0,0.29305973649024963,3.4800000190734863,0.0,0.8512864112854004,0.29305973649024963,284.0,-1.0,1.0593721866607666,PASS,2.0,0.0
284,32.12285041809082,-0.07373886555433273,-0.01745329238474369,0.0,3.4800000190734863,0.29327914118766785,0.9999983310699463,0.2998040020465851,0.956474244594574,1.0,1.0,1.0,0.40745601058006287,-0.07373886555433273,-0.08859812468290329,-1.0,0.0,0.29327914118766785,3.4800000190734863,0.0,0.8512864112854004,0.29327914118766785,285.0,-1.0,1.0014313459396362,PASS,2.0,0.0
285,34.54899787902832,-0.0752478539943695,-0.017107892781496048,0.0,3.4800000190734863,0.26839306950569153,0.999998152256012,0.2727205157279968,0.9682664275169373,1.0,1.0,1.0,0.41861599683761597,-0.0752478539943695,-0.0898129940032959,-0.9802100658416748,0.0,0.26839306950569153,3.4800000190734863,0.0,0.8512864112854004,0.26839306950569153,286.0,-1.0,0.9512419104576111,PASS,2.0,0.0
286,37.50252723693848,-0.07331088930368423,-0.02617993950843811,0.0,3.4800000190734863,0.23928382992744446,0.9999979734420776,0.24669447541236877,0.9399225115776062,1.0,1.0,1.0,0.40358901023864746,-0.07331088930368423,-0.0956026092171669,-1.5,0.0,0.23928382992744446,3.4800000190734863,0.0,0.8512864112854004,0.23928382992744446,287.0,-1.0,0.9991798996925354,PASS,2.0,0.0
287,35.37487983703613,-0.07539106905460358,-0.02313743531703949,0.0,3.4800000190734863,0.21762768924236298,0.9999976754188538,0.21968983113765717,0.9812290072441101,1.0,1.0,1.0,0.3977069854736328,-0.07539106905460358,-0.09509117156267166,-1.3256773948669434,0.0,0.21762768924236298,3.4800000190734863,0.0,0.8512864112854004,0.21762768924236298,288.0,-1.0,0.8923251032829285,PASS,2.0,0.0
288,39.13092613220215,-0.0700269490480423,-0.03490658476948738,0.0,3.4800000190734863,0.2021370679140091,0.999997615814209,0.21163751184940338,0.9102218747138977,1.0,1.0,1.0,0.39309900999069214,-0.0700269490480423,-0.09975452721118927,-2.0,0.0,0.2021370679140091,3.4800000190734863,0.0,0.8512864112854004,0.2021370679140091,289.0,-1.0,0.8007288575172424,PASS,2.0,0.0
289,41.602373123168945,-0.04982944577932358,-0.04363323003053665,0.0,3.4800000190734863,0.17535468935966492,0.9999971985816956,0.17963828146457672,0.9523115158081055,1.0,1.0,1.0,0.38919201493263245,-0.04982944577932358,-0.08699741214513779,-2.5,0.0,0.17535468935966492,3.4800000190734863,0.0,0.8512864112854004,0.17535468935966492,290.0,-1.0,0.7048389911651611,PASS,2.0,0.0
290,40.99702835083008,0.06679978221654892,-0.05235987901687622,0.0,3.180000066757202,0.03685583919286728,0.9999931454658508,0.07371193170547485,0.0,1.0,0.0,1.0,0.3797549903392792,0.06679978221654892,0.02218575030565262,-3.0,0.0,0.0,3.180000066757202,24.0,0.8512864112854004,0.03685583919286728,291.0,-1.0,0.661413311958313,PASS,2.0,0.0
291,41.71633720397949,0.04382734000682831,-0.047996554523706436,0.0,3.180000066757202,0.03511447086930275,0.9999927878379822,0.0702291950583458,0.0,1.0,0.0,1.0,0.38545501232147217,0.04382734000682831,0.002937121782451868,-2.75,0.0,0.0,3.180000066757202,24.0,0.8512864112854004,0.03511447086930275,292.0,-1.0,0.625169575214386,PASS,2.0,0.0
292,43.334007263183594,0.07545525580644608,-0.047996554523706436,0.0,3.180000066757202,0.02611961029469967,0.9999902844429016,0.05223947763442993,0.0,1.0,0.0,1.0,0.3918969929218292,0.07545525580644608,0.0345650389790535,-2.75,0.0,0.0,3.180000066757202,24.0,0.8512864112854004,0.02611961029469967,293.0,-1.0,0.5623405575752258,CW_SLOW,1.0,0.0
293,42.74487495422363,0.03669216111302376,-0.047996554523706436,0.0,3.180000066757202,0.022472137585282326,0.9999887347221375,0.044944532215595245,0.0,1.0,0.0,1.0,0.39692598581314087,0.03669216111302376,-0.004198057111352682,-2.75,0.0,0.0,3.180000066757202,24.0,0.8512864112854004,0.022472137585282326,294.0,-1.0,0.6663735508918762,CW_SLOW,1.0,0.0
294,45.775651931762695,0.18438099324703217,-0.06108652427792549,0.0,3.180000066757202,0.0,0.0,0.0,0.0,0.0,0.0,1.0,0.3930889964103699,0.18438099324703217,0.13231408596038818,-3.5,0.0,0.0,3.180000066757202,9.0,0.8512864112854004,0.0,295.0,-1.0,0.5627820491790771,CW_SLOW,1.0,0.0
295,47.54376411437988,0.33345499634742737,-0.06981316953897476,0.0,3.180000066757202,0.0,0.0,0.0,0.0,0.0,0.0,1.0,0.38249000906944275,0.33345499634742737,0.273927241563797,-4.0,0.0,0.0,3.180000066757202,9.0,0.8512864112854004,0.0,296.0,-1.0,0.5712173581123352,CW_SLOW,1.0,0.0
296,24.775981903076172,0.48252901434898376,-0.07853981852531433,0.0,3.180000066757202,0.0,0.0,0.0,0.0,0.0,0.0,1.0,0.3742640018463135,0.48252901434898376,0.41553130745887756,-4.5,0.0,0.0,3.180000066757202,9.0,0.8512864112854004,0.0,297.0,-1.0,0.5621197819709778,CW_SLOW,1.0,0.0
297,25.49004554748535,0.6159110069274902,-0.0872664600610733,0.0,3.180000066757202,0.0,0.0,0.0,0.0,0.0,0.0,1.0,0.3861970007419586,0.6159110069274902,0.5414330959320068,-5.0,0.0,0.0,3.180000066757202,9.0,0.8512864112854004,0.0,298.0,-1.0,0.550000011920929,CW_SLOW,1.0,0.0
298,25.589704513549805,0.6159110069274902,-0.09599310904741287,0.0,3.180000066757202,0.0,0.0,0.0,0.0,0.0,0.0,1.0,0.3882000148296356,0.6159110069274902,0.5339414477348328,-5.5,0.0,0.0,3.180000066757202,9.0,0.8512864112854004,0.0,299.0,-1.0,0.550000011920929,CW_SLOW,1.0,0.0
299,27.202606201171875,0.6159110069274902,-0.10471975803375244,0.0,3.180000066757202,0.0,0.0,0.0,0.0,0.0,0.0,1.0,0.3908439874649048,0.6159110069274902,0.5264372229576111,-6.0,0.0,0.0,3.180000066757202,9.0,0.8512864112854004,0.0,300.0,-1.0,0.570706844329834,CW_SLOW,1.0,0.0
300,25.159835815429688,0.6159110069274902,-0.11344639956951141,0.0,3.180000066757202,0.0,0.0,0.0,0.0,0.0,0.0,1.0,0.3842029869556427,0.6159110069274902,0.5189191699028015,-6.5,0.0,0.0,3.180000066757202,9.0,0.8512864112854004,0.0,301.0,-1.0,0.570706844329834,CW_SLOW,1.0,0.0
301,24.883747100830078,0.6159110069274902,-0.12217304855585098,0.0,3.180000066757202,0.0,0.0,0.0,0.0,0.0,0.0,1.0,0.4085780084133148,0.6159110069274902,0.5113861560821533,-7.0,0.0,0.0,3.180000066757202,9.0,0.8512864112854004,0.0,302.0,-1.0,0.5709240436553955,CW_SLOW,1.0,0.0
302,43.53904724121094,0.6159110069274902,-0.13089969754219055,0.0,3.180000066757202,0.0,0.0,0.0,0.0,0.0,0.0,1.0,0.3714289963245392,0.6159110069274902,0.5038370490074158,-7.5,0.0,0.0,3.180000066757202,9.0,0.8512864112854004,0.0,303.0,-1.0,0.570706844329834,CW_SLOW,1.0,0.0
303,24.51491355895996,0.6159110069274902,-0.13962633907794952,0.0,3.180000066757202,0.0,0.0,0.0,0.0,0.0,0.0,1.0,0.37907299399375916,0.6159110069274902,0.4962705075740814,-8.0,0.0,0.0,3.180000066757202,9.0,0.8512864112854004,0.0,304.0,-1.0,0.5705981254577637,CW_SLOW,1.0,0.0
304,26.623249053955078,0.6159110069274902,-0.1483529806137085,0.0,3.180000066757202,0.0,0.0,0.0,0.0,0.0,0.0,1.0,0.4066239893436432,0.6159110069274902,0.48868539929389954,-8.5,0.0,0.0,3.180000066757202,9.0,0.8512864112854004,0.0,305.0,-1.0,0.5705981254577637,CW_SLOW,1.0,0.0
305,25.62236785888672,0.6159110069274902,-0.15707963705062866,0.0,3.180000066757202,0.0,0.0,0.0,0.0,0.0,0.0,1.0,0.3823789954185486,0.6159110069274902,0.48108047246932983,-9.0,0.0,0.0,3.180000066757202,9.0,0.8512864112854004,0.0,306.0,-1.0,0.570706844329834,CW_SLOW,1.0,0.0
306,23.57792854309082,0.6159110069274902,-0.16580627858638763,0.0,3.180000066757202,0.0,0.0,0.0,0.0,0.0,0.0,1.0,0.38121700286865234,0.6159110069274902,0.4734545052051544,-9.5,0.0,0.0,3.180000066757202,9.0,0.8512864112854004,0.0,307.0,-1.0,0.5705981254577637,CW_SLOW,1.0,0.0
307,24.868488311767578,0.6159110069274902,-0.1745329201221466,0.0,3.180000066757202,0.0,0.0,0.0,0.0,0.0,0.0,1.0,0.3969169855117798,0.6159110069274902,0.465806245803833,-10.0,0.0,0.0,3.180000066757202,9.0,0.8512864112854004,0.0,308.0,-1.0,0.5702722668647766,CW_SLOW,1.0,0.0
308,24.658203125,0.6159110069274902,-0.18325957655906677,0.0,3.180000066757202,0.0,0.0,0.0,0.0,0.0,0.0,1.0,0.39547300338745117,0.6159110069274902,0.45813438296318054,-10.5,0.0,0.0,3.180000066757202,9.0,0.8512864112854004,0.0,309.0,-1.0,0.5708153247833252,CW_SLOW,1.0,0.0
309,27.71139144897461,0.6159110069274902,-0.19198621809482574,0.0,3.180000066757202,0.0,0.0,0.0,0.0,0.0,0.0,1.0,0.3852039873600006,0.6159110069274902,0.4504376947879791,-11.0,0.0,0.0,3.180000066757202,9.0,0.8512864112854004,0.0,310.0,-1.0,0.5708153247833252,CW_SLOW,1.0,0.0
310,28.83458137512207,0.6159110069274902,-0.20071285963058472,0.0,3.180000066757202,0.0,0.0,0.0,0.0,0.0,0.0,1.0,0.372640997171402,0.6159110069274902,0.4427148401737213,-11.5,0.0,0.0,3.180000066757202,9.0,0.8512864112854004,0.0,311.0,-1.0,0.5705981254577637,CW_SLOW,1.0,0.0
311,32.59420394897461,0.6058598160743713,-0.19198621809482574,0.0,3.4800000190734863,0.0018453279044479132,0.9998626708984375,0.0036909093614667654,0.0,1.0,0.0,1.0,0.407366007566452,0.6058598160743713,0.44038650393486023,-11.0,0.0,0.0,3.4800000190734863,24.0,0.8512864112854004,0.0018453279044479132,312.0,-1.0,0.571032702922821,CW_SLOW,1.0,0.0
312,35.30764579772949,0.6159110069274902,-0.20071285963058472,0.0,3.180000066757202,0.0,0.0,0.0,0.0,0.0,0.0,1.0,0.4057129919528961,0.6159110069274902,0.4427148401737213,-11.5,0.0,0.0,3.180000066757202,9.0,0.8512864112854004,0.0,313.0,-1.0,0.570706844329834,CW_SLOW,1.0,0.0
313,35.43972969055176,0.6159110069274902,-0.19634953141212463,0.0,3.7799999713897705,0.002857297658920288,0.9999113082885742,0.005714848637580872,0.0,1.0,0.0,1.0,0.41068199276924133,0.6159110069274902,0.44657963514328003,-11.249999046325684,0.0,0.0,3.7799999713897705,24.0,0.8512864112854004,0.002857297658920288,314.0,-1.0,0.5709240436553955,CW_SLOW,1.0,0.0
314,36.94891929626465,0.6018556356430054,-0.19198621809482574,0.0,3.4800000190734863,0.00880612526088953,0.9999712109565735,0.017612503841519356,0.0,1.0,0.0,1.0,0.3938309848308563,0.6018556356430054,0.43638232350349426,-11.0,0.0,0.0,3.4800000190734863,24.0,0.8512864112854004,0.00880612526088953,315.0,-1.0,0.5708153247833252,CW_SLOW,1.0,0.0
315,37.1098518371582,0.5715038776397705,-0.18762288987636566,0.0,3.4800000190734863,0.00960515346378088,0.9999735951423645,0.019210560247302055,0.0,1.0,0.0,1.0,0.40382900834083557,0.5715038776397705,0.4098820984363556,-10.75,0.0,0.0,3.4800000190734863,24.0,0.8512864112854004,0.00960515346378088,316.0,-1.0,0.570706844329834,CW_SLOW,1.0,0.0
316,39.647817611694336,0.5697343349456787,-0.18762288987636566,0.0,3.4800000190734863,0.010236581787467003,0.9999752640724182,0.0204734168946743,0.0,1.0,0.0,1.0,0.3910349905490875,0.5697343349456787,0.4081125557422638,-10.75,0.0,0.0,3.4800000190734863,24.0,0.8512864112854004,0.010236581787467003,317.0,-1.0,0.5705981254577637,CW_SLOW,1.0,0.0
317,44.241905212402344,0.5567631125450134,-0.18762288987636566,0.0,3.4800000190734863,0.011690324172377586,0.9999783039093018,0.023380901664495468,0.0,1.0,0.0,1.0,0.3968360126018524,0.5567631125450134,0.3951413333415985,-10.75,0.0,0.0,3.4800000190734863,24.0,0.8512864112854004,0.011690324172377586,318.0,-1.0,0.6587600708007812,CW_SLOW,1.0,0.0
318,45.83096504211426,0.547309935092926,-0.18762288987636566,0.0,3.4800000190734863,0.01134134829044342,0.9999776482582092,0.022682951763272285,0.0,1.0,0.0,1.0,0.3893119990825653,0.547309935092926,0.3856881558895111,-10.75,0.0,0.0,3.4800000190734863,24.0,0.8512864112854004,0.01134134829044342,319.0,-1.0,1.3340232372283936,CW_SLOW,1.0,0.0
319,49.00479316711426,0.5538129806518555,-0.18762288987636566,0.0,3.4800000190734863,0.012774533592164516,0.9999801516532898,0.02554932050406933,0.0,1.0,0.0,1.0,0.398699015378952,0.5538129806518555,0.39219120144844055,-10.75,0.0,0.0,3.4800000190734863,24.0,0.8512864112854004,0.012774533592164516,320.0,-1.0,1.4112244844436646,CW_SLOW,1.0,0.0
320,25.17533302307129,0.5409143567085266,-0.18762288987636566,0.0,3.4800000190734863,0.01363289076834917,0.9999814033508301,0.027266034856438637,0.0,1.0,0.0,1.0,0.4054419994354248,0.5409143567085266,0.3792925775051117,-10.75,0.0,0.0,3.4800000190734863,24.0,0.8512864112854004,0.01363289076834917,321.0,-1.0,1.4118984937667847,CW_SLOW,1.0,0.0
321,24.827241897583008,0.4872165024280548,-0.18325957655906677,0.0,3.4800000190734863,0.014483210630714893,0.999982476234436,0.028966674581170082,0.0,1.0,0.0,1.0,0.39826899766921997,0.4872165024280548,0.3294398784637451,-10.5,0.0,0.0,3.4800000190734863,24.0,0.8512864112854004,0.014483210630714893,322.0,-1.0,1.332718014717102,CW_SLOW,1.0,0.0
322,25.618553161621094,0.4973503649234772,-0.1792173981666565,0.0,3.4800000190734863,0.017576580867171288,0.9999855756759644,0.03515341505408287,0.0,1.0,0.0,1.0,0.4184359908103943,0.4973503649234772,0.34313035011291504,-10.268400192260742,0.0,0.0,3.4800000190734863,24.0,0.8512864112854004,0.017576580867171288,323.0,-1.0,1.332718014717102,CW_SLOW,1.0,0.0
323,36.809682846069336,0.6159110069274902,-0.1745329201221466,0.0,3.180000066757202,0.01982233114540577,0.9999872446060181,0.039644915610551834,0.0,1.0,0.0,1.0,0.3902739882469177,0.6159110069274902,0.465806245803833,-10.0,0.0,0.0,3.180000066757202,24.0,0.8512864112854004,0.01982233114540577,324.0,-1.0,1.258418321609497,CW_SLOW,1.0,0.0
324,28.425931930541992,0.564761221408844,-0.16580627858638763,0.0,3.180000066757202,0.02071971632540226,0.999987781047821,0.041439685970544815,0.0,1.0,0.0,1.0,0.4028170108795166,0.564761221408844,0.4223047196865082,-9.5,0.0,0.0,3.180000066757202,24.0,0.8512864112854004,0.02071971632540226,325.0,-1.0,1.2590508460998535,CW_SLOW,1.0,0.0
325,24.886369705200195,0.5515464544296265,-0.16271354258060455,0.0,3.180000066757202,0.02161204256117344,0.9999882578849792,0.04322433844208717,0.0,1.0,0.0,1.0,0.3883509933948517,0.5515464544296265,0.41179510951042175,-9.322799682617188,0.0,0.0,3.180000066757202,24.0,0.8512864112854004,0.02161204256117344,326.0,-1.0,1.1885619163513184,CW_SLOW,1.0,0.0
326,24.481534957885742,0.49132460355758667,-0.15707963705062866,0.0,3.180000066757202,0.023359764367341995,0.9999891519546509,0.046719782054424286,0.0,1.0,0.0,1.0,0.3892019987106323,0.49132460355758667,0.35649406909942627,-9.0,0.0,0.0,3.180000066757202,24.0,0.8512864112854004,0.023359764367341995,327.0,-1.0,1.18794846534729,CW_SLOW,1.0,0.0
327,26.215314865112305,0.45334845781326294,-0.1483529806137085,0.0,3.180000066757202,0.023875931277871132,0.99998939037323,0.04775211587548256,0.0,1.0,0.0,1.0,0.4060640037059784,0.45334845781326294,0.32612285017967224,-8.5,0.0,0.0,3.180000066757202,24.0,0.8512864112854004,0.023875931277871132,328.0,-1.0,1.1233572959899902,CW_SLOW,1.0,0.0
328,26.269912719726562,0.4401014447212219,-0.13962633907794952,0.0,3.180000066757202,0.02868521958589554,0.9999911785125732,0.05737069249153137,0.0,1.0,0.0,1.0,0.39782801270484924,0.4401014447212219,0.3204609453678131,-8.0,0.0,0.0,3.180000066757202,24.0,0.8512864112854004,0.02868521958589554,329.0,-1.0,1.0606743097305298,CW_SLOW,1.0,0.0
329,27.623414993286133,0.3820389211177826,-0.13089969754219055,0.0,3.180000066757202,0.03101838380098343,0.9999918341636658,0.06203702092170715,0.0,1.0,0.0,1.0,0.393218994140625,0.3820389211177826,0.26996493339538574,-7.5,0.0,0.0,3.180000066757202,24.0,0.8512864112854004,0.03101838380098343,330.0,-1.0,0.7540393471717834,CW_SLOW,1.0,0.0
330,26.580333709716797,-0.13640280067920685,0.021377982571721077,0.0,3.180000066757202,0.03290921077132225,0.999992311000824,0.0658186748623848,0.0,1.0,0.0,0.0,1.7290879487991333,-0.13640280067920685,-0.11820124089717865,1.2248681783676147,0.0,0.0,3.180000066757202,28.0,0.8512864112854004,0.03290921077132225,331.0,-1.0,0.7983201146125793,CW_SLOW,1.0,0.0
331,24.744749069213867,-0.2188321352005005,0.02617993950843811,0.0,3.180000066757202,0.03735491633415222,0.9999932050704956,0.07471008598804474,0.0,1.0,0.0,1.0,0.41182398796081543,-0.2188321352005005,-0.19654041528701782,1.5,0.0,0.0,3.180000066757202,24.0,0.8512864112854004,0.03735491633415222,332.0,-1.0,0.572010338306427,CW_SLOW,1.0,0.0
332,25.283336639404297,-0.1516885608434677,0.01745329238474369,0.0,3.180000066757202,0.03822636976838112,0.9999933838844299,0.07645299285650253,0.0,1.0,0.0,1.0,0.3839220106601715,-0.1516885608434677,-0.13682930171489716,1.0,0.0,0.0,3.180000066757202,24.0,0.8512864112854004,0.03822636976838112,333.0,-1.0,0.5585877895355225,CW_SLOW,1.0,0.0
333,23.647546768188477,-0.09252574294805527,0.008726646192371845,0.0,3.180000066757202,0.039567410945892334,0.999993622303009,0.07913507521152496,0.0,1.0,0.0,1.0,0.3880999982357025,-0.09252574294805527,-0.08509667962789536,0.5,0.0,0.0,3.180000066757202,24.0,0.8512864112854004,0.039567410945892334,334.0,-1.0,0.5590293407440186,CW_SLOW,1.0,0.0
334,26.77178382873535,-0.10737595707178116,0.0,0.0,3.180000066757202,0.043079767376184464,0.9999940991401672,0.08615978807210922,0.0,1.0,0.0,1.0,0.38946300745010376,-0.10737595707178116,-0.10737595707178116,0.0,0.0,0.0,3.180000066757202,24.0,0.8512864112854004,0.043079767376184464,335.0,-1.0,0.5714671015739441,CW_SLOW,1.0,0.0
335,28.43642234802246,-0.16281360387802124,-0.008726646192371845,0.0,3.4800000190734863,0.16105152666568756,0.9999974370002747,0.19714601337909698,0.6338319778442383,1.0,1.0,1.0,0.4393549859523773,-0.16281360387802124,-0.17024266719818115,-0.5,0.0,0.16105152666568756,3.4800000190734863,0.0,0.8512864112854004,0.16105152666568756,336.0,-1.0,0.5715757608413696,CW_SLOW,1.0,0.0
336,27.78148651123047,-0.13509276509284973,-0.01745329238474369,0.0,3.4800000190734863,0.18835686147212982,0.999997615814209,0.2148783653974533,0.7531507015228271,1.0,1.0,1.0,0.40922901034355164,-0.13509276509284973,-0.1499520242214203,-1.0,0.0,0.18835686147212982,3.4800000190734863,0.0,0.8512864112854004,0.18835686147212982,337.0,4.405965805053711,0.5782018303871155,CW_SLOW,1.0,0.0
337,24.976015090942383,-0.10309143364429474,-0.02617993950843811,0.0,3.4800000190734863,0.1875896155834198,0.9999975562095642,0.20529884099960327,0.8274809718132019,1.0,1.0,1.0,0.40345901250839233,-0.10309143364429474,-0.1253831535577774,-1.5,0.0,0.1875896155834198,3.4800000190734863,0.0,0.8512864112854004,0.1875896155834198,338.0,4.311188697814941,0.5784192681312561,CW_SLOW,1.0,0.0
338,24.151325225830078,-0.07177463173866272,-0.03490658476948738,0.0,3.4800000190734863,0.19061458110809326,0.9999977946281433,0.22950902581214905,0.6610657572746277,1.0,1.0,1.0,0.4064140021800995,-0.07177463173866272,-0.10150220990180969,-2.0,0.0,0.19061458110809326,3.4800000190734863,0.0,0.8512864112854004,0.19061458110809326,339.0,4.310826301574707,0.550000011920929,CW_SLOW,1.0,0.0
339,25.19989013671875,-0.10557890683412552,-0.02617993950843811,0.0,3.4800000190734863,0.19810093939304352,0.9999978542327881,0.2363840788602829,0.6760955452919006,1.0,1.0,1.0,0.41139400005340576,-0.10557890683412552,-0.1278706192970276,-1.5,0.0,0.19810093939304352,3.4800000190734863,0.0,0.8512864112854004,0.19810093939304352,340.0,4.2221856117248535,0.550000011920929,CW_SLOW,1.0,0.0
340,25.506019592285156,-0.06581495702266693,-0.03490658476948738,0.0,3.4800000190734863,0.21480274200439453,0.9999979734420776,0.24679231643676758,0.7407589554786682,1.0,1.0,1.0,0.3952929973602295,-0.06581495702266693,-0.0955425351858139,-2.0,0.0,0.21480274200439453,3.4800000190734863,0.0,0.8512864112854004,0.21480274200439453,341.0,3.8769991397857666,0.550000011920929,CW_SLOW,1.0,0.0
341,27.631759643554688,-0.10692096501588821,-0.02617993950843811,0.0,3.4800000190734863,0.22409899532794952,0.9999979138374329,0.24255377054214478,0.8478313088417053,1.0,1.0,1.0,0.4115639925003052,-0.10692096501588821,-0.12921267747879028,-1.5,0.0,0.22409899532794952,3.4800000190734863,0.0,0.8512864112854004,0.22409899532794952,342.0,3.876332998275757,0.550000011920929,CW_SLOW,1.0,0.0
342,26.17359161376953,-0.06884066760540009,-0.03490658476948738,0.0,3.4800000190734863,0.22281129658222198,0.9999980926513672,0.261737197637558,0.7025589942932129,1.0,1.0,1.0,0.406372994184494,-0.06884066760540009,-0.09856824576854706,-2.0,0.0,0.22281129658222198,3.4800000190734863,0.0,0.8512864112854004,0.22281129658222198,343.0,3.876332998275757,0.550000011920929,CW_SLOW,1.0,0.0
343,24.432659149169922,-0.10863590240478516,-0.02617993950843811,0.0,3.4800000190734863,0.25475114583969116,0.9999982118606567,0.284621924161911,0.790103554725647,1.0,1.0,1.0,0.41195401549339294,-0.10863590240478516,-0.13092762231826782,-1.5,0.0,0.25475114583969116,3.4800000190734863,0.0,0.8512864112854004,0.25475114583969116,344.0,3.876332998275757,0.550000011920929,CW_SLOW,1.0,0.0
344,24.95598793029785,-0.10446937382221222,-0.027353718876838684,0.0,3.4800000190734863,0.2571885883808136,0.9999982118606567,0.28025832772254944,0.8353698253631592,1.0,1.0,1.0,0.4182159900665283,-0.10446937382221222,-0.12776103615760803,-1.5672526359558105,0.0,0.2571885883808136,3.4800000190734863,0.0,0.8512864112854004,0.2571885883808136,345.0,4.042784690856934,0.550000011920929,CW_SLOW,1.0,0.0
345,25.500059127807617,-0.08093677461147308,-0.03490658476948738,0.0,3.4800000190734863,0.2875845730304718,0.9999983906745911,0.31876587867736816,0.8043636679649353,1.0,1.0,1.0,0.41740500926971436,-0.08093677461147308,-0.11066435277462006,-2.0,0.0,0.2875845730304718,3.4800000190734863,0.0,0.8512864112854004,0.2875845730304718,346.0,3.959205150604248,0.5626688003540039,CW_SLOW,1.0,0.0
346,25.750398635864258,-0.11321674287319183,-0.02617993950843811,0.0,3.4800000190734863,0.2911410927772522,0.9999984502792358,0.3220056891441345,0.8082993030548096,1.0,1.0,1.0,0.4008530080318451,-0.11321674287319183,-0.1355084627866745,-1.5,0.0,0.2911410927772522,3.4800000190734863,0.0,0.8512864112854004,0.2911410927772522,347.0,3.958866596221924,0.550000011920929,CW_SLOW,1.0,0.0
347,28.306245803833008,-0.08263338357210159,-0.03490658476948738,0.0,3.4800000190734863,0.28733348846435547,0.9999983906745911,0.3159423768520355,0.818899393081665,1.0,1.0,1.0,0.40681400895118713,-0.08263338357210159,-0.11236096173524857,-2.0,0.0,0.28733348846435547,3.4800000190734863,0.0,0.8512864112854004,0.28733348846435547,348.0,3.577549934387207,0.550000011920929,CW_SLOW,1.0,0.0
348,31.540632247924805,-0.10931892693042755,-0.02617993950843811,0.0,3.4800000190734863,0.29506099224090576,0.9999985098838806,0.3334951102733612,0.7695085406303406,1.0,1.0,1.0,0.3880999982357025,-0.10931892693042755,-0.13161064684391022,-1.5,0.0,0.29506099224090576,3.4800000190734863,0.0,0.8512864112854004,0.29506099224090576,349.0,3.577237367630005,0.550000011920929,CW_SLOW,1.0,0.0
349,33.12230110168457,-0.11326877772808075,-0.024851473048329353,0.0,3.4800000190734863,0.3157774806022644,0.9999985098838806,0.33988019824028015,0.8581708073616028,1.0,1.0,1.0,0.4066540002822876,-0.11326877772808075,-0.13442885875701904,-1.4238845109939575,0.0,0.3157774806022644,3.4800000190734863,0.0,0.8512864112854004,0.3157774806022644,350.0,3.577237367630005,0.550000011920929,CW_SLOW,1.0,0.0
350,35.903215408325195,-0.12107113003730774,-0.02585720084607601,0.0,3.4800000190734863,0.33444035053253174,0.9999986290931702,0.37372419238090515,0.7897721529006958,1.0,1.0,1.0,0.3964160084724426,-0.12107113003730774,-0.14308792352676392,-1.481508493423462,0.0,0.33444035053253174,3.4800000190734863,0.0,0.8512864112854004,0.33444035053253174,351.0,3.577237367630005,0.550000011920929,CW_SLOW,1.0,0.0
351,38.1624698638916,-0.11355023831129074,-0.023382076993584633,0.0,3.4800000190734863,0.34400978684425354,0.9999986886978149,0.3803108036518097,0.8090993762016296,1.0,1.0,0.0,1.7699530124664307,-0.11355023831129074,-0.1334587037563324,-1.3396943807601929,0.0,0.34400978684425354,3.4800000190734863,0.0,0.8512864112854004,0.34400978684425354,352.0,3.650373935699463,0.550000011920929,CW_SLOW,1.0,0.0
352,38.71631622314453,-0.11559390276670456,-0.022089587524533272,0.0,3.4800000190734863,0.3402090072631836,0.9999986290931702,0.3687761425971985,0.8450717926025391,1.0,1.0,1.0,0.3938310146331787,-0.11559390276670456,-0.13440153002738953,-1.265640139579773,0.0,0.3402090072631836,3.4800000190734863,0.0,0.8512864112854004,0.3402090072631836,353.0,3.3130223751068115,0.550000011920929,CW_SLOW,1.0,0.0
353,40.13562202453613,-0.1137433722615242,-0.024145688861608505,0.0,3.4800000190734863,0.376399427652359,0.9999987483024597,0.4060385525226593,0.8540094494819641,1.0,1.0,1.0,0.40756601095199585,-0.1137433722615242,-0.1343022584915161,-1.3834460973739624,0.0,0.376399427652359,3.4800000190734863,0.0,0.8512864112854004,0.376399427652359,354.0,3.3130223751068115,-1.0,CW_SLOW,1.0,0.0
354,43.30778121948242,-0.11539342999458313,-0.02264300547540188,0.0,3.4800000190734863,0.3803703784942627,0.9999987483024597,0.4076855480670929,0.8659999966621399,1.0,1.0,1.0,0.7582169771194458,-0.11539342999458313,-0.1346724033355713,-1.2973486185073853,0.0,0.3803703784942627,3.4800000190734863,0.0,0.8512864112854004,0.3803703784942627,355.0,3.3130223751068115,-1.0,CW_SLOW,1.0,0.0
355,45.91679573059082,-0.14176425337791443,-0.016983479261398315,0.0,3.4800000190734863,0.41835471987724304,0.9999988675117493,0.44128233194351196,0.8960874080657959,1.0,1.0,1.0,0.7578160166740417,-0.14176425337791443,-0.15622344613075256,-0.9730817079544067,0.0,0.41835471987724304,3.4800000190734863,0.0,0.8512864112854004,0.41835471987724304,356.0,3.4432036876678467,-1.0,CW_SLOW,1.0,0.0
356,48.57301712036133,-0.1435525119304657,-0.01607576198875904,0.0,3.4800000190734863,0.41081082820892334,0.9999988079071045,0.4327136278152466,0.8987665176391602,1.0,1.0,1.0,0.7466949820518494,-0.1435525119304657,-0.15723876655101776,-0.921073317527771,0.0,0.41081082820892334,3.4800000190734863,0.0,0.8512864112854004,0.41081082820892334,357.0,3.378063440322876,-1.0,CW_SLOW,1.0,0.0
357,25.31886100769043,-0.14159271121025085,-0.01827325113117695,0.0,3.4800000190734863,0.44354256987571716,0.999998927116394,0.46240708231925964,0.9184083342552185,1.0,1.0,1.0,0.7620329856872559,-0.14159271121025085,-0.15715020895004272,-1.0469801425933838,0.0,0.44354256987571716,3.4800000190734863,0.0,0.8512864112854004,0.44354256987571716,358.0,3.077178955078125,-1.0,CW_SLOW,1.0,0.0
358,25.19369125366211,-0.142378032207489,-0.016009297221899033,0.0,3.4800000190734863,0.47815898060798645,0.999998927116394,0.48590323328971863,0.9681254029273987,1.0,1.0,1.0,0.7328590154647827,-0.142378032207489,-0.15600769221782684,-0.9172651767730713,0.0,0.47815898060798645,3.4800000190734863,0.0,0.8512864112854004,0.47815898060798645,359.0,3.0769004821777344,-1.0,CW_SLOW,1.0,0.0
359,25.29168128967285,-0.11785700172185898,-0.02187703736126423,0.0,3.4800000190734863,0.4759266972541809,0.9999989867210388,0.507408857345581,0.8759109973907471,1.0,1.0,1.0,0.7837939858436584,-0.11785700172185898,-0.1364835947751999,-1.2534619569778442,0.0,0.4759266972541809,3.4800000190734863,0.0,0.8512864112854004,0.4759266972541809,360.0,3.193247079849243,0.5615824460983276,CW_SLOW,1.0,0.0
360,26.397228240966797,-0.14317983388900757,-0.01678001508116722,0.0,3.4800000190734863,0.508569061756134,0.9999989867210388,0.5135416388511658,0.9806352257728577,1.0,1.0,0.0,1.752181053161621,-0.14317983388900757,-0.15746577084064484,-0.9614240527153015,0.0,0.508569061756134,3.4800000190734863,0.0,0.8512864112854004,0.508569061756134,361.0,3.192960739135742,-1.0,CW_SLOW,1.0,0.0
361,26.352643966674805,-0.14314022660255432,-0.018705053254961967,0.0,3.4800000190734863,0.506012499332428,0.9999990463256836,0.5305830240249634,0.9073838591575623,1.0,1.0,1.0,0.7456520199775696,-0.14314022660255432,-0.15906544029712677,-1.0717206001281738,0.0,0.506012499332428,3.4800000190734863,0.0,0.8512864112854004,0.506012499332428,362.0,2.866915225982666,0.5615824460983276,CW_SLOW,1.0,0.0
362,26.06034278869629,-0.142287939786911,-0.019312527030706406,0.0,3.4800000190734863,0.5341499447822571,0.9999991059303284,0.5569941401481628,0.9179741740226746,1.0,1.0,1.0,0.7857480049133301,-0.142287939786911,-0.15873047709465027,-1.106526255607605,0.0,0.5341499447822571,3.4800000190734863,0.0,0.8512864112854004,0.5341499447822571,363.0,2.8648014068603516,0.5617996454238892,CW_SLOW,1.0,0.0
363,25.67315101623535,-0.1469796746969223,-0.01745266653597355,0.0,3.4800000190734863,0.5597713589668274,0.9999991059303284,0.5830366015434265,0.9201936721801758,1.0,1.0,1.0,0.7528370022773743,-0.1469796746969223,-0.16183839738368988,-0.9999641180038452,0.0,0.5597713589668274,3.4800000190734863,0.0,0.8512864112854004,0.5597713589668274,364.0,2.8648014068603516,0.5612565875053406,CW_SLOW,1.0,0.0
364,39.48640823364258,-0.14420878887176514,-0.015692388638854027,0.0,3.4800000190734863,0.5770294666290283,0.9999991655349731,0.6103178262710571,0.8909155130386353,1.0,1.0,1.0,0.7384999990463257,-0.14420878887176514,-0.15756860375404358,-0.8991076350212097,0.0,0.5770294666290283,3.4800000190734863,0.0,0.8512864112854004,0.5770294666290283,365.0,2.919368028640747,0.5609307289123535,CW_SLOW,1.0,0.0
365,27.126073837280273,-0.14692258834838867,-0.016288423910737038,0.0,3.4800000190734863,0.5883646011352539,0.9999991655349731,0.6208725571632385,0.8952838182449341,1.0,1.0,1.0,0.7507619857788086,-0.14692258834838867,-0.16078992187976837,-0.9332579374313354,0.0,0.5883646011352539,3.4800000190734863,0.0,0.8512864112854004,0.5883646011352539,366.0,2.675461530685425,0.5610394477844238,CW_SLOW,1.0,0.0
366,25.944948196411133,-0.1451835185289383,-0.021340930834412575,0.0,3.4800000190734863,0.5969372391700745,0.9999991655349731,0.6241105794906616,0.9129221439361572,1.0,1.0,1.0,0.7747870087623596,-0.1451835185289383,-0.16335351765155792,-1.2227452993392944,0.0,0.5969372391700745,3.4800000190734863,0.0,0.8512864112854004,0.5969372391700745,367.0,2.6747076511383057,0.5609307289123535,CW_SLOW,1.0,0.0
367,26.909589767456055,-0.14444734156131744,-0.01791195198893547,0.0,3.4800000190734863,0.6343634128570557,0.9999992251396179,0.6536800861358643,0.9408995509147644,1.0,1.0,1.0,0.7878109812736511,-0.14444734156131744,-0.15969717502593994,-1.0262792110443115,0.0,0.6343634128570557,3.4800000190734863,0.0,0.8512864112854004,0.6343634128570557,368.0,2.769303560256958,0.5615824460983276,CW_SLOW,1.0,0.0
368,26.997804641723633,-0.14580975472927094,-0.014664196409285069,0.0,3.4800000190734863,0.6529242396354675,0.9999992847442627,0.6808469891548157,0.9179772734642029,1.0,1.0,1.0,0.7834029793739319,-0.14580975472927094,-0.15829408168792725,-0.8401965498924255,0.0,0.6529242396354675,3.4800000190734863,0.0,0.8512864112854004,0.6529242396354675,369.0,2.677722930908203,0.5606048107147217,CW_SLOW,1.0,0.0
369,25.921344757080078,-0.14382770657539368,-0.013293355703353882,0.0,3.4800000190734863,0.6858435273170471,0.9999992847442627,0.6859428286552429,0.9997112154960632,1.0,1.0,1.0,0.7326290011405945,-0.14382770657539368,-0.1551448255777359,-0.7616531848907471,0.0,0.6858435273170471,3.4800000190734863,0.0,0.8512864112854004,0.6858435273170471,370.0,2.502103328704834,0.5606048107147217,CW_SLOW,1.0,0.0
370,27.163028717041016,-0.14331793785095215,-0.016846902668476105,0.0,3.4800000190734863,0.6998878121376038,0.9999992847442627,0.7177633047103882,0.9501917958259583,1.0,1.0,1.0,0.7670130133628845,-0.14331793785095215,-0.1576608270406723,-0.96525639295578,0.0,0.6998878121376038,3.4800000190734863,0.0,0.8512864112854004,0.6998878121376038,371.0,2.500905752182007,0.560713529586792,CW_SLOW,1.0,0.0
371,25.82406997680664,-0.14275695383548737,-0.013469697907567024,0.0,3.4800000190734863,0.6948713660240173,0.9999992847442627,0.7063562870025635,0.9674819111824036,1.0,1.0,1.0,0.7540490031242371,-0.14275695383548737,-0.1542242169380188,-0.7717568278312683,0.0,0.6948713660240173,3.4800000190734863,0.0,0.8512864112854004,0.6948713660240173,372.0,2.545302629470825,0.5603876709938049,CW_SLOW,1.0,0.0
372,25.84552764892578,-0.1616511046886444,-0.012552903033792973,0.0,3.4800000190734863,0.7171500325202942,0.9999992847442627,0.7226594090461731,0.9847531914710999,1.0,1.0,1.0,0.7963669896125793,-0.1616511046886444,-0.17233778536319733,-0.7192283868789673,0.0,0.7171500325202942,3.4800000190734863,0.0,0.8512864112854004,0.7171500325202942,373.0,2.34419322013855,0.5612565875053406,CW_SLOW,1.0,0.0
373,26.319265365600586,-0.15672244131565094,-0.012565859593451023,0.0,3.4800000190734863,0.7215766310691833,0.9999993443489075,0.7511510848999023,0.9212563037872314,1.0,1.0,1.0,0.7371079921722412,-0.15672244131565094,-0.1674201488494873,-0.719970703125,0.0,0.7215766310691833,3.4800000190734863,0.0,0.8512864112854004,0.7215766310691833,374.0,2.4226365089416504,0.5611478686332703,CW_SLOW,1.0,0.0
374,26.275634765625,-0.1579781025648117,-0.012192510068416595,0.0,3.4800000190734863,0.7507408261299133,0.9999993443489075,0.7688305377960205,0.9529427886009216,1.0,1.0,1.0,0.7352030277252197,-0.1579781025648117,-0.1683579385280609,-0.6985793709754944,0.0,0.7507408261299133,3.4800000190734863,0.0,0.8512864112854004,0.7507408261299133,375.0,2.3843612670898438,-1.0,CW_SLOW,1.0,0.0
375,26.116371154785156,-0.15793611109256744,-0.009011274203658104,0.0,3.4800000190734863,0.7854384779930115,0.9995459914207458,0.8238065242767334,0.9072847962379456,1.0,1.0,0.0,1.7422020435333252,-0.15793611109256744,-0.1656074970960617,-0.5163080096244812,0.0,0.7854384779930115,3.4800000190734863,0.0,0.8512864112854004,0.7854384779930115,376.0,-1.0,-1.0,CW_SLOW,1.0,0.0
376,25.52056312561035,-0.14943359792232513,-0.00686291791498661,0.0,3.4800000190734863,0.8222065567970276,0.9999994039535522,0.8520548343658447,0.9299386739730835,1.0,1.0,1.0,0.720166027545929,-0.14943359792232513,-0.15527600049972534,-0.39321622252464294,0.0,0.8222065567970276,3.4800000190734863,0.0,0.8512864112854004,0.8222065567970276,377.0,-1.0,-1.0,CW_SLOW,1.0,0.0
377,25.19512176513672,-0.15130822360515594,-0.00758377555757761,0.0,3.4800000190734863,0.8865759372711182,0.999999463558197,0.8985650539398193,0.9733155369758606,1.0,1.0,1.0,0.7499009966850281,-0.15130822360515594,-0.15776431560516357,-0.43451833724975586,0.0,0.8865759372711182,3.4800000190734863,0.0,0.8512864112854004,0.8865759372711182,378.0,-1.0,-1.0,CW_SLOW,1.0,0.0
378,28.44977378845215,-0.1524306684732437,-0.011691847816109657,0.0,3.4800000190734863,0.9500841498374939,0.999999463558197,0.9510557055473328,0.9979574084281921,1.0,1.0,1.0,0.7908070087432861,-0.1524306684732437,-0.16238422691822052,-0.6698935627937317,0.0,0.9500841498374939,3.4800000190734863,0.0,0.8512864112854004,0.9500841498374939,379.0,2.134310483932495,-1.0,CW_SLOW,1.0,0.0
379,25.361061096191406,-0.15256787836551666,-0.009872189722955227,0.0,3.4800000190734863,0.9546616673469543,0.999999463558197,0.9643917083740234,0.9798218011856079,1.0,1.0,1.0,0.7302340269088745,-0.15256787836551666,-0.1609722077846527,-0.5656347870826721,0.0,0.9546616673469543,3.4800000190734863,0.0,0.8512864112854004,0.9546616673469543,380.0,1.9465503692626953,-1.0,CW_SLOW,1.0,0.0
380,26.105403900146484,-0.1517435610294342,-0.01003732718527317,0.0,3.4800000190734863,0.9366621971130371,0.999999463558197,0.9410341382026672,0.9907087087631226,1.0,1.0,1.0,0.745373010635376,-0.1517435610294342,-0.1602884829044342,-0.5750964879989624,0.0,0.9366621971130371,3.4800000190734863,0.0,0.8512864112854004,0.9366621971130371,381.0,1.9461469650268555,-1.0,CW_SLOW,1.0,0.0
381,26.983976364135742,-0.15040908753871918,-0.004886211361736059,0.0,3.4800000190734863,0.9508485794067383,0.999999463558197,0.9536868929862976,0.9940481781959534,1.0,1.0,1.0,0.7301939725875854,-0.15040908753871918,-0.15456868708133698,-0.2799592912197113,0.0,0.9508485794067383,3.4800000190734863,0.0,0.8512864112854004,0.9508485794067383,382.0,-1.0,-1.0,CW_SLOW,1.0,0.0
382,24.860858917236328,-0.15219031274318695,-0.005678374320268631,0.0,3.4800000190734863,0.9344416260719299,0.999999463558197,0.9466030597686768,0.9743055701255798,1.0,1.0,1.0,0.7226700186729431,-0.15219031274318695,-0.1570242941379547,-0.3253468871116638,0.0,0.9344416260719299,3.4800000190734863,0.0,0.8512864112854004,0.9344416260719299,383.0,-1.0,-1.0,CW_SLOW,1.0,0.0
383,26.903152465820312,-0.1512751579284668,-0.00840707216411829,0.0,3.4800000190734863,0.9633280038833618,0.999999463558197,0.9705173373222351,0.9851850271224976,1.0,1.0,1.0,0.7448920011520386,-0.1512751579284668,-0.15843215584754944,-0.4816897511482239,0.0,0.9633280038833618,3.4800000190734863,0.0,0.8512864112854004,0.9633280038833618,384.0,-1.0,-1.0,CW_SLOW,1.0,0.0
384,24.59239959716797,-0.15265889465808868,-0.0053235264495015144,0.0,3.4800000190734863,0.9512550234794617,0.999999463558197,0.9623100757598877,0.9770244359970093,1.0,1.0,1.0,0.7409350275993347,-0.15265889465808868,-0.15719078481197357,-0.30501559376716614,0.0,0.9512550234794617,3.4800000190734863,0.0,0.8512864112854004,0.9512550234794617,385.0,1.782362937927246,-1.0,CW_SLOW,1.0,0.0
385,24.234294891357422,-0.15298667550086975,-0.005800770130008459,0.0,3.4800000190734863,0.9520429968833923,0.999999463558197,0.9639575481414795,0.9752804636955261,1.0,1.0,1.0,0.7700390219688416,-0.15298667550086975,-0.1579248458147049,-0.33235964179039,0.0,0.9520429968833923,3.4800000190734863,0.0,0.8512864112854004,0.9520429968833923,386.0,1.705641508102417,-1.0,CW_SLOW,1.0,0.0
386,25.047779083251953,-0.15269677340984344,-0.00582575099542737,0.0,3.4800000190734863,0.9635730981826782,0.999999463558197,0.9748184084892273,0.9769289493560791,1.0,1.0,1.0,0.7834529876708984,-0.15269677340984344,-0.1576562076807022,-0.33379095792770386,0.0,0.9635730981826782,3.4800000190734863,0.0,0.8512864112854004,0.9635730981826782,387.0,1.6811052560806274,-1.0,CW_SLOW,1.0,0.0
387,24.641990661621094,-0.16317857801914215,-0.005050243344157934,0.0,3.4800000190734863,0.9823548793792725,0.999999463558197,0.9960440397262573,0.9725134372711182,1.0,1.0,1.0,0.7509030103683472,-0.16317857801914215,-0.1674778163433075,-0.28935763239860535,0.0,0.9823548793792725,3.4800000190734863,0.0,0.8512864112854004,0.9823548793792725,388.0,1.5419405698776245,-1.0,CW_SLOW,1.0,0.0
388,27.794837951660156,-0.16323813796043396,-0.004533136263489723,0.0,3.4800000190734863,0.9814519286155701,0.999999463558197,0.9953771829605103,0.9720206260681152,1.0,1.0,1.0,0.7425780296325684,-0.16323813796043396,-0.16709716618061066,-0.2597295641899109,0.0,0.9814519286155701,3.4800000190734863,0.0,0.8512864112854004,0.9814519286155701,389.0,1.4577378034591675,-1.0,CW_SLOW,1.0,0.0
389,25.983333587646484,-0.17063014209270477,-0.0033316395711153746,0.0,3.4800000190734863,0.9746698141098022,0.999999463558197,0.9890845417976379,0.9708529114723206,1.0,1.0,1.0,0.7389010190963745,-0.17063014209270477,-0.17346632480621338,-0.1908888816833496,0.0,0.9746698141098022,3.4800000190734863,0.0,0.8512864112854004,0.9746698141098022,390.0,1.499735951423645,-1.0,CW_SLOW,1.0,0.0
390,28.374195098876953,-0.17079216241836548,-0.003936104476451874,0.0,3.4800000190734863,0.9752296209335327,0.999999463558197,0.9896906018257141,0.9707772135734558,1.0,1.0,0.0,1.7516200542449951,-0.17079216241836548,-0.17414292693138123,-0.22552217543125153,0.0,0.9752296209335327,3.4800000190734863,0.0,0.8512864112854004,0.9752296209335327,391.0,-1.0,-1.0,CW_SLOW,1.0,0.0
391,29.720067977905273,-0.15866562724113464,-0.004432122688740492,0.0,3.4800000190734863,0.9832724928855896,0.999999463558197,0.9945811629295349,0.9772598743438721,1.0,1.0,1.0,0.7529460191726685,-0.15866562724113464,-0.16243866086006165,-0.25394192337989807,0.0,0.9832724928855896,3.4800000190734863,0.0,0.8512864112854004,0.9832724928855896,392.0,1.3601586818695068,-1.0,CW_SLOW,1.0,0.0
392,32.54199028015137,-0.16185225546360016,-0.004397401586174965,0.0,3.4800000190734863,0.9832849502563477,0.999999463558197,0.9964002966880798,0.9736750721931458,1.0,1.0,1.0,0.749521017074585,-0.16185225546360016,-0.16559572517871857,-0.25195255875587463,0.0,0.9832849502563477,3.4800000190734863,0.0,0.8512864112854004,0.9832849502563477,393.0,-1.0,-1.0,CW_SLOW,1.0,0.0
393,37.06860542297363,-0.15881259739398956,-0.004384564235806465,0.0,3.4800000190734863,0.9827937483787537,0.999999463558197,0.9939490556716919,0.9775540828704834,1.0,1.0,1.0,0.7282810211181641,-0.15881259739398956,-0.16254514455795288,-0.2512170374393463,0.0,0.9827937483787537,3.4800000190734863,0.0,0.8512864112854004,0.9827937483787537,394.0,1.128831148147583,-1.0,CW_SLOW,1.0,0.0
394,35.532474517822266,-0.17245468497276306,-0.0027085491456091404,0.0,3.4800000190734863,0.978460431098938,0.999999463558197,0.9933445453643799,0.970032811164856,1.0,1.0,1.0,0.7268689870834351,-0.17245468497276306,-0.17476044595241547,-0.1551884412765503,0.0,0.978460431098938,3.4800000190734863,0.0,0.8512864112854004,0.978460431098938,395.0,1.1066900491714478,-1.0,CW_SLOW,1.0,0.0
395,37.35995292663574,-0.17306751012802124,-0.002403714694082737,0.0,3.4800000190734863,0.9853808283805847,0.999999463558197,0.9954360127449036,0.9797979593276978,1.0,1.0,1.0,2.630769968032837,-0.17306751012802124,-0.1751137673854828,-0.1377227008342743,0.0,0.9853808283805847,3.4800000190734863,0.0,0.8512864112854004,0.9853808283805847,396.0,-1.0,-1.0,CW_SLOW,1.0,0.0
396,37.18256950378418,-0.1731613725423813,-0.004215907771140337,0.0,3.4800000190734863,0.9856640100479126,0.999999463558197,0.9959101676940918,0.9794239401817322,1.0,1.0,1.0,0.7614319920539856,-0.1731613725423813,-0.1767503321170807,-0.24155372381210327,0.0,0.9856640100479126,3.4800000190734863,0.0,0.8512864112854004,0.9856640100479126,397.0,-1.0,-1.0,PASS,2.0,0.0
397,38.071393966674805,-0.15268094837665558,-0.011977754533290863,0.0,3.4800000190734863,0.9774680137634277,0.999999463558197,0.9835191965103149,0.9876954555511475,1.0,1.0,1.0,0.7505319714546204,-0.15268094837665558,-0.16287793219089508,-0.6862747669219971,0.0,0.9774680137634277,3.4800000190734863,0.0,0.8512864112854004,0.9774680137634277,398.0,-1.0,-1.0,PASS,2.0,0.0
398,41.23568534851074,-0.1691296249628067,-0.0017539103282615542,0.0,3.4800000190734863,0.9801135659217834,0.999999463558197,0.9926020503044128,0.9748373627662659,1.0,1.0,1.0,0.7577160000801086,-0.1691296249628067,-0.17062270641326904,-0.10049165785312653,0.0,0.9801135659217834,3.4800000190734863,0.0,0.8512864112854004,0.9801135659217834,399.0,-1.0,-1.0,PASS,2.0,0.0
399,44.35920715332031,-0.16815902292728424,-0.0011971037602052093,0.0,3.4800000190734863,0.9798873662948608,0.999999463558197,0.9902207255363464,0.9791296124458313,1.0,1.0,1.0,0.7396420240402222,-0.16815902292728424,-0.1691780984401703,-0.0685889944434166,0.0,0.9798873662948608,3.4800000190734863,0.0,0.8512864112854004,0.9798873662948608,400.0,-1.0,-1.0,PASS,2.0,0.0
400,44.979095458984375,-0.16638314723968506,-0.00268723675981164,0.0,3.4800000190734863,0.9730405807495117,0.999999463558197,0.9764294624328613,0.9930591583251953,1.0,1.0,1.0,0.7712600231170654,-0.16638314723968506,-0.16867075860500336,-0.15396732091903687,0.0,0.9730405807495117,3.4800000190734863,0.0,0.8512864112854004,0.9730405807495117,401.0,-1.0,-1.0,PASS,2.0,0.0
401,44.00134086608887,-0.17010442912578583,0.0009045173646882176,0.0,3.4800000190734863,0.9817364811897278,0.999999463558197,0.9948915839195251,0.9735551476478577,1.0,1.0,1.0,0.7672430276870728,-0.17010442912578583,-0.16933442652225494,0.05182502791285515,0.0,0.9817364811897278,3.4800000190734863,0.0,0.8512864112854004,0.9817364811897278,402.0,-1.0,-1.0,PASS,2.0,0.0
402,46.919822692871094,-0.16799335181713104,-0.0012984598288312554,0.0,3.4800000190734863,0.9807211756706238,0.999999463558197,0.9910845160484314,0.9790872931480408,1.0,1.0,1.0,0.7374879717826843,-0.16799335181713104,-0.16909871995449066,-0.07439626753330231,0.0,0.9807211756706238,3.4800000190734863,0.0,0.8512864112854004,0.9807211756706238,403.0,-1.0,-1.0,PASS,2.0,0.0
403,24.452686309814453,-0.18729977309703827,0.004744933918118477,0.0,3.4800000190734863,0.9705343246459961,0.999999463558197,0.9853811264038086,0.9698663949966431,1.0,1.0,1.0,0.7644379734992981,-0.18729977309703827,-0.18326044082641602,0.2718646824359894,0.0,0.9705343246459961,3.4800000190734863,0.0,0.8512864112854004,0.9705343246459961,404.0,-1.0,-1.0,PASS,2.0,0.0
404,24.941682815551758,-0.18762290477752686,0.00529413390904665,0.0,3.4800000190734863,0.9712281227111816,0.999999463558197,0.9861921668052673,0.9696534276008606,1.0,1.0,1.0,0.7574849724769592,-0.18762290477752686,-0.18311603367328644,0.30333152413368225,0.0,0.9712281227111816,3.4800000190734863,0.0,0.8512864112854004,0.9712281227111816,405.0,-1.0,-1.0,PASS,2.0,0.0
405,38.568735122680664,-0.18743665516376495,0.00631357915699482,0.0,3.4800000190734863,0.9725827574729919,0.999999463558197,0.9876229166984558,0.9695432186126709,1.0,1.0,0.0,1.7269339561462402,-0.18743665516376495,-0.18206192553043365,0.36174145340919495,0.0,0.9725827574729919,3.4800000190734863,0.0,0.8512864112854004,0.9725827574729919,406.0,-1.0,-1.0,PASS,2.0,0.0
406,25.272130966186523,-0.18694818019866943,0.00691947340965271,0.0,3.4800000190734863,0.9733949899673462,0.999999463558197,0.9885684847831726,0.9693024754524231,1.0,1.0,1.0,0.7451419830322266,-0.18694818019866943,-0.1810576319694519,0.39645662903785706,0.0,0.9733949899673462,3.4800000190734863,0.0,0.8512864112854004,0.9733949899673462,407.0,-1.0,-1.0,PASS,2.0,0.0
407,24.32560920715332,-0.18677020072937012,0.010142670013010502,0.0,3.4800000190734863,0.9559145569801331,0.999999463558197,0.9782117009162903,0.9544129967689514,1.0,1.0,1.0,0.7390109896659851,-0.18677020072937012,-0.17813558876514435,0.581132173538208,0.0,0.9559145569801331,3.4800000190734863,0.0,0.8512864112854004,0.9559145569801331,408.0,-1.0,-1.0,PASS,2.0,0.0
408,24.787187576293945,-0.18615080416202545,0.007374854758381844,0.0,3.4800000190734863,0.9761552810668945,0.999999463558197,0.991016149520874,0.9700093865394592,1.0,1.0,1.0,0.7523859739303589,-0.18615080416202545,-0.1798725724220276,0.4225480556488037,0.0,0.9761552810668945,3.4800000190734863,0.0,0.8512864112854004,0.9761552810668945,409.0,-1.0,-1.0,PASS,2.0,0.0
409,24.126291275024414,-0.18290182948112488,0.005199914798140526,0.0,3.4800000190734863,0.9817942976951599,0.999999463558197,0.9934415221214294,0.9765522480010986,1.0,1.0,1.0,0.7506530284881592,-0.18290182948112488,-0.17847517132759094,0.2979331612586975,0.0,0.9817942976951599,3.4800000190734863,0.0,0.8512864112854004,0.9817942976951599,410.0,-1.0,-1.0,PASS,2.0,0.0
410,27.737140655517578,-0.16364289820194244,0.0037371458020061255,0.0,3.4800000190734863,0.9797527194023132,0.999999463558197,0.9943675398826599,0.9706053137779236,1.0,1.0,1.0,0.7596390247344971,-0.16364289820194244,-0.16046150028705597,0.2141226828098297,0.0,0.9797527194023132,3.4800000190734863,0.0,0.8512864112854004,0.9797527194023132,411.0,-1.0,-1.0,PASS,2.0,0.0
411,24.453401565551758,-0.18122771382331848,0.005189326126128435,0.0,3.4800000190734863,0.98232501745224,0.999999463558197,0.9914402961730957,0.9816125631332397,1.0,1.0,1.0,0.762253999710083,-0.18122771382331848,-0.17681007087230682,0.2973264753818512,0.0,0.98232501745224,3.4800000190734863,0.0,0.8512864112854004,0.98232501745224,412.0,-1.0,-1.0,PASS,2.0,0.0
412,23.741722106933594,-0.17662538588047028,0.0059910849668085575,0.0,3.4800000190734863,0.9727227091789246,0.999999463558197,0.9845013618469238,0.9760723114013672,1.0,1.0,1.0,0.7523350119590759,-0.17662538588047028,-0.17152519524097443,0.3432638943195343,0.0,0.9727227091789246,3.4800000190734863,0.0,0.8512864112854004,0.9727227091789246,413.0,-1.0,-1.0,PASS,2.0,0.0
413,26.160717010498047,-0.1787080466747284,0.0046254233457148075,0.0,3.4800000190734863,0.972629964351654,0.999999463558197,0.9877762198448181,0.9693331122398376,1.0,1.0,1.0,0.7814090251922607,-0.1787080466747284,-0.17477045953273773,0.26501724123954773,0.0,0.972629964351654,3.4800000190734863,0.0,0.8512864112854004,0.972629964351654,414.0,-1.0,-1.0,PASS,2.0,0.0
414,26.210546493530273,-0.18090856075286865,0.004376721568405628,0.0,3.4800000190734863,0.9815385341644287,0.999999463558197,0.9895936846733093,0.9837207198143005,1.0,1.0,1.0,0.7694380283355713,-0.18090856075286865,-0.17718268930912018,0.25076767802238464,0.0,0.9815385341644287,3.4800000190734863,0.0,0.8512864112854004,0.9815385341644287,415.0,-1.0,-1.0,PASS,2.0,0.0
415,30.129432678222656,-0.18016628921031952,0.0048108212649822235,0.0,3.4800000190734863,0.9716611504554749,0.999999463558197,0.9884893894195557,0.9659520983695984,1.0,1.0,1.0,0.9524660110473633,-0.18016628921031952,-0.17607086896896362,0.27563974261283875,0.0,0.9716611504554749,3.4800000190734863,0.0,0.8512864112854004,0.9716611504554749,416.0,-1.0,-1.0,PASS,2.0,0.0
416,30.8990478515625,-0.17975208163261414,0.006178973708301783,0.0,3.4800000190734863,0.964941680431366,0.999999463558197,0.9825546741485596,0.964148998260498,1.0,1.0,1.0,0.8225950002670288,-0.17975208163261414,-0.17449194192886353,0.35402911901474,0.0,0.964941680431366,3.4800000190734863,0.0,0.8512864112854004,0.964941680431366,417.0,-1.0,-1.0,PASS,2.0,0.0
417,32.64284133911133,-0.17922207713127136,0.0057143853046,0.0,3.4800000190734863,0.9710955619812012,0.999999463558197,0.9860010147094727,0.9697663187980652,1.0,1.0,1.0,0.7654500007629395,-0.17922207713127136,-0.17435744404792786,0.32741016149520874,0.0,0.9710955619812012,3.4800000190734863,0.0,0.8512864112854004,0.9710955619812012,418.0,-1.0,-1.0,PASS,2.0,0.0
418,35.76302528381348,-0.17783789336681366,0.0065603978000581264,0.0,3.4800000190734863,0.970233678817749,0.999999463558197,0.9843164682388306,0.9713861346244812,1.0,1.0,1.0,0.7585269808769226,-0.17783789336681366,-0.17225304245948792,0.3758831024169922,0.0,0.970233678817749,3.4800000190734863,0.0,0.8512864112854004,0.970233678817749,419.0,-1.0,-1.0,PASS,2.0,0.0
419,35.401344299316406,-0.17852738499641418,0.008185366168618202,0.0,3.4800000190734863,0.9730316400527954,0.999999463558197,0.9875220656394958,0.9706533551216125,1.0,1.0,1.0,0.790365993976593,-0.17852738499641418,-0.171559140086174,0.4689869284629822,0.0,0.9730316400527954,3.4800000190734863,0.0,0.8512864112854004,0.9730316400527954,420.0,-1.0,-1.0,PASS,2.0,0.0
420,40.305137634277344,-0.1789572834968567,0.005633641500025988,0.0,3.4800000190734863,0.9654493927955627,0.999999463558197,0.9808635115623474,0.9685707688331604,1.0,1.0,0.0,1.7463899850845337,-0.1789572834968567,-0.1741613894701004,0.322783887386322,0.0,0.9654493927955627,3.4800000190734863,0.0,0.8512864112854004,0.9654493927955627,421.0,-1.0,-1.0,PASS,2.0,0.0
421,43.60055923461914,-0.17942118644714355,0.007351239211857319,0.0,3.4800000190734863,0.9687151312828064,0.999999463558197,0.9852047562599182,0.9665259122848511,1.0,1.0,1.0,0.7293530106544495,-0.17942118644714355,-0.1731630563735962,0.42119497060775757,0.0,0.9687151312828064,3.4800000190734863,0.0,0.8512864112854004,0.9687151312828064,422.0,-1.0,-1.0,PASS,2.0,0.0
422,45.28546333312988,-0.17937108874320984,0.0073438845574855804,0.0,3.4800000190734863,0.9691548943519592,0.999999463558197,0.9853583574295044,0.9671120047569275,1.0,1.0,1.0,0.7309460043907166,-0.17937108874320984,-0.17311923205852509,0.42077359557151794,0.0,0.9691548943519592,3.4800000190734863,0.0,0.8512864112854004,0.9691548943519592,423.0,-1.0,-1.0,PASS,2.0,0.0
423,27.96316146850586,-0.18027248978614807,0.007342517841607332,0.0,3.4800000190734863,0.9678158164024353,0.999999463558197,0.9852535128593445,0.9646030068397522,1.0,1.0,1.0,0.7695969939231873,-0.18027248978614807,-0.17402179539203644,0.4206952750682831,0.0,0.9678158164024353,3.4800000190734863,0.0,0.8512864112854004,0.9678158164024353,424.0,-1.0,-1.0,PASS,2.0,0.0
424,24.204015731811523,-0.1785457730293274,0.008525896817445755,0.0,3.4800000190734863,0.9726831316947937,0.999999463558197,0.9873440265655518,0.9703028798103333,1.0,1.0,1.0,0.7541279792785645,-0.1785457730293274,-0.17128761112689972,0.48849791288375854,0.0,0.9726831316947937,3.4800000190734863,0.0,0.8512864112854004,0.9726831316947937,425.0,-1.0,-1.0,PASS,2.0,0.0
425,24.109363555908203,-0.17820051312446594,0.007762549910694361,0.0,3.4800000190734863,0.9710792303085327,0.999999463558197,0.9855191707611084,0.9706962704658508,1.0,1.0,1.0,0.775638997554779,-0.17820051312446594,-0.17159222066402435,0.44476133584976196,0.0,0.9710792303085327,3.4800000190734863,0.0,0.8512864112854004,0.9710792303085327,426.0,-1.0,-1.0,PASS,2.0,0.0
426,35.982370376586914,-0.17872677743434906,0.007566888350993395,0.0,3.4800000190734863,0.9701545238494873,0.999999463558197,0.9855526089668274,0.968752920627594,1.0,1.0,1.0,0.8390160202980042,-0.17872677743434906,-0.1722850650548935,0.43355077505111694,0.0,0.9701545238494873,3.4800000190734863,0.0,0.8512864112854004,0.9701545238494873,427.0,-1.0,-1.0,PASS,2.0,0.0
427,24.461984634399414,-0.17907080054283142,0.00675211800262332,0.0,3.4800000190734863,0.9718181490898132,0.999999463558197,0.987372636795044,0.9684935808181763,1.0,1.0,1.0,0.7500110268592834,-0.17907080054283142,-0.17332272231578827,0.38686785101890564,0.0,0.9718181490898132,3.4800000190734863,0.0,0.8512864112854004,0.9718181490898132,428.0,-1.0,-1.0,PASS,2.0,0.0
428,26.89647674560547,-0.1783791035413742,0.0070435162633657455,0.0,3.4800000190734863,0.9684383273124695,0.999999463558197,0.9833574891090393,0.9696571826934814,1.0,1.0,1.0,0.7632060050964355,-0.1783791035413742,-0.17238295078277588,0.4035637676715851,0.0,0.9684383273124695,3.4800000190734863,0.0,0.8512864112854004,0.9684383273124695,429.0,-1.0,-1.0,PASS,2.0,0.0
429,24.367809295654297,-0.1773558109998703,0.0086748031899333,0.0,3.4800000190734863,0.9686111211776733,0.999999463558197,0.9812889695167542,0.9741613864898682,1.0,1.0,1.0,0.7403129935264587,-0.1773558109998703,-0.16997088491916656,0.4970296025276184,0.0,0.9686111211776733,3.4800000190734863,0.0,0.8512864112854004,0.9686111211776733,430.0,-1.0,-1.0,PASS,2.0,0.0
430,24.608373641967773,-0.17558085918426514,0.008662792854011059,0.0,3.4800000190734863,0.9673532247543335,0.999999463558197,0.9772354364395142,0.9797756671905518,1.0,1.0,1.0,0.7621440291404724,-0.17558085918426514,-0.16820615530014038,0.4963414669036865,0.0,0.9673532247543335,3.4800000190734863,0.0,0.8512864112854004,0.9673532247543335,431.0,-1.0,-1.0,PASS,2.0,0.0
431,24.83677864074707,-0.17511264979839325,0.008998558856546879,0.0,3.4800000190734863,0.9707213044166565,0.999999463558197,0.9798504710197449,0.981366753578186,1.0,1.0,1.0,0.7681549787521362,-0.17511264979839325,-0.16745209693908691,0.5155794620513916,0.0,0.9707213044166565,3.4800000190734863,0.0,0.8512864112854004,0.9707213044166565,432.0,-1.0,-1.0,PASS,2.0,0.0
432,23.873090744018555,-0.17451421916484833,0.007448666263371706,0.0,3.4800000190734863,0.97444087266922,0.999999463558197,0.9835429191589355,0.9814918637275696,1.0,1.0,1.0,0.755420982837677,-0.17451421916484833,-0.168173149228096,0.4267771542072296,0.0,0.97444087266922,3.4800000190734863,0.0,0.8512864112854004,0.97444087266922,433.0,-1.0,-1.0,PASS,2.0,0.0
433,27.158021926879883,-0.17268843948841095,0.009045281447470188,0.0,3.4800000190734863,0.9774706959724426,0.999999463558197,0.9836251735687256,0.9874866604804993,1.0,1.0,1.0,0.7718819975852966,-0.17268843948841095,-0.16498810052871704,0.518256425857544,0.0,0.9774706959724426,3.4800000190734863,0.0,0.8512864112854004,0.9774706959724426,434.0,-1.0,-1.0,PASS,2.0,0.0
434,24.832725524902344,-0.1724877655506134,0.008889512158930302,0.0,3.4800000190734863,0.964358389377594,0.999999463558197,0.9824709892272949,0.9631290435791016,1.0,1.0,1.0,0.7533469796180725,-0.1724877655506134,-0.16492004692554474,0.5093315243721008,0.0,0.964358389377594,3.4800000190734863,0.0,0.8512864112854004,0.964358389377594,435.0,-1.0,-1.0,PASS,2.0,0.0
435,25.08378028869629,-0.1712256520986557,0.009405097924172878,0.0,3.4800000190734863,0.965789258480072,0.999999463558197,0.9816567897796631,0.9676724672317505,1.0,1.0,0.0,1.7551050186157227,-0.1712256520986557,-0.16321898996829987,0.5388724207878113,0.0,0.965789258480072,3.4800000190734863,0.0,0.8512864112854004,0.965789258480072,436.0,-1.0,-1.0,PASS,2.0,0.0
436,27.190208435058594,-0.17037293314933777,0.00949075911194086,0.0,3.4800000190734863,0.9639256000518799,0.999999463558197,0.9789221286773682,0.9693616032600403,1.0,1.0,1.0,0.7378889918327332,-0.17037293314933777,-0.16229332983493805,0.5437804460525513,0.0,0.9639256000518799,3.4800000190734863,0.0,0.8512864112854004,0.9639256000518799,437.0,-1.0,-1.0,PASS,2.0,0.0
437,30.333280563354492,-0.1696867048740387,0.00911521352827549,0.0,3.4800000190734863,0.9652315378189087,0.999999463558197,0.9786367416381836,0.9726048707962036,1.0,1.0,1.0,0.7343320250511169,-0.1696867048740387,-0.16192683577537537,0.5222632884979248,0.0,0.9652315378189087,3.4800000190734863,0.0,0.8512864112854004,0.9652315378189087,438.0,-1.0,-1.0,PASS,2.0,0.0
438,33.34832191467285,-0.16964401304721832,0.009081674739718437,0.0,3.4800000190734863,0.9667655825614929,0.999999463558197,0.9804096221923828,0.9721670746803284,1.0,1.0,1.0,0.7670329809188843,-0.16964401304721832,-0.1619126945734024,0.5203416347503662,0.0,0.9667655825614929,3.4800000190734863,0.0,0.8512864112854004,0.9667655825614929,439.0,-1.0,-1.0,PASS,2.0,0.0
439,35.477638244628906,-0.1677253097295761,0.009638933464884758,0.0,3.4800000190734863,0.968613862991333,0.999999463558197,0.9787279367446899,0.9793326258659363,1.0,1.0,1.0,0.7519339919090271,-0.1677253097295761,-0.15951956808567047,0.552270233631134,0.0,0.968613862991333,3.4800000190734863,0.0,0.8512864112854004,0.968613862991333,440.0,-1.0,-1.0,PASS,2.0,0.0
440,30.57408332824707,-0.16921992599964142,0.00810658372938633,0.0,3.4800000190734863,0.9641441702842712,0.999999463558197,0.9778008460998535,0.9720669388771057,1.0,1.0,1.0,0.9721140265464783,-0.16921992599964142,-0.16231875121593475,0.46447303891181946,0.0,0.9641441702842712,3.4800000190734863,0.0,0.8512864112854004,0.9641441702842712,441.0,-1.0,-1.0,PASS,2.0,0.0
441,30.892610549926758,-0.16799987852573395,0.009348525665700436,0.0,3.4800000190734863,0.9666289687156677,0.999999463558197,0.9773939847946167,0.9779724478721619,1.0,1.0,1.0,0.7722730040550232,-0.16799987852573395,-0.16004137694835663,0.5356310606002808,0.0,0.9666289687156677,3.4800000190734863,0.0,0.8512864112854004,0.9666289687156677,442.0,-1.0,-1.0,PASS,2.0,0.0
442,35.96663475036621,-0.16898515820503235,0.007941196672618389,0.0,3.4800000190734863,0.9624851942062378,0.999999463558197,0.9756002426147461,0.9731143712997437,1.0,1.0,1.0,0.7624250054359436,-0.16898515820503235,-0.16222478449344635,0.45499706268310547,0.0,0.9624851942062378,3.4800000190734863,0.0,0.8512864112854004,0.9624851942062378,443.0,-1.0,-1.0,PASS,2.0,0.0
443,39.189815521240234,-0.16840291023254395,0.00842893123626709,0.0,3.4800000190734863,0.9626173973083496,0.999999463558197,0.9741426706314087,0.9763381481170654,1.0,1.0,1.0,0.7599200010299683,-0.16840291023254395,-0.1612273007631302,0.4829421937465668,0.0,0.9626173973083496,3.4800000190734863,0.0,0.8512864112854004,0.9626173973083496,444.0,-1.0,-1.0,PASS,2.0,0.0
444,40.27962684631348,-0.1667182296514511,0.009737428277730942,0.0,3.4800000190734863,0.9638373255729675,0.999999463558197,0.9708704948425293,0.9855121970176697,1.0,1.0,1.0,0.7529870271682739,-0.1667182296514511,-0.1584286242723465,0.5579135417938232,0.0,0.9638373255729675,3.4800000190734863,0.0,0.8512864112854004,0.9638373255729675,445.0,-1.0,-1.0,PASS,2.0,0.0
445,42.93322563171387,-0.16620968282222748,0.009113610722124577,0.0,3.4800000190734863,0.9629772901535034,0.999999463558197,0.9686110615730286,0.9883678555488586,1.0,1.0,1.0,0.7348229885101318,-0.16620968282222748,-0.1584511697292328,0.5221714377403259,0.0,0.9629772901535034,3.4800000190734863,0.0,0.8512864112854004,0.9629772901535034,446.0,-1.0,-1.0,PASS,2.0,0.0
446,25.344133377075195,-0.16581036150455475,0.009206326678395271,0.0,3.4800000190734863,0.965553343296051,0.999999463558197,0.9705151319503784,0.9897754192352295,1.0,1.0,1.0,0.7759389877319336,-0.16581036150455475,-0.15797291696071625,0.5274836421012878,0.0,0.965553343296051,3.4800000190734863,0.0,0.8512864112854004,0.965553343296051,447.0,-1.0,-1.0,PASS,2.0,0.0
447,33.69879722595215,-0.16539698839187622,0.00868032593280077,0.0,3.4800000190734863,0.9643961191177368,0.999999463558197,0.9681544303894043,0.9922367334365845,1.0,1.0,1.0,0.749210000038147,-0.16539698839187622,-0.15800735354423523,0.49734604358673096,0.0,0.9643961191177368,3.4800000190734863,0.0,0.8512864112854004,0.9643961191177368,448.0,-1.0,-1.0,PASS,2.0,0.0
448,26.633262634277344,-0.1638927459716797,0.008505929261446,0.0,3.4800000190734863,0.9490228891372681,0.999999463558197,0.969653308391571,0.9574483633041382,1.0,1.0,1.0,0.7677749991416931,-0.1638927459716797,-0.1566515862941742,0.4873538613319397,0.0,0.9490228891372681,3.4800000190734863,0.0,0.8512864112854004,0.9490228891372681,449.0,-1.0,-1.0,PASS,2.0,0.0
449,24.515151977539062,-0.16360211372375488,0.008767034858465195,0.0,3.4800000190734863,0.9466649889945984,0.999999463558197,0.9667813181877136,0.9583855867385864,1.0,1.0,1.0,0.7389310002326965,-0.16360211372375488,-0.15613865852355957,0.5023140907287598,0.0,0.9466649889945984,3.4800000190734863,0.0,0.8512864112854004,0.9466649889945984,450.0,-1.0,-1.0,PASS,2.0,0.0
450,25.44999122619629,-0.1639057844877243,0.009665179997682571,0.0,3.4800000190734863,0.939041018486023,0.999999463558197,0.9608093500137329,0.9546880722045898,1.0,1.0,0.0,1.7440249919891357,-0.1639057844877243,-0.1556776911020279,0.5537739992141724,0.0,0.939041018486023,3.4800000190734863,0.0,0.8512864112854004,0.939041018486023,451.0,-1.0,-1.0,PASS,2.0,0.0
451,23.93364906311035,-0.16407698392868042,0.00887193251401186,0.0,3.4800000190734863,0.9356606006622314,0.999999463558197,0.9588381052017212,0.9516555666923523,1.0,1.0,1.0,0.7477480173110962,-0.16407698392868042,-0.15652422606945038,0.5083242654800415,0.0,0.9356606006622314,3.4800000190734863,0.0,0.8512864112854004,0.9356606006622314,452.0,-1.0,-1.0,PASS,2.0,0.0
452,24.206876754760742,-0.16456197202205658,0.008345276117324829,0.0,3.4800000190734863,0.9290326833724976,0.999999463558197,0.9545265436172485,0.9465837478637695,1.0,1.0,1.0,0.7316970229148865,-0.16456197202205658,-0.15745759010314941,0.47814908623695374,0.0,0.9290326833724976,3.4800000190734863,0.0,0.8512864112854004,0.9290326833724976,453.0,-1.0,-1.0,PASS,2.0,0.0
453,26.510953903198242,-0.1651550680398941,0.008565889671444893,0.0,3.4800000190734863,0.9555309414863586,0.999999463558197,0.9556660056114197,0.9997178912162781,1.0,1.0,1.0,0.7524359822273254,-0.1651550680398941,-0.1578628569841385,0.4907893240451813,0.0,0.9555309414863586,3.4800000190734863,0.0,0.8512864112854004,0.9555309414863586,454.0,-1.0,-1.0,PASS,2.0,0.0
454,23.983240127563477,-0.16482573747634888,0.008637899532914162,0.0,3.4800000190734863,0.953718364238739,0.999999463558197,0.9549911022186279,0.9973350763320923,1.0,1.0,1.0,0.782380998134613,-0.16482573747634888,-0.15747222304344177,0.4949151873588562,0.0,0.953718364238739,3.4800000190734863,0.0,0.8512864112854004,0.953718364238739,455.0,-1.0,-1.0,PASS,2.0,0.0
455,24.343252182006836,-0.16361920535564423,0.008103740401566029,0.0,3.4800000190734863,0.9225589036941528,0.999999463558197,0.9467642903327942,0.948867678642273,1.0,1.0,1.0,0.7411649823188782,-0.16361920535564423,-0.15672044456005096,0.4643101096153259,0.0,0.9225589036941528,3.4800000190734863,0.0,0.8512864112854004,0.9225589036941528,456.0,-1.0,-1.0,PASS,2.0,0.0
456,24.556875228881836,-0.1609182059764862,0.008255147375166416,0.0,3.4800000190734863,0.9416273236274719,0.999999463558197,0.9548294544219971,0.9723471999168396,1.0,1.0,1.0,0.7732549905776978,-0.1609182059764862,-0.15389055013656616,0.4729851186275482,0.0,0.9416273236274719,3.4800000190734863,0.0,0.8512864112854004,0.9416273236274719,457.0,-1.0,-1.0,PASS,2.0,0.0
457,23.764848709106445,-0.16322192549705505,0.006542567163705826,0.0,3.4800000190734863,0.9182927012443542,0.999999463558197,0.9424852132797241,0.9486628770828247,1.0,1.0,1.0,0.7548199892044067,-0.16322192549705505,-0.15765224397182465,0.374861478805542,0.0,0.9182927012443542,3.4800000190734863,0.0,0.8512864112854004,0.9182927012443542,458.0,-1.0,-1.0,PASS,2.0,0.0
458,26.026248931884766,-0.16123509407043457,0.008986086584627628,0.0,3.4800000190734863,0.9405638575553894,0.999999463558197,0.9544926881790161,0.9708147048950195,1.0,1.0,1.0,0.76521897315979,-0.16123509407043457,-0.15358515083789825,0.5148648619651794,0.0,0.9405638575553894,3.4800000190734863,0.0,0.8512864112854004,0.9405638575553894,459.0,-1.0,-1.0,PASS,2.0,0.0
459,24.441242218017578,-0.15837785601615906,0.008449859917163849,0.0,3.4800000190734863,0.938550591468811,0.999999463558197,0.9393527507781982,0.9982925653457642,1.0,1.0,1.0,0.7374380230903625,-0.15837785601615906,-0.15118443965911865,0.4841413199901581,0.0,0.938550591468811,3.4800000190734863,0.0,0.8512864112854004,0.938550591468811,460.0,-1.0,-1.0,PASS,2.0,0.0
460,28.765439987182617,-0.15703798830509186,0.006301418878138065,0.0,3.4800000190734863,0.922295868396759,0.999999463558197,0.9290920495986938,0.9853708148002625,1.0,1.0,1.0,0.7441200017929077,-0.15703798830509186,-0.1516736000776291,0.361044704914093,0.0,0.922295868396759,3.4800000190734863,0.0,0.8512864112854004,0.922295868396759,461.0,-1.0,-1.0,PASS,2.0,0.0
461,29.926538467407227,-0.1579923927783966,0.0069128056056797504,0.0,3.4800000190734863,0.9308247566223145,0.999999463558197,0.9313621520996094,0.9988465309143066,1.0,1.0,1.0,0.8644539713859558,-0.1579923927783966,-0.15210752189159393,0.3960745930671692,0.0,0.9308247566223145,3.4800000190734863,0.0,0.8512864112854004,0.9308247566223145,462.0,-1.0,-1.0,PASS,2.0,0.0
462,31.301021575927734,-0.15697543323040009,0.0064861103892326355,0.0,3.4800000190734863,0.9112046360969543,0.999999463558197,0.9186152219772339,0.983866274356842,1.0,1.0,1.0,0.7445110082626343,-0.15697543323040009,-0.15145382285118103,0.37162676453590393,0.0,0.9112046360969543,3.4800000190734863,0.0,0.8512864112854004,0.9112046360969543,463.0,-1.0,-1.0,PASS,2.0,0.0
463,33.46514701843262,-0.1537626087665558,0.0076296464540064335,0.0,3.4800000190734863,0.8996968269348145,0.999999463558197,0.9169944524765015,0.9622737765312195,1.0,1.0,1.0,0.7725329995155334,-0.1537626087665558,-0.14726747572422028,0.43714654445648193,0.0,0.8996968269348145,3.4800000190734863,0.0,0.8512864112854004,0.8996968269348145,464.0,-1.0,-1.0,PASS,2.0,0.0
464,34.684181213378906,-0.15400052070617676,0.007968220859766006,0.0,3.4800000190734863,0.8857520818710327,0.999999463558197,0.9034619927406311,0.9607959389686584,1.0,1.0,1.0,0.7677850127220154,-0.15400052070617676,-0.14721713960170746,0.4565454125404358,0.0,0.8857520818710327,3.4800000190734863,0.0,0.8512864112854004,0.8857520818710327,465.0,-1.0,-1.0,PASS,2.0,0.0
465,38.25211524963379,-0.1526116579771042,0.007349506486207247,0.0,3.4800000190734863,0.8426418900489807,0.9999994039535522,0.8620333671569824,0.9550104737281799,1.0,1.0,0.0,1.754364013671875,-0.1526116579771042,-0.14635500311851501,0.42109569907188416,0.0,0.8426418900489807,3.4800000190734863,0.0,0.8512864112854004,0.8426418900489807,466.0,-1.0,-1.0,PASS,2.0,0.0
466,36.633968353271484,-0.14952638745307922,0.007616843096911907,0.0,3.4800000190734863,0.8496797680854797,0.9999994039535522,0.8696675896644592,0.9540340304374695,1.0,1.0,1.0,0.776229977607727,-0.14952638745307922,-0.14304214715957642,0.4364129602909088,0.0,0.8496797680854797,3.4800000190734863,0.0,0.8512864112854004,0.8496797680854797,467.0,-1.0,-1.0,PASS,2.0,0.0
467,39.335012435913086,-0.1508929580450058,0.008836407214403152,0.0,3.4800000190734863,0.8986544013023376,0.999999463558197,0.9004393219947815,0.9960360527038574,1.0,1.0,1.0,0.8025379776954651,-0.1508929580450058,-0.14337044954299927,0.5062888264656067,0.0,0.8986544013023376,3.4800000190734863,0.0,0.8512864112854004,0.8986544013023376,468.0,-1.0,-1.0,PASS,2.0,0.0
468,41.936397552490234,-0.1502758264541626,0.00923470314592123,0.0,3.4800000190734863,0.8241814970970154,0.9999994039535522,0.8626499176025391,0.9108139276504517,1.0,1.0,1.0,0.9970800280570984,-0.1502758264541626,-0.14241422712802887,0.529109537601471,0.0,0.8241814970970154,3.4800000190734863,0.0,0.8512864112854004,0.8241814970970154,469.0,-1.0,-1.0,PASS,2.0,0.0
469,43.10417175292969,-0.14953795075416565,0.008607289753854275,0.0,3.4800000190734863,0.884977400302887,0.999999463558197,0.8959611654281616,0.9754820466041565,1.0,1.0,1.0,0.8984969854354858,-0.14953795075416565,-0.14221049845218658,0.4931613802909851,0.0,0.884977400302887,3.4800000190734863,0.0,0.8512864112854004,0.884977400302887,470.0,-1.0,-1.0,PASS,2.0,0.0
470,46.430110931396484,-0.14777988195419312,0.00874390546232462,0.0,3.4800000190734863,0.8521133065223694,0.9999994039535522,0.8841680884361267,0.9274921417236328,1.0,1.0,1.0,0.8490149974822998,-0.14777988195419312,-0.14033612608909607,0.5009889006614685,0.0,0.8521133065223694,3.4800000190734863,0.0,0.8512864112854004,0.8521133065223694,471.0,-1.0,-1.0,PASS,2.0,0.0
471,25.447368621826172,-0.14845503866672516,0.008663365617394447,0.0,3.4800000190734863,0.8469279408454895,0.9999994039535522,0.8831133246421814,0.9180509448051453,1.0,1.0,1.0,0.7810279726982117,-0.14845503866672516,-0.141079843044281,0.4963742792606354,0.0,0.8469279408454895,3.4800000190734863,0.0,0.8512864112854004,0.8469279408454895,472.0,-1.0,-1.0,PASS,2.0,0.0
472,25.725364685058594,-0.1439432054758072,0.007423673756420612,0.0,3.4800000190734863,0.8718651533126831,0.9999994039535522,0.8788164258003235,0.9841809868812561,1.0,1.0,1.0,0.8849120140075684,-0.1439432054758072,-0.13762341439723969,0.42534518241882324,0.0,0.8718651533126831,3.4800000190734863,0.0,0.8512864112854004,0.8718651533126831,473.0,-1.0,-1.0,PASS,2.0,0.0
473,25.481700897216797,-0.14351125061511993,0.008870922960340977,0.0,3.4800000190734863,0.855722963809967,0.9999994039535522,0.8566622734069824,0.9978076815605164,1.0,1.0,1.0,0.8606359958648682,-0.14351125061511993,-0.13595935702323914,0.5082664489746094,0.0,0.855722963809967,3.4800000190734863,0.0,0.8512864112854004,0.855722963809967,474.0,-1.0,-1.0,PASS,2.0,0.0
474,25.179624557495117,-0.14217321574687958,0.00844406709074974,0.0,3.4800000190734863,0.8465312123298645,0.9999994039535522,0.857753574848175,0.9738337993621826,1.0,1.0,1.0,0.7541689872741699,-0.14217321574687958,-0.13498473167419434,0.4838094115257263,0.0,0.8465312123298645,3.4800000190734863,0.0,0.8512864112854004,0.8465312123298645,475.0,-1.0,-1.0,PASS,2.0,0.0
475,24.669647216796875,-0.14263325929641724,0.008307581767439842,0.0,3.4800000190734863,0.862042248249054,0.9999994039535522,0.8675236701965332,0.9873637557029724,1.0,1.0,1.0,0.7526659965515137,-0.14263325929641724,-0.13556095957756042,0.47598937153816223,0.0,0.862042248249054,3.4800000190734863,0.0,0.8512864112854004,0.862042248249054,476.0,-1.0,-1.0,PASS,2.0,0.0
476,24.942874908447266,-0.14444345235824585,0.008084632456302643,0.0,3.4800000190734863,0.8567477464675903,0.9999994039535522,0.8651466369628906,0.9805845022201538,1.0,1.0,1.0,0.7553709745407104,-0.14444345235824585,-0.13756096363067627,0.46321532130241394,0.0,0.8567477464675903,3.4800000190734863,0.0,0.8512864112854004,0.8567477464675903,477.0,-1.0,-1.0,PASS,2.0,0.0
477,24.72209930419922,-0.14470481872558594,0.00879756547510624,0.0,3.4800000190734863,0.846507728099823,0.9999994039535522,0.8567408919334412,0.9761120080947876,1.0,1.0,1.0,0.764618992805481,-0.14470481872558594,-0.13721537590026855,0.5040633678436279,0.0,0.846507728099823,3.4800000190734863,0.0,0.8512864112854004,0.846507728099823,478.0,-1.0,-1.0,PASS,2.0,0.0
478,26.597976684570312,-0.1438876986503601,0.008392101153731346,0.0,3.4800000190734863,0.8619365692138672,0.9999994039535522,0.8661152720451355,0.9903513789176941,1.0,1.0,1.0,0.7867100238800049,-0.1438876986503601,-0.1367434561252594,0.48083198070526123,0.0,0.8619365692138672,3.4800000190734863,0.0,0.8512864112854004,0.8619365692138672,479.0,-1.0,-1.0,PASS,2.0,0.0
479,24.751901626586914,-0.14427450299263,0.008394387550652027,0.0,3.4800000190734863,0.8555855751037598,0.9999994039535522,0.862945556640625,0.9829428791999817,1.0,1.0,1.0,0.7523859739303589,-0.14427450299263,-0.1371283084154129,0.48096299171447754,0.0,0.8555855751037598,3.4800000190734863,0.0,0.8512864112854004,0.8555855751037598,480.0,-1.0,-1.0,PASS,2.0,0.0
480,25.67744255065918,-0.14441634714603424,0.007808349560946226,0.0,3.4800000190734863,0.8658906817436218,0.9999994039535522,0.8751188516616821,0.9789104461669922,1.0,1.0,0.0,1.7638930082321167,-0.14441634714603424,-0.13776907324790955,0.4473854601383209,0.0,0.8658906817436218,3.4800000190734863,0.0,0.8512864112854004,0.8658906817436218,481.0,-1.0,-1.0,PASS,2.0,0.0
481,25.00009536743164,-0.14371004700660706,0.007800267543643713,0.0,3.4800000190734863,0.8799691200256348,0.9999994039535522,0.8854359984397888,0.9876521229743958,1.0,1.0,1.0,0.7572839856147766,-0.14371004700660706,-0.13706965744495392,0.4469224214553833,0.0,0.8799691200256348,3.4800000190734863,0.0,0.8512864112854004,0.8799691200256348,482.0,-1.0,-1.0,PASS,2.0,0.0
482,24.36208724975586,-0.14710067212581635,0.0074421996250748634,0.0,3.4800000190734863,0.8703957200050354,0.999999463558197,0.8988474011421204,0.936693549156189,1.0,1.0,1.0,0.7458339929580688,-0.14710067212581635,-0.14076511561870575,0.4264066219329834,0.0,0.8703957200050354,3.4800000190734863,0.0,0.8512864112854004,0.8703957200050354,483.0,-1.0,-1.0,PASS,2.0,0.0
483,27.40621566772461,-0.14558082818984985,0.007269057910889387,0.0,3.4800000190734863,0.875547468662262,0.9999994039535522,0.8946111798286438,0.9573816657066345,1.0,1.0,1.0,0.8982269763946533,-0.14558082818984985,-0.1393926739692688,0.41648635268211365,0.0,0.875547468662262,3.4800000190734863,0.0,0.8512864112854004,0.875547468662262,484.0,-1.0,-1.0,PASS,2.0,0.0
484,26.920557022094727,-0.146183580160141,0.006165367551147938,0.0,3.4800000190734863,0.8813419938087463,0.999999463558197,0.904017448425293,0.9498345255851746,1.0,1.0,1.0,0.7871699929237366,-0.146183580160141,-0.140935018658638,0.35324954986572266,0.0,0.8813419938087463,3.4800000190734863,0.0,0.8512864112854004,0.8813419938087463,485.0,-1.0,-1.0,PASS,2.0,0.0
485,30.524015426635742,-0.14594395458698273,0.006783575285226107,0.0,3.4800000190734863,0.8717139959335327,0.9999994039535522,0.8928059339523315,0.9527519941329956,1.0,1.0,1.0,0.808709979057312,-0.14594395458698273,-0.14016909897327423,0.3886702358722687,0.0,0.8717139959335327,3.4800000190734863,0.0,0.8512864112854004,0.8717139959335327,486.0,-1.0,-1.0,PASS,2.0,0.0
486,32.4854850769043,-0.1466231644153595,0.006363722030073404,0.0,3.4800000190734863,0.8766685128211975,0.999999463558197,0.9027435183525085,0.9422322511672974,1.0,1.0,1.0,0.7561330199241638,-0.1466231644153595,-0.14120574295520782,0.36461442708969116,0.0,0.8766685128211975,3.4800000190734863,0.0,0.8512864112854004,0.8766685128211975,487.0,-1.0,-1.0,PASS,2.0,0.0
487,37.255287170410156,-0.14637379348278046,0.006429422181099653,0.0,3.4800000190734863,0.8858540654182434,0.999999463558197,0.9095476865768433,0.9479007124900818,1.0,1.0,1.0,0.7303550243377686,-0.14637379348278046,-0.14090043306350708,0.36837875843048096,0.0,0.8858540654182434,3.4800000190734863,0.0,0.8512864112854004,0.8858540654182434,488.0,-1.0,-1.0,PASS,2.0,0.0
488,38.21301460266113,-0.1465231031179428,0.005509918089956045,0.0,3.4800000190734863,0.8738855123519897,0.999999463558197,0.8994617462158203,0.9431304335594177,1.0,1.0,1.0,0.7615630030632019,-0.1465231031179428,-0.14183253049850464,0.31569504737854004,0.0,0.8738855123519897,3.4800000190734863,0.0,0.8512864112854004,0.8738855123519897,489.0,-1.0,-1.0,PASS,2.0,0.0
489,39.88146781921387,-0.14598965644836426,0.005251596216112375,0.0,3.4800000190734863,0.8694062829017639,0.9999994039535522,0.8920732736587524,0.9491819143295288,1.0,1.0,1.0,0.957876980304718,-0.14598965644836426,-0.14151901006698608,0.30089429020881653,0.0,0.8694062829017639,3.4800000190734863,0.0,0.8512864112854004,0.8694062829017639,490.0,-1.0,-1.0,PASS,2.0,0.0
490,42.97995567321777,-0.14737920463085175,0.005096436478197575,0.0,3.4800000190734863,0.8773585557937622,0.999999463558197,0.9078463315963745,0.9328354001045227,1.0,1.0,1.0,0.7358660101890564,-0.14737920463085175,-0.14304064214229584,0.2920042872428894,0.0,0.8773585557937622,3.4800000190734863,0.0,0.8512864112854004,0.8773585557937622,491.0,-1.0,-1.0,PASS,2.0,0.0
491,46.76961898803711,-0.1470106542110443,0.00640042033046484,0.0,3.4800000190734863,0.8901423811912537,0.999999463558197,0.91721510887146,0.9409680366516113,1.0,1.0,1.0,0.7563729882240295,-0.1470106542110443,-0.14156198501586914,0.36671707034111023,0.0,0.8901423811912537,3.4800000190734863,0.0,0.8512864112854004,0.8901423811912537,492.0,-1.0,-1.0,PASS,2.0,0.0
492,24.150371551513672,-0.14714562892913818,0.007193136028945446,0.0,3.4800000190734863,0.8806766867637634,0.999999463558197,0.90904700756073,0.9375828504562378,1.0,1.0,1.0,0.7504720091819763,-0.14714562892913818,-0.14102210104465485,0.41213634610176086,0.0,0.8806766867637634,3.4800000190734863,0.0,0.8512864112854004,0.8806766867637634,493.0,-1.0,-1.0,PASS,2.0,0.0
493,26.31855010986328,-0.14823324978351593,0.006790339481085539,0.0,3.4800000190734863,0.8680393099784851,0.999999463558197,0.9033582806587219,0.9218057990074158,1.0,1.0,1.0,0.7607110142707825,-0.14823324978351593,-0.1424526423215866,0.38905778527259827,0.0,0.8680393099784851,3.4800000190734863,0.0,0.8512864112854004,0.8680393099784851,494.0,-1.0,-1.0,PASS,2.0,0.0
494,24.566650390625,-0.14588958024978638,0.00682947039604187,0.0,3.4800000190734863,0.8810904026031494,0.999999463558197,0.9022375345230103,0.9531234502792358,1.0,1.0,1.0,0.75211501121521,-0.14588958024978638,-0.1400756537914276,0.391299843788147,0.0,0.8810904026031494,3.4800000190734863,0.0,0.8512864112854004,0.8810904026031494,495.0,-1.0,-1.0,PASS,2.0,0.0
495,25.857210159301758,-0.14762859046459198,0.006324707996100187,0.0,3.4800000190734863,0.87679523229599,0.999999463558197,0.9078511595726013,0.9315841794013977,1.0,1.0,0.0,1.7295889854431152,-0.14762859046459198,-0.1422443836927414,0.3623790740966797,0.0,0.87679523229599,3.4800000190734863,0.0,0.8512864112854004,0.87679523229599,496.0,-1.0,-1.0,PASS,2.0,0.0
496,24.255990982055664,-0.1467266082763672,0.007208779454231262,0.0,3.4800000190734863,0.8746312260627747,0.999999463558197,0.9012219905853271,0.940990149974823,1.0,1.0,1.0,0.7381290197372437,-0.1467266082763672,-0.14058975875377655,0.4130326509475708,0.0,0.8746312260627747,3.4800000190734863,0.0,0.8512864112854004,0.8746312260627747,497.0,-1.0,-1.0,PASS,2.0,0.0
497,25.705575942993164,-0.147716224193573,0.005953693296760321,0.0,3.4800000190734863,0.857923686504364,0.9999994039535522,0.8917648196220398,0.9241035580635071,1.0,1.0,1.0,0.726498007774353,-0.147716224193573,-0.1426478624343872,0.34112149477005005,0.0,0.857923686504364,3.4800000190734863,0.0,0.8512864112854004,0.857923686504364,498.0,-1.0,-1.0,PASS,2.0,0.0
498,26.24225616455078,-0.14872963726520538,0.005494818557053804,0.0,3.4800000190734863,0.849094033241272,0.9999994039535522,0.8891854882240295,0.9098249077796936,1.0,1.0,1.0,0.7706390023231506,-0.14872963726520538,-0.1440519243478775,0.31482991576194763,0.0,0.849094033241272,3.4800000190734863,0.0,0.8512864112854004,0.849094033241272,499.0,-1.0,-1.0,PASS,2.0,0.0
499,24.66559410095215,-0.14963367581367493,0.00663197273388505,0.0,3.4800000190734863,0.9021990895271301,0.999999463558197,0.9085777401924133,0.9859596490859985,1.0,1.0,1.0,0.7425370216369629,-0.14963367581367493,-0.14398787915706635,0.379984050989151,0.0,0.9021990895271301,3.4800000190734863,0.0,0.8512864112854004,0.9021990895271301,500.0,-1.0,-1.0,PASS,2.0,0.0
500,24.643659591674805,-0.14747507870197296,0.005505379755049944,0.0,3.4800000190734863,0.8715347051620483,0.999999463558197,0.9028184413909912,0.9306982159614563,1.0,1.0,1.0,0.7481380105018616,-0.14747507870197296,-0.1427883803844452,0.3154350221157074,0.0,0.8715347051620483,3.4800000190734863,0.0,0.8512864112854004,0.8715347051620483,501.0,-1.0,-1.0,PASS,2.0,0.0
501,24.64747428894043,-0.1500231772661209,0.006883656606078148,0.0,3.4800000190734863,0.91087406873703,0.999999463558197,0.9145206809043884,0.9920256733894348,1.0,1.0,1.0,0.7564529776573181,-0.1500231772661209,-0.144163116812706,0.39440447092056274,0.0,0.91087406873703,3.4800000190734863,0.0,0.8512864112854004,0.91087406873703,502.0,-1.0,-1.0,PASS,2.0,0.0
502,24.488210678100586,-0.15014684200286865,0.006471147760748863,0.0,3.4800000190734863,0.9294142723083496,0.999999463558197,0.9294297099113464,0.9999673962593079,1.0,1.0,1.0,0.7558019757270813,-0.15014684200286865,-0.14463797211647034,0.3707694411277771,0.0,0.9294142723083496,3.4800000190734863,0.0,0.8512864112854004,0.9294142723083496,503.0,-1.0,-1.0,PASS,2.0,0.0
503,26.119232177734375,-0.15159600973129272,0.007779199164360762,0.0,3.4800000190734863,0.9466404914855957,0.999999463558197,0.9564060568809509,0.9795792698860168,1.0,1.0,1.0,0.7665820121765137,-0.15159600973129272,-0.1449735462665558,0.4457152783870697,0.0,0.9466404914855957,3.4800000190734863,0.0,0.8512864112854004,0.9466404914855957,504.0,-1.0,-1.0,PASS,2.0,0.0
504,24.571895599365234,-0.1532304435968399,0.007981259375810623,0.0,3.4800000190734863,0.9592992067337036,0.999999463558197,0.9742438197135925,0.9693211317062378,1.0,1.0,1.0,0.7461940050125122,-0.1532304435968399,-0.1464359611272812,0.45729246735572815,0.0,0.9592992067337036,3.4800000190734863,0.0,0.8512864112854004,0.9592992067337036,505.0,-1.0,-1.0,PASS,2.0,0.0
505,24.60503578186035,-0.15821069478988647,0.008545360527932644,0.0,3.4800000190734863,0.9727691411972046,0.999999463558197,0.9823647141456604,0.9804648756980896,1.0,1.0,1.0,0.7328299880027771,-0.15821069478988647,-0.15093596279621124,0.4896130859851837,0.0,0.9727691411972046,3.4800000190734863,0.0,0.8512864112854004,0.9727691411972046,506.0,-1.0,-1.0,PASS,2.0,0.0
506,30.72977066040039,-0.15612384676933289,0.007769724354147911,0.0,3.4800000190734863,0.9419702887535095,0.999999463558197,0.9653310775756836,0.951600968837738,1.0,1.0,1.0,0.7919089794158936,-0.15612384676933289,-0.149509459733963,0.44517239928245544,0.0,0.9419702887535095,3.4800000190734863,0.0,0.8512864112854004,0.9419702887535095,507.0,-1.0,-1.0,PASS,2.0,0.0
507,24.892091751098633,-0.15500232577323914,0.007531655952334404,0.0,3.4800000190734863,0.9130938053131104,0.999999463558197,0.9365736842155457,0.9498605728149414,1.0,1.0,1.0,0.8231469988822937,-0.15500232577323914,-0.14859060943126678,0.431532084941864,0.0,0.9130938053131104,3.4800000190734863,0.0,0.8512864112854004,0.9130938053131104,508.0,-1.0,-1.0,PASS,2.0,0.0
508,27.086734771728516,-0.15279339253902435,0.009323731996119022,0.0,3.4800000190734863,0.9302381873130798,0.999999463558197,0.9434435963630676,0.9720064401626587,1.0,1.0,1.0,0.7507320046424866,-0.15279339253902435,-0.14485599100589752,0.5342105031013489,0.0,0.9302381873130798,3.4800000190734863,0.0,0.8512864112854004,0.9302381873130798,509.0,-1.0,-1.0,PASS,2.0,0.0
509,29.24180030822754,-0.15341252088546753,0.009033175185322762,0.0,3.4800000190734863,0.9541530609130859,0.999999463558197,0.9697045087814331,0.9679259657859802,1.0,1.0,1.0,0.7386410236358643,-0.15341252088546753,-0.14572249352931976,0.5175628066062927,0.0,0.9541530609130859,3.4800000190734863,0.0,0.8512864112854004,0.9541530609130859,510.0,-1.0,-1.0,PASS,2.0,0.0
510,30.61056137084961,-0.15512455999851227,0.008313894271850586,0.0,3.4800000190734863,0.9561041593551636,0.999999463558197,0.9748380184173584,0.9615656733512878,1.0,1.0,0.0,1.7296890020370483,-0.15512455999851227,-0.14804689586162567,0.4763510525226593,0.0,0.9561041593551636,3.4800000190734863,0.0,0.8512864112854004,0.9561041593551636,511.0,-1.0,-1.0,PASS,2.0,0.0
511,32.32979774475098,-0.15417969226837158,0.007621452212333679,0.0,3.4800000190734863,0.9546840786933899,0.999999463558197,0.9717554450035095,0.9648653864860535,1.0,1.0,1.0,0.760981023311615,-0.15417969226837158,-0.1476915329694748,0.4366770386695862,0.0,0.9546840786933899,3.4800000190734863,0.0,0.8512864112854004,0.9546840786933899,512.0,-1.0,-1.0,PASS,2.0,0.0
512,33.64443778991699,-0.15474291145801544,0.008939736522734165,0.0,3.4800000190734863,0.9465480446815491,0.999999463558197,0.9657033681869507,0.9603291749954224,1.0,1.0,1.0,0.7342320084571838,-0.15474291145801544,-0.14713242650032043,0.5122091770172119,0.0,0.9465480446815491,3.4800000190734863,0.0,0.8512864112854004,0.9465480446815491,513.0,-1.0,-1.0,PASS,2.0,0.0
513,35.08114814758301,-0.1584540754556656,0.009709876030683517,0.0,3.4800000190734863,0.9666497111320496,0.999999463558197,0.9751957654953003,0.9824735522270203,1.0,1.0,1.0,0.7496110200881958,-0.1584540754556656,-0.1501879245042801,0.556334912776947,0.0,0.9666497111320496,3.4800000190734863,0.0,0.8512864112854004,0.9666497111320496,514.0,-1.0,-1.0,PASS,2.0,0.0
514,37.053823471069336,-0.1578114777803421,0.009287052787840366,0.0,3.4800000190734863,0.9722447395324707,0.999999463558197,0.980789065361023,0.9825770854949951,1.0,1.0,1.0,0.7473570108413696,-0.1578114777803421,-0.14990530908107758,0.5321089029312134,0.0,0.9722447395324707,3.4800000190734863,0.0,0.8512864112854004,0.9722447395324707,515.0,-1.0,-1.0,PASS,2.0,0.0
515,42.40846633911133,-0.1587846726179123,0.009622345678508282,0.0,3.4800000190734863,0.9684402346611023,0.999999463558197,0.9780821800231934,0.9802844524383545,1.0,1.0,1.0,0.7255359888076782,-0.1587846726179123,-0.15059304237365723,0.5513197779655457,0.0,0.9684402346611023,3.4800000190734863,0.0,0.8512864112854004,0.9684402346611023,516.0,-1.0,-1.0,PASS,2.0,0.0
516,43.691158294677734,-0.15724170207977295,0.009436352178454399,0.0,3.4800000190734863,0.9620615839958191,0.999999463558197,0.9655951261520386,0.992681622505188,1.0,1.0,1.0,0.7603510022163391,-0.15724170207977295,-0.1492084264755249,0.5406631827354431,0.0,0.9620615839958191,3.4800000190734863,0.0,0.8512864112854004,0.9620615839958191,517.0,-1.0,-1.0,PASS,2.0,0.0
517,47.02019691467285,-0.15911032259464264,0.00982781033962965,0.0,3.4800000190734863,0.9656463265419006,0.999999463558197,0.9755396246910095,0.9797177314758301,1.0,1.0,1.0,0.7334910035133362,-0.15911032259464264,-0.150743767619133,0.563092052936554,0.0,0.9656463265419006,3.4800000190734863,0.0,0.8512864112854004,0.9656463265419006,518.0,-1.0,-1.0,PASS,2.0,0.0
518,48.00271987915039,-0.15776701271533966,0.010680895298719406,0.0,3.4800000190734863,0.9662758111953735,0.999999463558197,0.9725563526153564,0.9870849847793579,1.0,1.0,1.0,0.7585870027542114,-0.15776701271533966,-0.1486741602420807,0.6119702458381653,0.0,0.9662758111953735,3.4800000190734863,0.0,0.8512864112854004,0.9662758111953735,519.0,-1.0,-1.0,PASS,2.0,0.0
519,24.111270904541016,-0.1591867357492447,0.009850705973803997,0.0,3.4800000190734863,0.9644526839256287,0.999999463558197,0.9742968678474426,0.9797927737236023,1.0,1.0,1.0,0.7609109878540039,-0.1591867357492447,-0.1508006900548935,0.5644038915634155,0.0,0.9644526839256287,3.4800000190734863,0.0,0.8512864112854004,0.9644526839256287,520.0,-1.0,-1.0,PASS,2.0,0.0
520,24.953603744506836,-0.15856362879276276,0.009716152213513851,0.0,3.4800000190734863,0.9648899435997009,0.999999463558197,0.9732019305229187,0.9829187393188477,1.0,1.0,1.0,1.2976969480514526,-0.15856362879276276,-0.15029214322566986,0.556694507598877,0.0,0.9648899435997009,3.4800000190734863,0.0,0.8512864112854004,0.9648899435997009,521.0,-1.0,-1.0,PASS,2.0,0.0
521,24.85823631286621,-0.15874509513378143,0.009589558467268944,0.0,3.4800000190734863,0.9676495790481567,0.999999463558197,0.9769368767738342,0.9809874892234802,1.0,1.0,1.0,0.7520260214805603,-0.15874509513378143,-0.15058138966560364,0.5494412183761597,0.0,0.9676495790481567,3.4800000190734863,0.0,0.8512864112854004,0.9676495790481567,522.0,-1.0,-1.0,PASS,2.0,0.0
522,24.518728256225586,-0.16066673398017883,0.010590068995952606,0.0,3.4800000190734863,0.9652841687202454,0.999999463558197,0.97836834192276,0.973253607749939,1.0,1.0,1.0,0.7367860078811646,-0.16066673398017883,-0.15165121853351593,0.6067662835121155,0.0,0.9652841687202454,3.4800000190734863,0.0,0.8512864112854004,0.9652841687202454,523.0,-1.0,-1.0,PASS,2.0,0.0
523,26.599884033203125,-0.1628747284412384,0.009115081280469894,0.0,3.4800000190734863,0.9588483572006226,0.999999463558197,0.9766061902046204,0.9636340737342834,1.0,1.0,1.0,0.7477269768714905,-0.1628747284412384,-0.15511496365070343,0.5222556591033936,0.0,0.9588483572006226,3.4800000190734863,0.0,0.8512864112854004,0.9588483572006226,524.0,-1.0,-1.0,PASS,2.0,0.0
524,24.765729904174805,-0.16228391230106354,0.008777784183621407,0.0,3.4800000190734863,0.9559992551803589,0.999999463558197,0.972971498966217,0.9651131629943848,1.0,1.0,1.0,0.7379990220069885,-0.16228391230106354,-0.1548113077878952,0.5029299855232239,0.0,0.9559992551803589,3.4800000190734863,0.0,0.8512864112854004,0.9559992551803589,525.0,-1.0,-1.0,PASS,2.0,0.0
525,25.995969772338867,-0.16376285254955292,0.008053498342633247,0.0,3.4800000190734863,0.9449475407600403,0.999999463558197,0.9663588404655457,0.9556871652603149,1.0,1.0,0.0,1.720000982284546,-0.16376285254955292,-0.1569068729877472,0.46143147349357605,0.0,0.9449475407600403,3.4800000190734863,0.0,0.8512864112854004,0.9449475407600403,526.0,-1.0,-1.0,PASS,2.0,0.0
526,24.6126651763916,-0.16623857617378235,0.008310006000101566,0.0,3.4800000190734863,0.9567286968231201,0.999999463558197,0.9617152214050293,0.989630401134491,1.0,1.0,1.0,0.7341619729995728,-0.16623857617378235,-0.1591642200946808,0.4761282801628113,0.0,0.9567286968231201,3.4800000190734863,0.0,0.8512864112854004,0.9567286968231201,527.0,-1.0,-1.0,PASS,2.0,0.0
527,24.120569229125977,-0.1662958562374115,0.007486735470592976,0.0,3.4800000190734863,0.9597592949867249,0.999999463558197,0.9662860631942749,0.9864914417266846,1.0,1.0,1.0,0.7350639700889587,-0.1662958562374115,-0.15992237627506256,0.42895835638046265,0.0,0.9597592949867249,3.4800000190734863,0.0,0.8512864112854004,0.9597592949867249,528.0,-1.0,-1.0,PASS,2.0,0.0
528,26.419878005981445,-0.16441604495048523,0.006191312335431576,0.0,3.4800000190734863,0.94749915599823,0.999999463558197,0.9700366258621216,0.9535332918167114,1.0,1.0,1.0,0.7660809755325317,-0.16441604495048523,-0.15914539992809296,0.3547360599040985,0.0,0.94749915599823,3.4800000190734863,0.0,0.8512864112854004,0.94749915599823,529.0,-1.0,-1.0,PASS,2.0,0.0
529,24.343013763427734,-0.16528259217739105,0.005914028733968735,0.0,3.4800000190734863,0.9673676490783691,0.999999463558197,0.9724043607711792,0.9896411895751953,1.0,1.0,1.0,0.7478479743003845,-0.16528259217739105,-0.16024799644947052,0.33884888887405396,0.0,0.9673676490783691,3.4800000190734863,0.0,0.8512864112854004,0.9673676490783691,530.0,-1.0,-1.0,PASS,2.0,0.0
530,25.941133499145508,-0.16567061841487885,0.005635507870465517,0.0,3.4800000190734863,0.9662107825279236,0.999999463558197,0.9719623327255249,0.9881656169891357,1.0,1.0,1.0,0.7261469960212708,-0.16567061841487885,-0.16087312996387482,0.3228908181190491,0.0,0.9662107825279236,3.4800000190734863,0.0,0.8512864112854004,0.9662107825279236,531.0,-1.0,-1.0,PASS,2.0,0.0
531,24.463653564453125,-0.16788943111896515,0.005969589576125145,0.0,3.4800000190734863,0.9537858963012695,0.999999463558197,0.9653541445732117,0.9760335683822632,1.0,1.0,1.0,0.7433890104293823,-0.16788943111896515,-0.16280753910541534,0.3420322835445404,0.0,0.9537858963012695,3.4800000190734863,0.0,0.8512864112854004,0.9537858963012695,532.0,-1.0,-1.0,PASS,2.0,0.0
532,24.006128311157227,-0.16726326942443848,0.005502007436007261,0.0,3.4800000190734863,0.9519118666648865,0.999999463558197,0.9619813561439514,0.9790655970573425,1.0,1.0,1.0,0.7458739876747131,-0.16726326942443848,-0.16257943212985992,0.31524181365966797,0.0,0.9519118666648865,3.4800000190734863,0.0,0.8512864112854004,0.9519118666648865,533.0,-1.0,-1.0,PASS,2.0,0.0
533,27.02784538269043,-0.1676652878522873,0.0052870591171085835,0.0,3.4800000190734863,0.9557359218597412,0.999999463558197,0.9670410752296448,0.9766196012496948,1.0,1.0,1.0,0.7372480034828186,-0.1676652878522873,-0.16316445171833038,0.3029261827468872,0.0,0.9557359218597412,3.4800000190734863,0.0,0.8512864112854004,0.9557359218597412,534.0,-1.0,-1.0,PASS,2.0,0.0
534,29.56843376159668,-0.15261299908161163,0.00289175845682621,0.0,3.4800000190734863,0.9552797079086304,0.999999463558197,0.9645811319351196,0.9807144999504089,1.0,1.0,1.0,0.7349939942359924,-0.15261299908161163,-0.15015128254890442,0.16568554937839508,0.0,0.9552797079086304,3.4800000190734863,0.0,0.8512864112854004,0.9552797079086304,535.0,-1.0,-1.0,PASS,2.0,0.0
535,32.18722343444824,-0.1529291272163391,0.0012220419012010098,0.0,3.4800000190734863,0.9570493102073669,0.999999463558197,0.9693734049797058,0.9745736122131348,1.0,1.0,1.0,0.7412750124931335,-0.1529291272163391,-0.15188881754875183,0.07001784443855286,0.0,0.9570493102073669,3.4800000190734863,0.0,0.8512864112854004,0.9570493102073669,536.0,-1.0,-1.0,PASS,2.0,0.0
536,34.88945960998535,-0.15413905680179596,0.001918397843837738,0.0,3.4800000190734863,0.958602249622345,0.999999463558197,0.9733140468597412,0.9697701930999756,1.0,1.0,1.0,0.7506129741668701,-0.15413905680179596,-0.15250594913959503,0.10991609841585159,0.0,0.958602249622345,3.4800000190734863,0.0,0.8512864112854004,0.958602249622345,537.0,-1.0,-1.0,PASS,2.0,0.0
537,39.63613510131836,-0.15594564378261566,0.0020204370375722647,0.0,3.4800000190734863,0.961101770401001,0.999999463558197,0.9794424772262573,0.9625491499900818,1.0,1.0,1.0,0.7452329993247986,-0.15594564378261566,-0.1542256772518158,0.11576251685619354,0.0,0.961101770401001,3.4800000190734863,0.0,0.8512864112854004,0.961101770401001,538.0,-1.0,-1.0,PASS,2.0,0.0
538,41.49150848388672,-0.15788671374320984,0.0015680489595979452,0.0,3.4800000190734863,0.9738304615020752,0.999999463558197,0.9812645316123962,0.9848484992980957,1.0,1.0,1.0,0.7680850028991699,-0.15788671374320984,-0.15655185282230377,0.08984258770942688,0.0,0.9738304615020752,3.4800000190734863,0.0,0.8512864112854004,0.9738304615020752,539.0,-1.0,-1.0,PASS,2.0,0.0
539,44.43955421447754,-0.1607276052236557,0.0006442153244279325,0.0,3.4800000190734863,0.9673582315444946,0.999999463558197,0.9795765280723572,0.9750545024871826,1.0,1.0,1.0,0.7375990152359009,-0.1607276052236557,-0.16017919778823853,0.03691082075238228,0.0,0.9673582315444946,3.4800000190734863,0.0,0.8512864112854004,0.9673582315444946,540.0,-1.0,-1.0,PASS,2.0,0.0
540,45.92084884643555,-0.16158053278923035,0.0004033736768178642,0.0,3.4800000190734863,0.9667922854423523,0.999999463558197,0.9807646870613098,0.9715076684951782,1.0,1.0,0.0,1.7324539422988892,-0.16158053278923035,-0.16123715043067932,0.023111609742045403,0.0,0.9667922854423523,3.4800000190734863,0.0,0.8512864112854004,0.9667922854423523,541.0,-1.0,-1.0,PASS,2.0,0.0
541,24.579763412475586,-0.16499723494052887,-0.0012778774835169315,0.0,3.4800000190734863,0.978413999080658,0.999999463558197,0.98583984375,0.984935462474823,1.0,1.0,1.0,0.7433390021324158,-0.16499723494052887,-0.16608507931232452,-0.0732169896364212,0.0,0.978413999080658,3.4800000190734863,0.0,0.8512864112854004,0.978413999080658,542.0,-1.0,-1.0,PASS,2.0,0.0
542,24.054288864135742,-0.16972099244594574,-0.008086441084742546,0.0,3.4800000190734863,0.9547989368438721,0.999999463558197,0.9705994725227356,0.9674421548843384,1.0,1.0,1.0,0.7292929887771606,-0.16972099244594574,-0.1766050159931183,-0.46331894397735596,0.0,0.9547989368438721,3.4800000190734863,0.0,0.8512864112854004,0.9547989368438721,543.0,-1.0,-1.0,PASS,2.0,0.0
543,26.148319244384766,-0.1712726354598999,-0.00900344830006361,0.0,3.4800000190734863,0.9477897882461548,0.999999463558197,0.9681258201599121,0.9579893350601196,1.0,1.0,1.0,0.7620729804039001,-0.1712726354598999,-0.17893736064434052,-0.5158596038818359,0.0,0.9477897882461548,3.4800000190734863,0.0,0.8512864112854004,0.9477897882461548,544.0,-1.0,-1.0,PASS,2.0,0.0
544,25.14171600341797,-0.17075736820697784,-0.00816265121102333,0.0,3.4800000190734863,0.9505002498626709,0.999999463558197,0.9689062833786011,0.9620071649551392,1.0,1.0,1.0,0.7316979765892029,-0.17075736820697784,-0.1777062714099884,-0.4676854610443115,0.0,0.9505002498626709,3.4800000190734863,0.0,0.8512864112854004,0.9505002498626709,545.0,5.5504045486450195,-1.0,PASS,2.0,0.0
545,24.4598388671875,-0.17243118584156036,-0.009074407629668713,0.0,3.4800000190734863,0.9440810680389404,0.999999463558197,0.9671972393989563,0.952200174331665,1.0,1.0,1.0,0.7207469940185547,-0.17243118584156036,-0.18015632033348083,-0.5199252367019653,0.0,0.9440810680389404,3.4800000190734863,0.0,0.8512864112854004,0.9440810680389404,546.0,5.549504280090332,-1.0,PASS,2.0,0.0
546,24.613380432128906,-0.17295774817466736,-0.01001307275146246,0.0,3.4800000190734863,0.9514560103416443,0.999999463558197,0.953792929649353,0.9951003193855286,1.0,1.0,1.0,0.7493900060653687,-0.17295774817466736,-0.18148203194141388,-0.5737068057060242,0.0,0.9514560103416443,3.4800000190734863,0.0,0.8512864112854004,0.9514560103416443,547.0,5.547253608703613,-1.0,PASS,2.0,0.0
547,24.511337280273438,-0.17240262031555176,-0.008677629753947258,0.0,3.4800000190734863,0.926262378692627,0.999999463558197,0.9524604678153992,0.9449890851974487,1.0,1.0,1.0,0.7380790114402771,-0.17240262031555176,-0.1797899603843689,-0.49719154834747314,0.0,0.926262378692627,3.4800000190734863,0.0,0.8512864112854004,0.926262378692627,548.0,5.547253608703613,-1.0,PASS,2.0,0.0
548,26.467323303222656,-0.1743296980857849,-0.009980170987546444,0.0,3.4800000190734863,0.9461175203323364,0.999999463558197,0.953024685382843,0.9855052828788757,1.0,1.0,1.0,0.791858971118927,-0.1743296980857849,-0.182825967669487,-0.5718216896057129,0.0,0.9461175203323364,3.4800000190734863,0.0,0.8512864112854004,0.9461175203323364,549.0,5.547253608703613,-1.0,PASS,2.0,0.0
549,24.94072914123535,-0.17473602294921875,-0.010327622294425964,0.0,3.4800000190734863,0.9406701326370239,0.999999463558197,0.9486650824546814,0.9831452965736389,1.0,1.0,1.0,0.7263870239257812,-0.17473602294921875,-0.1835280954837799,-0.5917291641235352,0.0,0.9406701326370239,3.4800000190734863,0.0,0.8512864112854004,0.9406701326370239,550.0,5.547253608703613,-1.0,PASS,2.0,0.0
550,24.988651275634766,-0.17557883262634277,-0.00986004713922739,0.0,3.4800000190734863,0.9252134561538696,0.999999463558197,0.9360513091087341,0.976844072341919,1.0,1.0,1.0,0.7203559875488281,-0.17557883262634277,-0.18397283554077148,-0.5649390816688538,0.0,0.9252134561538696,3.4800000190734863,0.0,0.8512864112854004,0.9252134561538696,551.0,5.548153877258301,-1.0,PASS,2.0,0.0
551,25.057077407836914,-0.17737101018428802,-0.009861883707344532,0.0,3.4800000190734863,0.9218663573265076,0.999999463558197,0.9408392310142517,0.9596686959266663,1.0,1.0,1.0,0.7368869781494141,-0.17737101018428802,-0.1857665628194809,-0.5650443434715271,0.0,0.9218663573265076,3.4800000190734863,0.0,0.8512864112854004,0.9218663573265076,552.0,5.8513407707214355,-1.0,PASS,2.0,0.0
552,25.481224060058594,-0.17733456194400787,-0.009620027616620064,0.0,3.4800000190734863,0.9260115623474121,0.999999463558197,0.9447757601737976,0.9602785706520081,1.0,1.0,1.0,0.7653899788856506,-0.17733456194400787,-0.18552421033382416,-0.5511869788169861,0.0,0.9260115623474121,3.4800000190734863,0.0,0.8512864112854004,0.9260115623474121,553.0,5.850869655609131,-1.0,PASS,2.0,0.0
553,27.76193618774414,-0.17812924087047577,-0.010208696126937866,0.0,3.4800000190734863,0.9149014949798584,0.999999463558197,0.9371345043182373,0.9525516033172607,1.0,1.0,1.0,0.7863889932632446,-0.17812924087047577,-0.18682006001472473,-0.5849152207374573,0.0,0.9149014949798584,3.4800000190734863,0.0,0.8512864112854004,0.9149014949798584,554.0,5.697972774505615,-1.0,PASS,2.0,0.0
554,24.501562118530273,-0.1782228946685791,-0.009916437789797783,0.0,3.4800000190734863,0.8927106857299805,0.999999463558197,0.9180188179016113,0.94486403465271,1.0,1.0,1.0,0.7489299774169922,-0.1782228946685791,-0.1866648942232132,-0.5681700110435486,0.0,0.8927106857299805,3.4800000190734863,0.0,0.8512864112854004,0.8927106857299805,555.0,5.017354488372803,-1.0,PASS,2.0,0.0
555,25.414466857910156,-0.17947669327259064,-0.010991060175001621,0.0,3.4800000190734863,0.8957651853561401,0.999999463558197,0.9266102313995361,0.9334243535995483,1.0,1.0,0.0,1.7176669836044312,-0.17947669327259064,-0.18883360922336578,-0.629741370677948,0.0,0.8957651853561401,3.4800000190734863,0.0,0.8512864112854004,0.8957651853561401,556.0,5.01611328125,-1.0,PASS,2.0,0.0
556,24.115324020385742,-0.18234950304031372,-0.01199039351195097,0.0,3.4800000190734863,0.9411971569061279,0.999999463558197,0.948328971862793,0.9849597215652466,1.0,1.0,1.0,0.7348229885101318,-0.18234950304031372,-0.19255724549293518,-0.6869989633560181,0.0,0.9411971569061279,3.4800000190734863,0.0,0.8512864112854004,0.9411971569061279,557.0,5.01611328125,-1.0,PASS,2.0,0.0
557,24.320363998413086,-0.1839880794286728,-0.011997861787676811,0.0,3.4800000190734863,0.9419927597045898,0.999999463558197,0.9564021825790405,0.969868004322052,1.0,1.0,1.0,0.7589979767799377,-0.1839880794286728,-0.19420218467712402,-0.6874268651008606,0.0,0.9419927597045898,3.4800000190734863,0.0,0.8512864112854004,0.9419927597045898,558.0,5.01569938659668,-1.0,PASS,2.0,0.0
558,26.741504669189453,-0.18342743813991547,-0.012457022443413734,0.0,3.4800000190734863,0.9296491146087646,0.999999463558197,0.9430602788925171,0.971558690071106,1.0,1.0,1.0,0.7577160000801086,-0.18342743813991547,-0.1940324753522873,-0.7137348055839539,0.0,0.9296491146087646,3.4800000190734863,0.0,0.8512864112854004,0.9296491146087646,559.0,5.270781993865967,-1.0,PASS,2.0,0.0
559,24.947404861450195,-0.18042391538619995,-0.013084108941257,0.0,3.4800000190734863,0.8933511972427368,0.999999463558197,0.9286055564880371,0.9240707755088806,1.0,1.0,1.0,0.7166590094566345,-0.18042391538619995,-0.19156287610530853,-0.7496642470359802,0.0,0.8933511972427368,3.4800000190734863,0.0,0.8512864112854004,0.8933511972427368,560.0,5.270350933074951,-1.0,PASS,2.0,0.0
560,27.615070343017578,-0.1607915759086609,-0.014015628024935722,0.0,3.4800000190734863,0.9326501488685608,0.999999463558197,0.9408625364303589,0.9825433492660522,1.0,1.0,1.0,0.719635009765625,-0.1607915759086609,-0.1727236658334732,-0.8030363321304321,0.0,0.9326501488685608,3.4800000190734863,0.0,0.8512864112854004,0.9326501488685608,561.0,5.270350933074951,-1.0,PASS,2.0,0.0
561,29.929637908935547,-0.16180309653282166,-0.013739020563662052,0.0,3.4800000190734863,0.9370936751365662,0.999999463558197,0.949279248714447,0.9743272662162781,1.0,1.0,1.0,0.7642179727554321,-0.16180309653282166,-0.1734996736049652,-0.7871878743171692,0.0,0.9370936751365662,3.4800000190734863,0.0,0.8512864112854004,0.9370936751365662,562.0,5.142314910888672,-1.0,PASS,2.0,0.0
562,31.198978424072266,-0.18319769203662872,-0.012024441733956337,0.0,3.4800000190734863,0.9386752247810364,0.999999463558197,0.9494455456733704,0.9773128628730774,1.0,1.0,1.0,0.732017993927002,-0.18319769203662872,-0.1934344321489334,-0.6889497637748718,0.0,0.9386752247810364,3.4800000190734863,0.0,0.8512864112854004,0.9386752247810364,563.0,5.140625953674316,-1.0,PASS,2.0,0.0
563,35.21442413330078,-0.1825677454471588,-0.01242576353251934,0.0,3.4800000190734863,0.9385434985160828,0.999999463558197,0.94610995054245,0.9840056896209717,1.0,1.0,1.0,0.7407839894294739,-0.1825677454471588,-0.19314616918563843,-0.7119438052177429,0.0,0.9385434985160828,3.4800000190734863,0.0,0.8512864112854004,0.9385434985160828,564.0,4.56321907043457,-1.0,PASS,2.0,0.0
564,36.53311729431152,-0.18152496218681335,-0.011677266098558903,0.0,3.4800000190734863,0.9416345953941345,0.999999463558197,0.9432820677757263,0.9965074062347412,1.0,1.0,1.0,0.7186629772186279,-0.18152496218681335,-0.19146610796451569,-0.669058084487915,0.0,0.9416345953941345,3.4800000190734863,0.0,0.8512864112854004,0.9416345953941345,565.0,4.562453269958496,-1.0,PASS,2.0,0.0
565,38.936614990234375,-0.18307393789291382,-0.011060154996812344,0.0,3.4800000190734863,0.9382506608963013,0.999999463558197,0.9478020071983337,0.9798457622528076,1.0,1.0,1.0,0.7224410176277161,-0.18307393789291382,-0.19248968362808228,-0.6337001919746399,0.0,0.9382506608963013,3.4800000190734863,0.0,0.8512864112854004,0.9382506608963013,566.0,4.562070846557617,-1.0,PASS,2.0,0.0
566,43.85042190551758,-0.1828603446483612,-0.011713036336004734,0.0,3.4800000190734863,0.9367050528526306,0.999999463558197,0.9446284174919128,0.9832249283790588,1.0,1.0,1.0,0.7441200017929077,-0.1828603446483612,-0.19283194839954376,-0.6711075305938721,0.0,0.9367050528526306,3.4800000190734863,0.0,0.8512864112854004,0.9367050528526306,567.0,4.56168794631958,-1.0,PASS,2.0,0.0
567,44.7237491607666,-0.18136271834373474,-0.010271669365465641,0.0,3.4800000190734863,0.9395305514335632,0.999999463558197,0.9398616552352905,0.9992960095405579,1.0,1.0,1.0,0.7245439887046814,-0.18136271834373474,-0.19010715186595917,-0.5885233283042908,0.0,0.9395305514335632,3.4800000190734863,0.0,0.8512864112854004,0.9395305514335632,568.0,4.56015682220459,-1.0,PASS,2.0,0.0
568,48.82669448852539,-0.18021254241466522,-0.010231291875243187,0.0,3.4800000190734863,0.9192988276481628,0.999999463558197,0.9469544887542725,0.9415908455848694,1.0,1.0,1.0,0.7427880167961121,-0.18021254241466522,-0.18892259895801544,-0.5862098336219788,0.0,0.9192988276481628,3.4800000190734863,0.0,0.8512864112854004,0.9192988276481628,569.0,4.779527187347412,-1.0,PASS,2.0,0.0
569,48.09260368347168,-0.18025346100330353,-0.010286208242177963,0.0,3.4800000190734863,0.9118640422821045,0.999999463558197,0.9407551288604736,0.9385794401168823,1.0,1.0,1.0,0.7348639965057373,-0.18025346100330353,-0.18901027739048004,-0.5893563032150269,0.0,0.9118640422821045,3.4800000190734863,0.0,0.8512864112854004,0.9118640422821045,570.0,4.669713973999023,-1.0,PASS,2.0,0.0
570,26.004314422607422,-0.18188953399658203,-0.00922152679413557,0.0,3.4800000190734863,0.9387698769569397,0.999999463558197,0.9401857852935791,0.9969885945320129,1.0,1.0,0.0,1.764022946357727,-0.18188953399658203,-0.1897399127483368,-0.5283545851707458,0.0,0.9387698769569397,3.4800000190734863,0.0,0.8512864112854004,0.9387698769569397,571.0,4.5639848709106445,-1.0,PASS,2.0,0.0
571,24.915456771850586,-0.18087317049503326,-0.009009093046188354,0.0,3.4800000190734863,0.9230561256408691,0.999999463558197,0.9285612106323242,0.9881433248519897,1.0,1.0,1.0,0.7497000098228455,-0.18087317049503326,-0.1885426938533783,-0.5161830186843872,0.0,0.9230561256408691,3.4800000190734863,0.0,0.8512864112854004,0.9230561256408691,572.0,4.172321319580078,-1.0,PASS,2.0,0.0
572,36.80062294006348,-0.18284623324871063,-0.0092884860932827,0.0,3.4800000190734863,0.9199196696281433,0.999999463558197,0.9260417819023132,0.9867784380912781,1.0,1.0,1.0,0.7396320104598999,-0.18284623324871063,-0.19075362384319305,-0.5321910381317139,0.0,0.9199196696281433,3.4800000190734863,0.0,0.8512864112854004,0.9199196696281433,573.0,4.171608924865723,-1.0,PASS,2.0,0.0
573,26.453018188476562,-0.1832113265991211,-0.009816102683544159,0.0,3.4800000190734863,0.910947322845459,0.999999463558197,0.9195700287818909,0.981246829032898,1.0,1.0,1.0,0.7370079755783081,-0.1832113265991211,-0.19156791269779205,-0.5624212622642517,0.0,0.910947322845459,3.4800000190734863,0.0,0.8512864112854004,0.910947322845459,574.0,-1.0,-1.0,PASS,2.0,0.0
574,24.719715118408203,-0.18447287380695343,-0.00981245655566454,0.0,3.4800000190734863,0.907724916934967,0.999999463558197,0.9232543110847473,0.9663599133491516,1.0,1.0,1.0,0.7578060030937195,-0.18447287380695343,-0.19282634556293488,-0.562212347984314,0.0,0.907724916934967,3.4800000190734863,0.0,0.8512864112854004,0.907724916934967,575.0,4.359470367431641,-1.0,PASS,2.0,0.0
575,25.810956954956055,-0.18445299565792084,-0.0103643499314785,0.0,3.4800000190734863,0.9029048681259155,0.999999463558197,0.9189077615737915,0.9651702642440796,1.0,1.0,1.0,0.8379650115966797,-0.18445299565792084,-0.19327634572982788,-0.5938335061073303,0.0,0.9029048681259155,3.4800000190734863,0.0,0.8512864112854004,0.9029048681259155,576.0,4.264429092407227,-1.0,PASS,2.0,0.0
576,26.952743530273438,-0.18399563431739807,-0.01025761291384697,0.0,3.4800000190734863,0.8951006531715393,0.999999463558197,0.9073191285133362,0.9730674028396606,1.0,1.0,1.0,0.7389410138130188,-0.18399563431739807,-0.19272810220718384,-0.5877179503440857,0.0,0.8951006531715393,3.4800000190734863,0.0,0.8512864112854004,0.8951006531715393,577.0,3.833043336868286,-1.0,PASS,2.0,0.0
577,26.36408805847168,-0.18324008584022522,-0.010068032890558243,0.0,3.4800000190734863,0.8602249622344971,0.9999994039535522,0.8633232116699219,0.9928231239318848,1.0,1.0,1.0,0.790024995803833,-0.18324008584022522,-0.19181115925312042,-0.5768557786941528,0.0,0.8602249622344971,3.4800000190734863,0.0,0.8512864112854004,0.8602249622344971,578.0,3.8300464153289795,-1.0,PASS,2.0,0.0
578,26.113510131835938,-0.18369163572788239,-0.010013265535235405,0.0,3.4800000190734863,0.8698731660842896,0.9999994039535522,0.8707265257835388,0.9980404376983643,1.0,1.0,1.0,0.7238730192184448,-0.18369163572788239,-0.19221608340740204,-0.5737178325653076,0.0,0.8698731660842896,3.4800000190734863,0.0,0.8512864112854004,0.8698731660842896,579.0,3.8300464153289795,-1.0,PASS,2.0,0.0
579,25.397777557373047,-0.18347319960594177,-0.008896457962691784,0.0,3.4800000190734863,0.8667370676994324,0.9999994039535522,0.8733555674552917,0.9848439693450928,1.0,1.0,1.0,0.7614030241966248,-0.18347319960594177,-0.1910468339920044,-0.5097295045852661,0.0,0.8667370676994324,3.4800000190734863,0.0,0.8512864112854004,0.8667370676994324,580.0,3.8300464153289795,-1.0,PASS,2.0,0.0
580,25.59208869934082,-0.18471969664096832,-0.007799843326210976,0.0,3.4800000190734863,0.8464831113815308,0.9999994039535522,0.8666560053825378,0.953447163105011,1.0,1.0,1.0,0.7424970269203186,-0.18471969664096832,-0.1913597285747528,-0.44689810276031494,0.0,0.8464831113815308,3.4800000190734863,0.0,0.8512864112854004,0.8464831113815308,581.0,3.9138453006744385,6.1949076652526855,PASS,2.0,0.0
581,28.384923934936523,-0.18357396125793457,-0.00809357687830925,0.0,3.4800000190734863,0.8438881635665894,0.9999994039535522,0.8560112714767456,0.9716759920120239,1.0,1.0,1.0,0.8155030012130737,-0.18357396125793457,-0.1904640644788742,-0.46372780203819275,0.0,0.8438881635665894,3.4800000190734863,0.0,0.8512864112854004,0.8438881635665894,582.0,3.5331528186798096,6.186024188995361,PASS,2.0,0.0
582,26.867151260375977,-0.18416506052017212,-0.006801113951951265,0.0,3.4800000190734863,0.8012303113937378,0.9999994039535522,0.8312950134277344,0.9276683926582336,1.0,1.0,1.0,0.8670589923858643,-0.18416506052017212,-0.18995484709739685,-0.389675110578537,0.0,0.8012303113937378,3.4800000190734863,0.0,0.8512864112854004,0.8012303113937378,583.0,3.5315895080566406,6.019107341766357,PASS,2.0,0.0
583,26.26323699951172,-0.1832934468984604,-0.007756719831377268,0.0,3.4800000190734863,0.8295106291770935,0.9999994039535522,0.8473389148712158,0.9579199552536011,1.0,1.0,1.0,0.7434989809989929,-0.1832934468984604,-0.18989676237106323,-0.4444273114204407,0.0,0.8295106291770935,3.4800000190734863,0.0,0.8512864112854004,0.8295106291770935,584.0,3.677750825881958,6.013806343078613,PASS,2.0,0.0
584,26.50165557861328,-0.18405300378799438,-0.007210962940007448,0.0,3.4800000190734863,0.814238429069519,0.9999994039535522,0.8375218510627747,0.9443997740745544,1.0,1.0,1.0,0.7253760099411011,-0.18405300378799438,-0.19019170105457306,-0.41315773129463196,0.0,0.814238429069519,3.4800000190734863,0.0,0.8512864112854004,0.814238429069519,585.0,3.6771059036254883,6.013806343078613,PASS,2.0,0.0
585,27.829647064208984,-0.18482540547847748,-0.00841860193759203,0.0,3.4800000190734863,0.8140650987625122,0.9999994039535522,0.8403852581977844,0.9373622536659241,1.0,1.0,0.0,1.7385849952697754,-0.18482540547847748,-0.19199222326278687,-0.48235034942626953,0.0,0.8140650987625122,3.4800000190734863,0.0,0.8512864112854004,0.8140650987625122,586.0,3.5397181510925293,5.856990814208984,PASS,2.0,0.0
586,26.343822479248047,-0.1854182332754135,-0.008474022150039673,0.0,3.4800000190734863,0.8087090253829956,0.9999994039535522,0.8424034118652344,0.9200047850608826,1.0,1.0,1.0,0.7353140115737915,-0.1854182332754135,-0.19263222813606262,-0.4855256974697113,0.0,0.8087090253829956,3.4800000190734863,0.0,0.8512864112854004,0.8087090253829956,587.0,3.267350912094116,5.85322380065918,PASS,2.0,0.0
587,26.02863311767578,-0.18519707024097443,-0.00640492420643568,0.0,3.4800000190734863,0.7665324807167053,0.9999994039535522,0.8135579228401184,0.8843963146209717,1.0,1.0,1.0,0.8592140078544617,-0.18519707024097443,-0.19064956903457642,-0.3669751286506653,0.0,0.7665324807167053,3.4800000190734863,0.0,0.8512864112854004,0.7665324807167053,588.0,3.2676453590393066,5.73295259475708,PASS,2.0,0.0
588,25.983810424804688,-0.18519087135791779,-0.0051848446018993855,0.0,3.4800000190734863,0.803211510181427,0.9999994039535522,0.8412150740623474,0.9096466302871704,1.0,1.0,1.0,0.7494000196456909,-0.18519087135791779,-0.18960469961166382,-0.2970696985721588,0.0,0.803211510181427,3.4800000190734863,0.0,0.8512864112854004,0.803211510181427,589.0,3.2676453590393066,5.703495502471924,PASS,2.0,0.0
589,26.97014808654785,-0.18559333682060242,-0.005270461551845074,0.0,3.4800000190734863,0.8065430521965027,0.9999994039535522,0.8494086861610413,0.899070143699646,1.0,1.0,1.0,0.8500369787216187,-0.18559333682060242,-0.19008004665374756,-0.30197519063949585,0.0,0.8065430521965027,3.4800000190734863,0.0,0.8512864112854004,0.8065430521965027,590.0,3.33561110496521,5.703035354614258,PASS,2.0,0.0
590,28.416872024536133,-0.18738429248332977,-0.0044877296313643456,0.0,3.4800000190734863,0.7647318840026855,0.9999994039535522,0.8255577683448792,0.8526434898376465,1.0,1.0,1.0,0.7264170050621033,-0.18738429248332977,-0.19120466709136963,-0.257127970457077,0.0,0.7647318840026855,3.4800000190734863,0.0,0.8512864112854004,0.7647318840026855,591.0,3.032879114151001,5.584615707397461,PASS,2.0,0.0
591,24.803876876831055,-0.1924382895231247,-0.0052057052962481976,0.0,3.4800000190734863,0.8239027261734009,0.9999994039535522,0.851474940776825,0.9352372884750366,1.0,1.0,1.0,0.7249450087547302,-0.1924382895231247,-0.1968698799610138,-0.2982649505138397,0.0,0.8239027261734009,3.4800000190734863,0.0,0.8512864112854004,0.8239027261734009,592.0,3.032043218612671,5.5832648277282715,PASS,2.0,0.0
592,25.251388549804688,-0.19261232018470764,-0.0053014918230473995,0.0,3.4800000190734863,0.8326893448829651,0.9999994039535522,0.8647208213806152,0.9259154200553894,1.0,1.0,1.0,0.7178419828414917,-0.19261232018470764,-0.19712544977664948,-0.3037531077861786,0.0,0.8326893448829651,3.4800000190734863,0.0,0.8512864112854004,0.8326893448829651,593.0,3.146561861038208,5.5706610679626465,PASS,2.0,0.0
593,26.973962783813477,-0.19373860955238342,-0.00752142071723938,0.0,3.4800000190734863,0.8511505126953125,0.9999994039535522,0.8814350366592407,0.9312841892242432,1.0,1.0,1.0,0.730646014213562,-0.19373860955238342,-0.20014160871505737,-0.43094566464424133,0.0,0.8511505126953125,3.4800000190734863,0.0,0.8512864112854004,0.8511505126953125,594.0,3.0893633365631104,5.047971725463867,PASS,2.0,0.0
594,29.952526092529297,-0.19589363038539886,-0.006147673819214106,0.0,3.4800000190734863,0.8362799882888794,0.9999994039535522,0.8649296760559082,0.9337530732154846,1.0,1.0,1.0,0.7341330051422119,-0.19589363038539886,-0.20112712681293488,-0.3522357642650604,0.0,0.8362799882888794,3.4800000190734863,0.0,0.8512864112854004,0.8362799882888794,595.0,2.821995496749878,5.019009113311768,PASS,2.0,0.0
595,32.50741958618164,-0.21280060708522797,-0.004341838415712118,0.0,3.4800000190734863,0.8287375569343567,0.9999994039535522,0.8551660776138306,0.9381914734840393,1.0,1.0,1.0,0.7440500259399414,-0.21280060708522797,-0.2164967805147171,-0.24876901507377625,0.0,0.8287375569343567,3.4800000190734863,0.0,0.8512864112854004,0.8287375569343567,596.0,2.820146083831787,5.014872074127197,PASS,2.0,0.0
596,34.25478935241699,-0.21431680023670197,-0.00218063872307539,0.0,3.4800000190734863,0.8460751175880432,0.9999994039535522,0.8650253415107727,0.9561863541603088,1.0,1.0,1.0,0.7162590026855469,-0.21431680023670197,-0.21617315709590912,-0.1249413937330246,0.0,0.8460751175880432,3.4800000190734863,0.0,0.8512864112854004,0.8460751175880432,597.0,2.877340793609619,5.269057273864746,PASS,2.0,0.0
597,35.77136993408203,-0.2011406421661377,-0.005505666136741638,0.0,3.4800000190734863,0.8163096308708191,0.9999994039535522,0.8530226349830627,0.9139230847358704,1.0,1.0,1.0,0.7623350024223328,-0.2011406421661377,-0.20582759380340576,-0.315451443195343,0.0,0.8163096308708191,3.4800000190734863,0.0,0.8512864112854004,0.8163096308708191,598.0,2.631490707397461,5.145270824432373,PASS,2.0,0.0
598,38.12694549560547,-0.21552515029907227,-0.003920447081327438,0.0,3.4800000190734863,0.8245132565498352,0.9999994039535522,0.8513442277908325,0.9369686245918274,1.0,1.0,1.0,0.7266680002212524,-0.21552515029907227,-0.2188625931739807,-0.22462506592273712,0.0,0.8245132565498352,3.4800000190734863,0.0,0.8512864112854004,0.8245132565498352,599.0,2.6292295455932617,5.140625953674316,PASS,2.0,0.0
599,40.17472267150879,-0.21608538925647736,-0.0033597927540540695,0.0,3.4800000190734863,0.8230229616165161,0.9999994039535522,0.852765679359436,0.9302446246147156,1.0,1.0,1.0,0.7367069721221924,-0.21608538925647736,-0.21894554793834686,-0.1925019472837448,0.0,0.8230229616165161,3.4800000190734863,0.0,0.8512864112854004,0.8230229616165161,600.0,2.7219083309173584,5.020664215087891,PASS,2.0,0.0
600,42.61016845703125,-0.21741797029972076,-0.001154122524894774,0.0,3.4800000190734863,0.8115206360816956,0.9999994039535522,0.8457759022712708,0.9189974665641785,1.0,1.0,0.0,1.7085299491882324,-0.21741797029972076,-0.21840046346187592,-0.06612634658813477,0.0,0.8115206360816956,3.4800000190734863,0.0,0.8512864112854004,0.8115206360816956,601.0,2.4575557708740234,4.567430019378662,PASS,2.0,0.0
601,42.778968811035156,-0.21698319911956787,-0.00015485842595808208,0.0,3.4800000190734863,0.8206050992012024,0.9999994039535522,0.8554449081420898,0.9185463786125183,1.0,1.0,1.0,0.7148759961128235,-0.21698319911956787,-0.21711502969264984,-0.008872734382748604,0.0,0.8206050992012024,3.4800000190734863,0.0,0.8512864112854004,0.8206050992012024,602.0,2.4556398391723633,4.56168794631958,PASS,2.0,0.0
602,46.87190055847168,-0.2206098437309265,-0.0022829112131148577,0.0,3.4800000190734863,0.6385911107063293,0.9999993443489075,0.7517277598381042,0.6989963054656982,1.0,1.0,1.0,0.7050979733467102,-0.2206098437309265,-0.22255325317382812,-0.13080117106437683,0.0,0.6385911107063293,3.4800000190734863,0.0,0.8512864112854004,0.6385911107063293,603.0,2.5007123947143555,4.56168794631958,PASS,2.0,0.0
603,25.432109832763672,-0.22256363928318024,-2.974518429255113e-05,0.0,3.4800000190734863,0.626398503780365,0.9999993443489075,0.7405024766921997,0.6918206214904785,1.0,1.0,1.0,0.7359359860420227,-0.22256363928318024,-0.22258895635604858,-0.0017042735125869513,0.0,0.626398503780365,3.4800000190734863,0.0,0.8512864112854004,0.626398503780365,604.0,2.2991204261779785,4.778731822967529,PASS,2.0,0.0
604,25.023937225341797,-0.2202366292476654,0.004322310443967581,0.0,3.4800000190734863,0.8723446726799011,0.9999994039535522,0.8731096386909485,0.9982483386993408,1.0,1.0,1.0,0.7248340249061584,-0.2202366292476654,-0.2165570855140686,0.247650146484375,0.0,0.8723446726799011,3.4800000190734863,0.0,0.8512864112854004,0.8723446726799011,605.0,2.297976493835449,4.778731822967529,PASS,2.0,0.0
605,26.727676391601562,-0.22959935665130615,0.008838641457259655,0.0,3.4800000190734863,0.8326283097267151,0.9999994039535522,0.8531274199485779,0.9519442319869995,1.0,1.0,1.0,0.7507830262184143,-0.22959935665130615,-0.2220749408006668,0.5064168572425842,0.0,0.8326283097267151,3.4800000190734863,0.0,0.8512864112854004,0.8326283097267151,606.0,2.1603329181671143,4.668933868408203,PASS,2.0,0.0
606,25.644302368164062,-0.2132846862077713,0.004282386042177677,0.0,3.4800000190734863,0.870219886302948,0.9999994039535522,0.8886696100234985,0.9584784507751465,1.0,1.0,1.0,0.7425569891929626,-0.2132846862077713,-0.20963913202285767,0.24536263942718506,0.0,0.870219886302948,3.4800000190734863,0.0,0.8512864112854004,0.870219886302948,607.0,2.153981924057007,4.666593551635742,PASS,2.0,0.0
607,25.267601013183594,-0.2317107617855072,0.008881594054400921,0.0,3.4800000190734863,0.9033783674240112,0.999999463558197,0.9155600070953369,0.9733902215957642,1.0,1.0,1.0,0.7212079763412476,-0.2317107617855072,-0.22414977848529816,0.5088778734207153,0.0,0.9033783674240112,3.4800000190734863,0.0,0.8512864112854004,0.9033783674240112,608.0,2.1688740253448486,4.6673736572265625,PASS,2.0,0.0
608,25.720596313476562,-0.21674229204654694,0.0027727927081286907,0.0,3.4800000190734863,0.937195897102356,0.999999463558197,0.9535850286483765,0.9656268358230591,1.0,1.0,1.0,0.7317280173301697,-0.21674229204654694,-0.2143818438053131,0.15886932611465454,0.0,0.937195897102356,3.4800000190734863,0.0,0.8512864112854004,0.937195897102356,609.0,2.0219790935516357,4.56168794631958,PASS,2.0,0.0
609,26.456117630004883,-0.21007345616817474,0.0004673178191296756,0.0,3.4800000190734863,0.9269642233848572,0.999999463558197,0.9504412412643433,0.9505981802940369,1.0,1.0,1.0,0.7168189883232117,-0.21007345616817474,-0.2096756398677826,0.026775339618325233,0.0,0.9269642233848572,3.4800000190734863,0.0,0.8512864112854004,0.9269642233848572,610.0,2.059738874435425,4.560539722442627,PASS,2.0,0.0
610,26.390552520751953,-0.1978100687265396,0.00301231793127954,0.0,3.4800000190734863,0.9373165965080261,0.999999463558197,0.9503827095031738,0.9725039601325989,1.0,1.0,1.0,0.7503119707107544,-0.1978100687265396,-0.19524571299552917,0.1725931018590927,0.0,0.9373165965080261,3.4800000190734863,0.0,0.8512864112854004,0.9373165965080261,611.0,1.9594318866729736,4.360577583312988,PASS,2.0,0.0
611,25.935888290405273,-0.18617363274097443,-0.013599453493952751,0.0,3.4800000190734863,0.6116520762443542,0.9999993443489075,0.7607378363609314,0.6080500483512878,1.0,1.0,1.0,0.8378750085830688,-0.18617363274097443,-0.19775137305259705,-0.7791913151741028,0.0,0.6116520762443542,3.4800000190734863,0.0,0.8512864112854004,0.6116520762443542,612.0,1.7890876531600952,4.2687788009643555,PASS,2.0,0.0
612,25.743722915649414,-0.2181241512298584,0.006209901999682188,0.0,3.4800000190734863,0.8670657873153687,0.9999994039535522,0.8921616077423096,0.9437420964241028,1.0,1.0,1.0,0.7276600003242493,-0.2181241512298584,-0.21283768117427826,0.35580116510391235,0.0,0.8670657873153687,3.4800000190734863,0.0,0.8512864112854004,0.8670657873153687,613.0,1.7003302574157715,4.173389911651611,PASS,2.0,0.0
613,26.160717010498047,-0.20895229279994965,0.007588863838464022,0.0,3.4800000190734863,0.8519378304481506,0.9999994039535522,0.8580549955368042,0.9857423901557922,1.0,1.0,1.0,0.7339509725570679,-0.20895229279994965,-0.2024918794631958,0.4348098635673523,0.0,0.8519378304481506,3.4800000190734863,0.0,0.8512864112854004,0.8519378304481506,614.0,1.7402667999267578,3.8317112922668457,PASS,2.0,0.0
614,25.40898323059082,-0.20867010951042175,0.007638593204319477,0.0,3.4800000190734863,0.8946400284767151,0.999999463558197,0.8963903784751892,0.9960952401161194,1.0,1.0,1.0,0.7283009886741638,-0.20867010951042175,-0.202167347073555,0.4376591444015503,0.0,0.8946400284767151,3.4800000190734863,0.0,0.8512864112854004,0.8946400284767151,615.0,1.58678138256073,3.831045389175415,PASS,2.0,0.0
615,26.59153938293457,-0.1990937888622284,0.00415143882855773,0.0,3.4800000190734863,0.9018117189407349,0.999999463558197,0.9126138687133789,0.9763275384902954,1.0,1.0,0.0,1.748764991760254,-0.1990937888622284,-0.19555971026420593,0.23785991966724396,0.0,0.9018117189407349,3.4800000190734863,0.0,0.8512864112854004,0.9018117189407349,616.0,1.516323208808899,3.9966626167297363,PASS,2.0,0.0
616,23.99468421936035,-0.21570435166358948,0.005417683627456427,0.0,3.4800000190734863,0.8763367533683777,0.999999463558197,0.905351996421814,0.9359033703804016,1.0,1.0,1.0,0.737417995929718,-0.21570435166358948,-0.21109230816364288,0.31041041016578674,0.0,0.8763367533683777,3.4800000190734863,0.0,0.8512864112854004,0.8763367533683777,617.0,1.3469120264053345,3.9949417114257812,PASS,2.0,0.0
617,25.235652923583984,-0.21002338826656342,0.006146910134702921,0.0,3.4800000190734863,0.8694292902946472,0.9999994039535522,0.8779134154319763,0.9806726574897766,1.0,1.0,1.0,0.7233520150184631,-0.21002338826656342,-0.20479054749011993,0.3521920144557953,0.0,0.8694292902946472,3.4800000190734863,0.0,0.8512864112854004,0.8694292902946472,618.0,1.2715413570404053,3.8367061614990234,PASS,2.0,0.0
618,27.910232543945312,-0.20008495450019836,0.004095347132533789,0.0,3.4800000190734863,0.8994526267051697,0.999999463558197,0.906987190246582,0.9833860993385315,1.0,1.0,1.0,0.7345029711723328,-0.20008495450019836,-0.196598619222641,0.23464611172676086,0.0,0.8994526267051697,3.4800000190734863,0.0,0.8512864112854004,0.8994526267051697,619.0,-1.0,3.539093017578125,PASS,2.0,0.0
619,32.85026550292969,-0.2496756613254547,0.024554533883929253,0.0,3.4800000190734863,0.48338425159454346,0.9999992251396179,0.6778417229652405,0.426245778799057,1.0,1.0,1.0,0.7209979891777039,-0.2496756613254547,-0.2287685126066208,1.4068711996078491,0.0,0.48338425159454346,3.4800000190734863,0.0,0.8512864112854004,0.48338425159454346,620.0,-1.0,3.533777952194214,PASS,2.0,0.0
620,33.312082290649414,-0.2493983507156372,0.0228143148124218,0.0,3.4800000190734863,0.5013583898544312,0.9999992847442627,0.691507875919342,0.4500444233417511,1.0,1.0,1.0,0.7421159744262695,-0.2493983507156372,-0.2299734652042389,1.307163953781128,0.0,0.5013583898544312,3.4800000190734863,0.0,0.8512864112854004,0.5013583898544312,621.0,-1.0,3.5328400135040283,PASS,2.0,0.0
621,34.70325469970703,-0.2426716685295105,0.022388461977243423,0.0,3.4800000190734863,0.47192245721817017,0.9999992251396179,0.6672381162643433,0.4145553410053253,1.0,1.0,1.0,0.7703589797019958,-0.2426716685295105,-0.22360949218273163,1.2827644348144531,0.0,0.47192245721817017,3.4800000190734863,0.0,0.8512864112854004,0.47192245721817017,622.0,-1.0,3.6135430335998535,PASS,2.0,0.0
622,36.585092544555664,-0.20062288641929626,0.010071516036987305,0.0,3.4800000190734863,0.8771619200706482,0.9999994039535522,0.8828291893005371,0.9871616363525391,1.0,1.0,1.0,0.7357149720191956,-0.20062288641929626,-0.1920488476753235,0.5770553350448608,0.0,0.8771619200706482,3.4800000190734863,0.0,0.8512864112854004,0.8771619200706482,623.0,-1.0,3.2791366577148438,PASS,2.0,0.0
623,39.48235511779785,-0.23115012049674988,0.024716269224882126,0.0,3.4800000190734863,0.5400162935256958,0.9999992847442627,0.6999033093452454,0.543117344379425,1.0,1.0,1.0,0.7772520184516907,-0.23115012049674988,-0.21010521054267883,1.416137933731079,0.0,0.5400162935256958,3.4800000190734863,0.0,0.8512864112854004,0.5400162935256958,624.0,-1.0,3.2697079181671143,PASS,2.0,0.0
624,41.79549217224121,-0.23082107305526733,0.025677841156721115,0.0,3.4800000190734863,0.5062854290008545,0.9999992251396179,0.6771448254585266,0.495354026556015,1.0,1.0,1.0,0.7196059823036194,-0.23082107305526733,-0.20895707607269287,1.4712319374084473,0.0,0.5062854290008545,3.4800000190734863,0.0,0.8512864112854004,0.5062854290008545,625.0,-1.0,3.2682347297668457,PASS,2.0,0.0
625,43.47801208496094,-0.22625362873077393,0.025699742138385773,0.0,3.4800000190734863,0.5234870314598083,0.9999992847442627,0.6806839108467102,0.5381213426589966,1.0,1.0,1.0,0.8011559844017029,-0.22625362873077393,-0.20437097549438477,1.4724867343902588,0.0,0.5234870314598083,3.4800000190734863,0.0,0.8512864112854004,0.5234870314598083,626.0,-1.0,3.331425905227661,PASS,2.0,0.0
626,44.10529136657715,-0.22345268726348877,0.02585463412106037,0.0,3.4800000190734863,0.5230442881584167,0.9999992251396179,0.6695510745048523,0.5623736381530762,1.0,1.0,1.0,0.7298640012741089,-0.22345268726348877,-0.2014380842447281,1.4813613891601562,0.0,0.5230442881584167,3.4800000190734863,0.0,0.8512864112854004,0.5230442881584167,627.0,-1.0,3.2685294151306152,PASS,2.0,0.0
627,46.48303985595703,-0.2262881100177765,0.023690180853009224,0.0,3.4800000190734863,0.5037912130355835,0.9999992251396179,0.6557888388633728,0.5364439487457275,1.0,1.0,1.0,0.7360550165176392,-0.2262881100177765,-0.20611721277236938,1.3573473691940308,0.0,0.5037912130355835,3.4800000190734863,0.0,0.8512864112854004,0.5037912130355835,628.0,-1.0,3.032879114151001,PASS,2.0,0.0
628,25.876522064208984,-0.22434274852275848,0.022550228983163834,0.0,3.4800000190734863,0.4993104636669159,0.9999992251396179,0.6349544525146484,0.5727447271347046,1.0,1.0,1.0,0.7315269708633423,-0.22434274852275848,-0.2051427960395813,1.2920329570770264,0.0,0.4993104636669159,3.4800000190734863,0.0,0.8512864112854004,0.4993104636669159,629.0,-1.0,3.032043218612671,PASS,2.0,0.0
629,24.497270584106445,-0.2138269692659378,0.023762714117765427,0.0,3.4800000190734863,0.4854311943054199,0.9999991655349731,0.6240657567977905,0.5557059049606323,1.0,1.0,1.0,0.734171986579895,-0.2138269692659378,-0.193594291806221,1.36150324344635,0.0,0.4854311943054199,3.4800000190734863,0.0,0.8512864112854004,0.4854311943054199,630.0,-1.0,3.0437448024749756,PASS,2.0,0.0
630,26.087522506713867,-0.19194236397743225,0.021679943427443504,0.0,3.4800000190734863,0.5099279284477234,0.9999991655349731,0.6290724873542786,0.6212063431739807,1.0,1.0,0.0,1.6933109760284424,-0.19194236397743225,-0.17348362505435944,1.2421692609786987,0.0,0.5099279284477234,3.4800000190734863,0.0,0.8512864112854004,0.5099279284477234,631.0,-1.0,2.8204104900360107,PASS,2.0,0.0
631,24.76358413696289,-0.1936277598142624,0.01730741746723652,0.0,3.4800000190734863,0.5318849682807922,0.9999992251396179,0.6427056789398193,0.6551439166069031,1.0,1.0,1.0,0.7256870269775391,-0.1936277598142624,-0.17889271676540375,0.9916419982910156,0.0,0.5318849682807922,3.4800000190734863,0.0,0.8512864112854004,0.5318849682807922,632.0,-1.0,2.8805530071258545,PASS,2.0,0.0
632,24.505615234375,-0.18892231583595276,0.01598172076046467,0.0,3.4800000190734863,0.5712526440620422,0.9999992251396179,0.6758865714073181,0.690380871295929,1.0,1.0,1.0,0.7151070237159729,-0.18892231583595276,-0.17531614005565643,0.9156851768493652,0.0,0.5712526440620422,3.4800000190734863,0.0,0.8512864112854004,0.5712526440620422,633.0,-1.0,2.8709166049957275,PASS,2.0,0.0
633,25.174856185913086,-0.18752147257328033,0.016479799523949623,0.0,3.4800000190734863,0.6006530523300171,0.9999992251396179,0.6723024845123291,0.7868542075157166,1.0,1.0,1.0,0.7416859865188599,-0.18752147257328033,-0.17349117994308472,0.9442229866981506,0.0,0.6006530523300171,3.4800000190734863,0.0,0.8512864112854004,0.6006530523300171,634.0,-1.0,2.631490707397461,PASS,2.0,0.0
634,43.04957389831543,-0.190053328871727,0.013696891255676746,0.0,3.4800000190734863,0.6077154278755188,0.9999992847442627,0.6860427260398865,0.771655261516571,1.0,1.0,1.0,0.7458639740943909,-0.190053328871727,-0.17839261889457703,0.7847740650177002,0.0,0.6077154278755188,3.4800000190734863,0.0,0.8512864112854004,0.6077154278755188,635.0,-1.0,2.629732131958008,PASS,2.0,0.0
635,26.42536163330078,-0.1760985553264618,0.010110955685377121,0.0,3.4800000190734863,0.6239109635353088,0.9999992251396179,0.6690402626991272,0.8650932312011719,1.0,1.0,1.0,0.7375180125236511,-0.1760985553264618,-0.16749094426631927,0.5793150663375854,0.0,0.6239109635353088,3.4800000190734863,0.0,0.8512864112854004,0.6239109635353088,636.0,-1.0,2.6385257244110107,PASS,2.0,0.0
636,25.722980499267578,-0.17620299756526947,0.007897735573351383,0.0,3.4800000190734863,0.6686612367630005,0.9999992847442627,0.6940484642982483,0.9268437623977661,1.0,1.0,1.0,0.7384999990463257,-0.17620299756526947,-0.1694796234369278,0.4525069296360016,0.0,0.6686612367630005,3.4800000190734863,0.0,0.8512864112854004,0.6686612367630005,637.0,-1.0,2.462106227874756,PASS,2.0,0.0
637,25.221824645996094,-0.17821618914604187,0.0077267293818295,0.0,3.4800000190734863,0.7168421149253845,0.9999992847442627,0.7234147787094116,0.9818295836448669,1.0,1.0,1.0,0.7244139909744263,-0.17821618914604187,-0.1716383993625641,0.44270896911621094,0.0,0.7168421149253845,3.4800000190734863,0.0,0.8512864112854004,0.7168421149253845,638.0,-1.0,2.507740020751953,PASS,2.0,0.0
638,25.244951248168945,-0.16784173250198364,0.007392101921141148,0.0,3.4800000190734863,0.6578657031059265,0.9999992251396179,0.659350574016571,0.9954966902732849,1.0,1.0,1.0,0.7404040098190308,-0.16784173250198364,-0.16154882311820984,0.4235362410545349,0.0,0.6578657031059265,3.4800000190734863,0.0,0.8512864112854004,0.6578657031059265,639.0,-1.0,2.3139915466308594,PASS,2.0,0.0
639,24.341106414794922,-0.15198446810245514,0.0016168595757335424,0.0,3.4800000190734863,0.582400918006897,0.9999991655349731,0.6003210544586182,0.9402989745140076,1.0,1.0,1.0,0.733020007610321,-0.15198446810245514,-0.15060806274414062,0.09263923019170761,0.0,0.582400918006897,3.4800000190734863,0.0,0.8512864112854004,0.582400918006897,640.0,-1.0,2.3473398685455322,PASS,2.0,0.0
640,28.10978889465332,-0.1627521812915802,0.006920713931322098,0.0,3.4800000190734863,0.5973646640777588,0.9999991655349731,0.620513916015625,0.9253876209259033,1.0,1.0,1.0,0.73682701587677,-0.1627521812915802,-0.1568605750799179,0.3965277075767517,0.0,0.5973646640777588,3.4800000190734863,0.0,0.8512864112854004,0.5973646640777588,641.0,-1.0,2.3126189708709717,PASS,2.0,0.0
641,24.97076988220215,-0.1543017476797104,0.003499747719615698,0.0,3.4800000190734863,0.6403802633285522,0.9999992251396179,0.6584721803665161,0.9450494647026062,1.0,1.0,1.0,0.7249150276184082,-0.1543017476797104,-0.15132245421409607,0.20052076876163483,0.0,0.6403802633285522,3.4800000190734863,0.0,0.8512864112854004,0.6403802633285522,642.0,-1.0,2.1658079624176025,PASS,2.0,0.0
642,24.443626403808594,-0.14672286808490753,0.0007114530308172107,0.0,3.4800000190734863,0.631500244140625,0.9999992251396179,0.6327264308929443,0.9961249232292175,1.0,1.0,1.0,0.7336210012435913,-0.14672286808490753,-0.1461172103881836,0.0407632552087307,0.0,0.631500244140625,3.4800000190734863,0.0,0.8512864112854004,0.631500244140625,643.0,-1.0,2.200106382369995,PASS,2.0,0.0
643,26.0009765625,-0.1448633223772049,0.001917595393024385,0.0,3.4800000190734863,0.576742947101593,0.9999991655349731,0.591452419757843,0.9502606391906738,1.0,1.0,1.0,0.7582870125770569,-0.1448633223772049,-0.14323090016841888,0.10987012088298798,0.0,0.576742947101593,3.4800000190734863,0.0,0.8512864112854004,0.576742947101593,644.0,-1.0,2.031219482421875,PASS,2.0,0.0
644,29.088735580444336,-0.14430058002471924,0.002556733787059784,0.0,3.4800000190734863,0.595693051815033,0.9999991655349731,0.6105034351348877,0.9514820575714111,1.0,1.0,1.0,0.7246649861335754,-0.14430058002471924,-0.14212405681610107,0.14649005234241486,0.0,0.595693051815033,3.4800000190734863,0.0,0.8512864112854004,0.595693051815033,645.0,-1.0,2.0228190422058105,PASS,2.0,0.0
645,33.06865692138672,-0.16015885770320892,0.007284417282789946,0.0,3.4800000190734863,0.6154695153236389,0.9999991655349731,0.6172717213630676,0.9941615462303162,1.0,1.0,0.0,1.7077280282974243,-0.16015885770320892,-0.15395762026309967,0.4173663556575775,0.0,0.6154695153236389,3.4800000190734863,0.0,0.8512864112854004,0.6154695153236389,646.0,-1.0,1.9138679504394531,PASS,2.0,0.0
646,34.86227989196777,-0.1457376629114151,0.0037133514415472746,0.0,3.4800000190734863,0.5928978323936462,0.9999991655349731,0.6040651798248291,0.9630268812179565,1.0,1.0,1.0,0.7165200114250183,-0.1457376629114151,-0.14257651567459106,0.2127593606710434,0.0,0.5928978323936462,3.4800000190734863,0.0,0.8512864112854004,0.5928978323936462,647.0,-1.0,1.9664287567138672,PASS,2.0,0.0
647,38.52987289428711,-0.15193870663642883,0.009888180531561375,0.0,3.4800000190734863,0.578279972076416,0.9999991059303284,0.5791203379631042,0.9970985651016235,1.0,1.0,1.0,0.7153270244598389,-0.15193870663642883,-0.1435207575559616,0.5665510296821594,0.0,0.578279972076416,3.4800000190734863,0.0,0.8512864112854004,0.578279972076416,648.0,-1.0,1.796462893486023,PASS,2.0,0.0
648,41.68844223022461,-0.15269872546195984,0.009922683238983154,0.0,3.4800000190734863,0.5470156669616699,0.9999991059303284,0.562746524810791,0.9440935254096985,1.0,1.0,1.0,0.7414060235023499,-0.15269872546195984,-0.14425140619277954,0.56852787733078,0.0,0.5470156669616699,3.4800000190734863,0.0,0.8512864112854004,0.5470156669616699,649.0,-1.0,1.8011209964752197,PASS,2.0,0.0
649,44.503211975097656,-0.15381623804569244,0.006627372466027737,0.0,3.4800000190734863,0.5452023148536682,0.9999991059303284,0.5487772226333618,0.9869723916053772,1.0,1.0,1.0,0.7290629744529724,-0.15381623804569244,-0.14817436039447784,0.3797204792499542,0.0,0.5452023148536682,3.4800000190734863,0.0,0.8512864112854004,0.5452023148536682,650.0,-1.0,1.692663550376892,PASS,2.0,0.0
650,45.08042335510254,-0.15388205647468567,0.007409936748445034,0.0,3.4800000190734863,0.5237104892730713,0.9999990463256836,0.5369066596031189,0.9508445858955383,1.0,1.0,1.0,0.7584570050239563,-0.15388205647468567,-0.14757396280765533,0.4245581030845642,0.0,0.5237104892730713,3.4800000190734863,0.0,0.8512864112854004,0.5237104892730713,651.0,-1.0,1.6031981706619263,PASS,2.0,0.0
651,24.665355682373047,-0.15372146666049957,0.011750501580536366,0.0,3.4800000190734863,0.5168411135673523,0.9999990463256836,0.5184952616691589,0.9936202168464661,1.0,1.0,1.0,0.741034984588623,-0.15372146666049957,-0.143717959523201,0.673254132270813,0.0,0.5168411135673523,3.4800000190734863,0.0,0.8512864112854004,0.5168411135673523,652.0,-1.0,1.5112695693969727,PASS,2.0,0.0
652,25.492429733276367,-0.1463506817817688,0.000648717803414911,0.0,3.4800000190734863,0.4805951714515686,0.9999989867210388,0.489703506231308,0.9628015756607056,1.0,1.0,1.0,0.7250350117683411,-0.1463506817817688,-0.1457984298467636,0.03716879338026047,0.0,0.4805951714515686,3.4800000190734863,0.0,0.8512864112854004,0.4805951714515686,653.0,-1.0,1.5027306079864502,PASS,2.0,0.0
653,24.971723556518555,-0.1616365611553192,0.016720445826649666,0.0,3.4800000190734863,0.4470297694206238,0.9999988675117493,0.4582025408744812,0.9512332081794739,1.0,1.0,1.0,0.7356849908828735,-0.1616365611553192,-0.1474013477563858,0.9580109715461731,0.0,0.4470297694206238,3.4800000190734863,0.0,0.8512864112854004,0.4470297694206238,654.0,-1.0,1.418302297592163,PASS,2.0,0.0
654,24.951696395874023,-0.1627941131591797,0.019925909116864204,0.0,3.4800000190734863,0.4198349416255951,0.9999988079071045,0.42613956332206726,0.9704117774963379,1.0,1.0,1.0,0.7230110168457031,-0.1627941131591797,-0.1458292156457901,1.1416704654693604,0.0,0.4198349416255951,3.4800000190734863,0.0,0.8512864112854004,0.4198349416255951,655.0,-1.0,1.342506766319275,PASS,2.0,0.0
655,36.60154342651367,-0.16522222757339478,0.015129348263144493,0.0,3.4800000190734863,0.40479838848114014,0.9999988079071045,0.4166252315044403,0.9432267546653748,1.0,1.0,1.0,0.7439500093460083,-0.16522222757339478,-0.1523418426513672,0.866847813129425,0.0,0.40479838848114014,3.4800000190734863,0.0,0.8512864112854004,0.40479838848114014,656.0,-1.0,1.337775468826294,PASS,2.0,0.0
656,25.187969207763672,-0.14370648562908173,-0.005741672590374947,0.0,3.4800000190734863,0.39948856830596924,0.9999987483024597,0.4012833535671234,0.9910560250282288,1.0,1.0,1.0,0.7244439721107483,-0.14370648562908173,-0.14859434962272644,-0.3289736211299896,0.0,0.39948856830596924,3.4800000190734863,0.0,0.8512864112854004,0.39948856830596924,657.0,-1.0,1.2628452777862549,PASS,2.0,0.0
657,24.51324462890625,-0.12973839044570923,-0.02227843925356865,0.0,3.4800000190734863,0.35331252217292786,0.9999986290931702,0.3679192066192627,0.9205998182296753,1.0,1.0,1.0,0.7332310080528259,-0.12973839044570923,-0.14870686829090118,-1.2764605283737183,0.0,0.35331252217292786,3.4800000190734863,0.0,0.8512864112854004,0.35331252217292786,658.0,-1.0,1.1934696435928345,PASS,2.0,0.0
658,26.906251907348633,-0.12912766635417938,-0.023157725110650063,0.0,3.4800000190734863,0.32524436712265015,0.9999984502792358,0.32733529806137085,0.9872260689735413,1.0,1.0,1.0,0.7418370246887207,-0.12912766635417938,-0.14884504675865173,-1.3268399238586426,0.0,0.32524436712265015,3.4800000190734863,0.0,0.8512864112854004,0.32524436712265015,659.0,-1.0,1.1859545707702637,PASS,2.0,0.0
659,24.327993392944336,-0.13574673235416412,-0.023134084418416023,0.0,3.4800000190734863,0.31287387013435364,0.9999983906745911,0.3184930980205536,0.9647152423858643,1.0,1.0,1.0,0.39965200424194336,-0.13574673235416412,-0.1554439812898636,-1.325485348701477,0.0,0.31287387013435364,3.4800000190734863,0.0,0.8512864112854004,0.31287387013435364,660.0,-1.0,1.1004676818847656,PASS,2.0,0.0
660,24.914264678955078,-0.13784903287887573,-0.022343389689922333,0.0,3.4800000190734863,0.2613512873649597,0.9999980926513672,0.2618938684463501,0.9958583116531372,1.0,1.0,1.0,0.39444199204444885,-0.13784903287887573,-0.15687282383441925,-1.280181884765625,0.0,0.2613512873649597,3.4800000190734863,0.0,0.8512864112854004,0.2613512873649597,661.0,-1.0,1.041678547859192,PASS,2.0,0.0
661,24.757862091064453,-0.13901540637016296,-0.022935234010219574,0.0,3.4800000190734863,0.22521048784255981,0.9999977946281433,0.2313375025987625,0.9470318555831909,1.0,1.0,1.0,0.3969860076904297,-0.13901540637016296,-0.15854328870773315,-1.3140921592712402,0.0,0.22521048784255981,3.4800000190734863,0.0,0.8512864112854004,0.22521048784255981,662.0,-1.0,0.8991278409957886,PASS,2.0,0.0
662,25.04253387451172,-0.1410890817642212,-0.02390693500638008,0.0,3.4800000190734863,0.20929798483848572,0.999997615814209,0.21439632773399353,0.9524424076080322,1.0,1.0,1.0,0.40001198649406433,-0.1410890817642212,-0.16144460439682007,-1.3697664737701416,0.0,0.20929798483848572,3.4800000190734863,0.0,0.8512864112854004,0.20929798483848572,663.0,-1.0,0.89806067943573,PASS,2.0,0.0
663,26.380538940429688,-0.14386245608329773,-0.025525854900479317,0.0,3.4800000190734863,0.15683114528656006,0.9999969005584717,0.16485726833343506,0.9026323556900024,1.0,1.0,1.0,0.4221929907798767,-0.14386245608329773,-0.16559699177742004,-1.4625236988067627,0.0,0.15683114528656006,3.4800000190734863,0.0,0.8512864112854004,0.15683114528656006,664.0,-1.0,0.8339453339576721,PASS,2.0,0.0
664,24.54829216003418,-0.020671430975198746,-0.01745329238474369,0.0,3.180000066757202,0.028530646115541458,0.9999911189079285,0.05706154555082321,0.0,1.0,0.0,1.0,0.3807770013809204,-0.020671430975198746,-0.0355306901037693,-1.0,0.0,0.0,3.180000066757202,24.0,0.8512864112854004,0.028530646115541458,665.0,-1.0,0.6252824068069458,PASS,2.0,0.0
665,26.798248291015625,0.12161300331354141,-0.02617993950843811,0.0,3.180000066757202,0.0,0.0,0.0,0.0,0.0,0.0,1.0,0.37481600046157837,0.12161300331354141,0.09932128340005875,-1.5,0.0,0.0,3.180000066757202,9.0,0.8512864112854004,0.0,666.0,-1.0,0.5951223969459534,PASS,2.0,0.0
666,23.813486099243164,0.2706870138645172,-0.03490658476948738,0.0,3.180000066757202,0.0,0.0,0.0,0.0,0.0,0.0,1.0,0.38608598709106445,0.2706870138645172,0.24095943570137024,-2.0,0.0,0.0,3.180000066757202,9.0,0.8512864112854004,0.0,667.0,-1.0,0.6128836274147034,CW_SLOW,1.0,0.0
667,23.929595947265625,0.4197610020637512,-0.04363323003053665,0.0,3.180000066757202,0.0,0.0,0.0,0.0,0.0,0.0,1.0,0.37692001461982727,0.4197610020637512,0.382593035697937,-2.5,0.0,0.0,3.180000066757202,9.0,0.8512864112854004,0.0,668.0,-1.0,0.5759207010269165,CW_SLOW,1.0,0.0
668,24.05548095703125,0.5688350200653076,-0.05235987901687622,0.0,3.180000066757202,0.0,0.0,0.0,0.0,0.0,0.0,1.0,0.3985289931297302,0.5688350200653076,0.5242210030555725,-3.0,0.0,0.0,3.180000066757202,9.0,0.8512864112854004,0.0,669.0,-1.0,0.5737482309341431,CW_SLOW,1.0,0.0
669,24.239063262939453,0.6159110069274902,-0.06108652427792549,0.0,3.180000066757202,0.0,0.0,0.0,0.0,0.0,0.0,1.0,0.38059601187705994,0.6159110069274902,0.5638440847396851,-3.5,0.0,0.0,3.180000066757202,9.0,0.8512864112854004,0.0,670.0,-1.0,0.575703501701355,CW_SLOW,1.0,0.0
670,27.901887893676758,0.6159110069274902,-0.06981316953897476,0.0,3.180000066757202,0.0,0.0,0.0,0.0,0.0,0.0,1.0,0.4038099944591522,0.6159110069274902,0.5563832521438599,-4.0,0.0,0.0,3.180000066757202,9.0,0.8512864112854004,0.0,671.0,-1.0,0.5758122205734253,CW_SLOW,1.0,0.0
671,29.697179794311523,0.6159110069274902,-0.07853981852531433,0.0,3.180000066757202,0.0,0.0,0.0,0.0,0.0,0.0,1.0,0.4073460102081299,0.6159110069274902,0.548913300037384,-4.5,0.0,0.0,3.180000066757202,9.0,0.8512864112854004,0.0,672.0,-1.0,0.5675567388534546,CW_SLOW,1.0,0.0
672,31.20899200439453,0.6159110069274902,-0.0872664600610733,0.0,3.180000066757202,0.0,0.0,0.0,0.0,0.0,0.0,1.0,0.3788529932498932,0.6159110069274902,0.5414330959320068,-5.0,0.0,0.0,3.180000066757202,9.0,0.8512864112854004,0.0,673.0,-1.0,0.567448079586029,CW_SLOW,1.0,0.0
673,34.53803062438965,0.6159110069274902,-0.09599310904741287,0.0,3.180000066757202,0.0,0.0,0.0,0.0,0.0,0.0,1.0,0.3825500011444092,0.6159110069274902,0.5339414477348328,-5.5,0.0,0.0,3.180000066757202,9.0,0.8512864112854004,0.0,674.0,-1.0,0.5673393607139587,CW_SLOW,1.0,0.0
674,36.310434341430664,0.6159110069274902,-0.10471975803375244,0.0,3.180000066757202,0.0,0.0,0.0,0.0,0.0,0.0,1.0,0.3906950056552887,0.6159110069274902,0.5264372229576111,-6.0,0.0,0.0,3.180000066757202,9.0,0.8512864112854004,0.0,675.0,-1.0,0.5663619637489319,CW_SLOW,1.0,0.0
675,37.29057312011719,0.6159110069274902,-0.11344639956951141,0.0,3.180000066757202,0.0,0.0,0.0,0.0,0.0,0.0,1.0,0.38288000226020813,0.6159110069274902,0.5189191699028015,-6.5,0.0,0.0,3.180000066757202,9.0,0.8512864112854004,0.0,676.0,-1.0,0.5671221613883972,CW_SLOW,1.0,0.0
676,39.777278900146484,0.6159110069274902,-0.12217304855585098,0.0,3.180000066757202,0.0,0.0,0.0,0.0,0.0,0.0,1.0,0.4939970076084137,0.6159110069274902,0.5113861560821533,-7.0,0.0,0.0,3.180000066757202,9.0,0.8512864112854004,0.0,677.0,-1.0,0.567448079586029,CW_SLOW,1.0,0.0
677,42.25659370422363,0.6159110069274902,-0.13089969754219055,0.0,3.180000066757202,0.0,0.0,0.0,0.0,0.0,0.0,1.0,0.40021300315856934,0.6159110069274902,0.5038370490074158,-7.5,0.0,0.0,3.180000066757202,9.0,0.8512864112854004,0.0,678.0,-1.0,0.5669050216674805,CW_SLOW,1.0,0.0
678,44.71611976623535,0.6159110069274902,-0.13962633907794952,0.0,3.180000066757202,0.0,0.0,0.0,0.0,0.0,0.0,1.0,0.3872080147266388,0.6159110069274902,0.4962705075740814,-8.0,0.0,0.0,3.180000066757202,9.0,0.8512864112854004,0.0,679.0,-1.0,0.5669050216674805,CW_SLOW,1.0,0.0
679,48.21372032165527,0.4943942129611969,-0.1483529806137085,0.0,3.180000066757202,0.0065868510864675045,0.9999615550041199,0.013173955492675304,0.0,1.0,0.0,1.0,0.3920370042324066,0.4943942129611969,0.3671686053276062,-8.5,0.0,0.0,3.180000066757202,24.0,0.8512864112854004,0.0065868510864675045,680.0,-1.0,0.550000011920929,CW_SLOW,1.0,0.0
680,47.273874282836914,0.48011255264282227,-0.13962633907794952,0.0,3.180000066757202,0.008858628571033478,0.9999713897705078,0.01771751046180725,0.0,1.0,0.0,1.0,0.3903239965438843,0.48011255264282227,0.36047205328941345,-8.0,0.0,0.0,3.180000066757202,24.0,0.8512864112854004,0.008858628571033478,681.0,-1.0,1.0064975023269653,CW_SLOW,1.0,0.0
681,46.32234573364258,0.46983587741851807,-0.13526301085948944,0.0,3.180000066757202,0.010684840381145477,0.9999762773513794,0.02136993408203125,0.0,1.0,0.0,1.0,0.3895129859447479,0.46983587741851807,0.3539808988571167,-7.749999523162842,0.0,0.0,3.180000066757202,24.0,0.8512864112854004,0.010684840381145477,682.0,-1.0,0.849005937576294,CW_SLOW,1.0,0.0
682,26.432275772094727,0.46338048577308655,-0.13526301085948944,0.0,3.180000066757202,0.009492894634604454,0.9999732971191406,0.018986042588949203,0.0,1.0,0.0,1.0,0.39412200450897217,0.46338048577308655,0.3475255072116852,-7.749999523162842,0.0,0.0,3.180000066757202,24.0,0.8512864112854004,0.009492894634604454,683.0,-1.0,1.4118984937667847,CW_SLOW,1.0,0.0
683,25.081872940063477,0.5648305416107178,-0.1483529806137085,0.0,3.180000066757202,0.006177322473376989,0.9999589920043945,0.012354898266494274,0.0,1.0,0.0,1.0,0.45298999547958374,0.5648305416107178,0.4376049339771271,-8.5,0.0,0.0,3.180000066757202,24.0,0.8512864112854004,0.006177322473376989,684.0,-1.0,1.4112244844436646,CW_SLOW,1.0,0.0
684,25.194883346557617,0.45250198245048523,-0.13962633907794952,0.0,3.180000066757202,0.01587980054318905,0.9999840259552002,0.03175985440611839,0.0,1.0,0.0,1.0,0.422434002161026,0.45250198245048523,0.3328614830970764,-8.0,0.0,0.0,3.180000066757202,24.0,0.8512864112854004,0.01587980054318905,685.0,-1.0,1.33076012134552,CW_SLOW,1.0,0.0
685,26.517629623413086,0.45874905586242676,-0.13089969754219055,0.0,3.180000066757202,0.01731402985751629,0.9999853372573853,0.03462831303477287,0.0,1.0,0.0,1.0,0.38536500930786133,0.45874905586242676,0.3466750681400299,-7.5,0.0,0.0,3.180000066757202,24.0,0.8512864112854004,0.01731402985751629,686.0,-1.0,1.2596832513809204,CW_SLOW,1.0,0.0
686,26.98373794555664,0.3243676722049713,-0.13026206195354462,0.0,3.4800000190734863,0.08715280145406723,0.9999957084655762,0.11863908916711807,0.46921196579933167,1.0,1.0,1.0,0.446258008480072,0.3243676722049713,0.21284586191177368,-7.463466167449951,0.0,0.0,3.4800000190734863,8.0,0.8512864112854004,0.08715280145406723,687.0,-1.0,1.2599995136260986,CW_SLOW,1.0,0.0
687,26.37004852294922,0.4131237268447876,-0.12653636932373047,0.0,3.180000066757202,0.021233676001429558,0.9999880790710449,0.04246760532259941,0.0,1.0,0.0,1.0,0.4228549897670746,0.4131237268447876,0.30482640862464905,-7.25,0.0,0.0,3.180000066757202,24.0,0.8512864112854004,0.021233676001429558,688.0,-1.0,1.18948233127594,CW_SLOW,1.0,0.0
688,27.42290496826172,0.29600101709365845,-0.12217304855585098,0.0,3.4800000190734863,0.10431377589702606,0.9999958872795105,0.1227298378944397,0.6998962163925171,1.0,1.0,1.0,0.41751500964164734,0.29600101709365845,0.19147619605064392,-7.0,0.0,0.0,3.4800000190734863,8.0,0.8512864112854004,0.10431377589702606,689.0,-1.0,1.1243999004364014,CW_SLOW,1.0,0.0
689,25.411367416381836,0.224602609872818,-0.11344639956951141,0.0,3.4800000190734863,0.11850380152463913,0.999996542930603,0.14573396742343903,0.6263059377670288,1.0,1.0,1.0,0.3973270058631897,0.224602609872818,0.12761077284812927,-6.5,0.0,0.0,3.4800000190734863,8.0,0.8512864112854004,0.11850380152463913,690.0,-1.0,0.9491875171661377,CW_SLOW,1.0,0.0
690,25.984525680541992,0.2036214917898178,-0.10471975803375244,0.0,3.4800000190734863,0.11990851908922195,0.9999966621398926,0.15187978744506836,0.5789950489997864,1.0,1.0,1.0,0.4111829996109009,0.2036214917898178,0.11414768546819687,-6.0,0.0,0.0,3.4800000190734863,8.0,0.8512864112854004,0.11990851908922195,691.0,-1.0,0.8937923908233643,CW_SLOW,1.0,0.0
691,27.362346649169922,0.17914679646492004,-0.09599310904741287,0.0,3.4800000190734863,0.13733382523059845,0.9999968409538269,0.16159097850322723,0.6997736096382141,1.0,1.0,1.0,0.40555301308631897,0.17914679646492004,0.09717723727226257,-5.5,0.0,0.0,3.4800000190734863,8.0,0.8512864112854004,0.13733382523059845,692.0,-1.0,0.557704746723175,CW_SLOW,1.0,0.0
692,25.71892738342285,0.12069154530763626,-0.0872664600610733,0.0,3.4800000190734863,0.1507239192724228,0.9999971985816956,0.1821954846382141,0.6545320749282837,1.0,1.0,1.0,0.4158720076084137,0.12069154530763626,0.04621363803744316,-5.0,0.0,0.1507239192724228,3.4800000190734863,0.0,0.8512864112854004,0.1507239192724228,693.0,4.2168426513671875,0.5637822151184082,CW_SLOW,1.0,0.0
693,25.499582290649414,0.09358334541320801,-0.07853981852531433,0.0,3.4800000190734863,0.15294115245342255,0.9999972581863403,0.18643444776535034,0.6406984925270081,1.0,1.0,1.0,0.40059301257133484,0.09358334541320801,0.02658565156161785,-4.5,0.0,0.15294115245342255,3.4800000190734863,0.0,0.8512864112854004,0.15294115245342255,694.0,4.2168426513671875,0.550000011920929,CW_SLOW,1.0,0.0
694,26.615142822265625,0.06329319626092911,-0.06981316953897476,0.0,3.4800000190734863,0.1631053388118744,0.9999973773956299,0.1947481632232666,0.6750407218933105,1.0,1.0,1.0,0.38446399569511414,0.06329319626092911,0.003765452653169632,-4.0,0.0,0.1631053388118744,3.4800000190734863,0.0,0.8512864112854004,0.1631053388118744,695.0,4.21648645401001,0.5673393607139587,CW_SLOW,1.0,0.0
695,27.249574661254883,0.01163456030189991,-0.06108652427792549,0.0,3.4800000190734863,0.18483978509902954,0.9999977350234985,0.22098113596439362,0.6729028820991516,1.0,1.0,1.0,0.38350099325180054,0.01163456030189991,-0.04043234512209892,-3.5,0.0,0.18483978509902954,3.4800000190734863,0.0,0.8512864112854004,0.18483978509902954,696.0,4.311913967132568,0.557704746723175,CW_SLOW,1.0,0.0
696,25.34031867980957,-0.016768785193562508,-0.05235987901687622,0.0,3.4800000190734863,0.19523905217647552,0.9999978542327881,0.23686982691287994,0.6484941244125366,1.0,1.0,1.0,0.3877899944782257,-0.016768785193562508,-0.06138281524181366,-3.0,0.0,0.19523905217647552,3.4800000190734863,0.0,0.8512864112854004,0.19523905217647552,697.0,4.220760822296143,0.550000011920929,CW_SLOW,1.0,0.0
697,27.60767936706543,-0.04835202544927597,-0.04363323003053665,0.0,3.4800000190734863,0.20597553253173828,0.9999979734420776,0.2516379654407501,0.6370800137519836,1.0,1.0,1.0,0.41364699602127075,-0.04835202544927597,-0.08551999181509018,-2.5,0.0,0.20597553253173828,3.4800000190734863,0.0,0.8512864112854004,0.20597553253173828,698.0,3.877998113632202,0.550000011920929,CW_SLOW,1.0,0.0
698,26.82042121887207,-0.08988212049007416,-0.03490658476948738,0.0,3.4800000190734863,0.21867336332798004,0.9999980926513672,0.26371097564697266,0.6584336757659912,1.0,1.0,1.0,0.3820590078830719,-0.08988212049007416,-0.11960969865322113,-2.0,0.0,0.21867336332798004,3.4800000190734863,0.0,0.8512864112854004,0.21867336332798004,699.0,3.8769991397857666,0.550000011920929,CW_SLOW,1.0,0.0
699,25.500774383544922,-0.07531541585922241,-0.03633475676178932,0.0,3.4800000190734863,0.2277764528989792,0.999998152256012,0.2781093418598175,0.6380366683006287,1.0,1.0,1.0,0.3789930045604706,-0.07531541585922241,-0.10626032203435898,-2.0818281173706055,0.0,0.2277764528989792,3.4800000190734863,0.0,0.8512864112854004,0.2277764528989792,700.0,3.8766660690307617,0.550000011920929,CW_SLOW,1.0,0.0
700,26.125431060791016,-0.11842433363199234,-0.02617993950843811,0.0,3.4800000190734863,0.26148417592048645,0.9999983310699463,0.3048906922340393,0.7152665257453918,1.0,1.0,1.0,0.40310800075531006,-0.11842433363199234,-0.1407160460948944,-1.5,0.0,0.26148417592048645,3.4800000190734863,0.0,0.8512864112854004,0.26148417592048645,701.0,4.042784690856934,0.550000011920929,CW_SLOW,1.0,0.0
701,25.843143463134766,-0.1412707418203354,-0.01745329238474369,0.0,3.4800000190734863,0.2872377336025238,0.9999984502792358,0.33287742733955383,0.7257879972457886,1.0,1.0,1.0,0.38583600521087646,-0.1412707418203354,-0.15613000094890594,-1.0,0.0,0.2872377336025238,3.4800000190734863,0.0,0.8512864112854004,0.2872377336025238,702.0,3.959205150604248,0.550000011920929,CW_SLOW,1.0,0.0
702,26.4894962310791,-0.14964260160923004,-0.014757560566067696,0.0,3.4800000190734863,0.2748740613460541,0.9999983906745911,0.3122027814388275,0.7608702778816223,1.0,1.0,1.0,0.4197790026664734,-0.14964260160923004,-0.16220642626285553,-0.8455459475517273,0.0,0.2748740613460541,3.4800000190734863,0.0,0.8512864112854004,0.2748740613460541,703.0,3.577549934387207,0.550000011920929,CW_SLOW,1.0,0.0
703,24.04618263244629,-0.16129475831985474,-0.008726646192371845,0.0,3.4800000190734863,0.31668469309806824,0.9999984502792358,0.33154061436653137,0.9103840589523315,1.0,1.0,1.0,0.39329999685287476,-0.16129475831985474,-0.16872382164001465,-0.5,0.0,0.31668469309806824,3.4800000190734863,0.0,0.8512864112854004,0.31668469309806824,704.0,3.650691509246826,0.550000011920929,CW_SLOW,1.0,0.0
704,24.744749069213867,-0.15552982687950134,-0.006097792182117701,0.0,3.4800000190734863,0.33216536045074463,0.9999986886978149,0.3837398886680603,0.731201708316803,1.0,1.0,1.0,0.38784900307655334,-0.15552982687950134,-0.1607208549976349,-0.34937775135040283,0.0,0.33216536045074463,3.4800000190734863,0.0,0.8512864112854004,0.33216536045074463,705.0,3.3153798580169678,0.550000011920929,CW_SLOW,1.0,0.0
705,27.861833572387695,-0.17757397890090942,-0.0035862524528056383,0.0,3.4800000190734863,0.35613059997558594,0.9999987483024597,0.4034195840358734,0.7655603289604187,1.0,1.0,0.0,1.6959869861602783,-0.17757397890090942,-0.18062691390514374,-0.20547713339328766,0.0,0.35613059997558594,3.4800000190734863,0.0,0.8512864112854004,0.35613059997558594,706.0,3.314495801925659,0.550000011920929,CW_SLOW,1.0,0.0
706,29.86741065979004,-0.1501736342906952,-0.005199192091822624,0.0,3.4800000190734863,0.3920955955982208,0.9999988079071045,0.4323131740093231,0.8139434456825256,1.0,1.0,1.0,0.7053390145301819,-0.1501736342906952,-0.15459968149662018,-0.297891765832901,0.0,0.3920955955982208,3.4800000190734863,0.0,0.8512864112854004,0.3920955955982208,707.0,3.313317060470581,-1.0,CW_SLOW,1.0,0.0
707,32.258033752441406,-0.17109248042106628,-0.0025821803137660027,0.0,3.4800000190734863,0.3817172944545746,0.9999988675117493,0.44442322850227356,0.7178108096122742,1.0,1.0,1.0,0.730014979839325,-0.17109248042106628,-0.1732906550168991,-0.1479480266571045,0.0,0.3817172944545746,3.4800000190734863,0.0,0.8512864112854004,0.3817172944545746,708.0,3.4432036876678467,0.5661445260047913,CW_SLOW,1.0,0.0
708,34.3630313873291,-0.1528785228729248,-0.004963607061654329,0.0,3.4800000190734863,0.4147564768791199,0.999998927116394,0.4627753496170044,0.7924753427505493,1.0,1.0,1.0,0.7266079783439636,-0.1528785228729248,-0.1571040153503418,-0.2843937277793884,0.0,0.4147564768791199,3.4800000190734863,0.0,0.8512864112854004,0.4147564768791199,709.0,3.0794081687927246,0.5653843283653259,CW_SLOW,1.0,0.0
709,36.09824180603027,-0.17381522059440613,-0.000704030564520508,0.0,3.4800000190734863,0.4553641080856323,0.9999989867210388,0.4901113212108612,0.8582078814506531,1.0,1.0,1.0,0.7266380190849304,-0.17381522059440613,-0.17441454529762268,-0.040337979793548584,0.0,0.4553641080856323,3.4800000190734863,0.0,0.8512864112854004,0.4553641080856323,710.0,3.0774576663970947,0.5652756094932556,CW_SLOW,1.0,0.0
710,39.64877128601074,-0.1348954737186432,-0.013559850864112377,0.0,3.4800000190734863,0.4891202747821808,0.9999990463256836,0.5368706583976746,0.8221166729927063,1.0,1.0,1.0,0.7307959794998169,-0.1348954737186432,-0.14643949270248413,-0.7769222259521484,0.0,0.4891202747821808,3.4800000190734863,0.0,0.8512864112854004,0.4891202747821808,711.0,3.1935336589813232,0.5648412704467773,CW_SLOW,1.0,0.0
711,40.29202461242676,-0.1781248301267624,0.0026959695387631655,0.0,3.4800000190734863,0.5205898880958557,0.9999990463256836,0.5235965847969055,0.9885163307189941,1.0,1.0,1.0,0.7274399995803833,-0.1781248301267624,-0.17582978308200836,0.15446767210960388,0.0,0.5205898880958557,3.4800000190734863,0.0,0.8512864112854004,0.5205898880958557,712.0,3.080801248550415,-1.0,CW_SLOW,1.0,0.0
712,43.907880783081055,-0.1721915453672409,-0.003524000523611903,0.0,3.4800000190734863,0.5354674458503723,0.9999991059303284,0.5510783791542053,0.9433449506759644,1.0,1.0,1.0,0.7732849717140198,-0.1721915453672409,-0.1751914918422699,-0.2019103616476059,0.0,0.5354674458503723,3.4800000190734863,0.0,0.8512864112854004,0.5354674458503723,713.0,2.8661224842071533,-1.0,CW_SLOW,1.0,0.0
713,45.7913875579834,-0.17746134102344513,0.0011513831559568644,0.0,3.4800000190734863,0.5496970415115356,0.9999991059303284,0.5598287582397461,0.963805079460144,1.0,1.0,1.0,0.7052389979362488,-0.17746134102344513,-0.1764811873435974,0.06596939265727997,0.0,0.5496970415115356,3.4800000190734863,0.0,0.8512864112854004,0.5496970415115356,714.0,2.9704930782318115,0.550000011920929,CW_SLOW,1.0,0.0
714,44.63505744934082,-0.15366306900978088,-0.0048921131528913975,0.0,3.4800000190734863,0.5838769674301147,0.9999991655349731,0.6098052263259888,0.9149629473686218,1.0,1.0,1.0,0.7086349725723267,-0.15366306900978088,-0.157827690243721,-0.2802974283695221,0.0,0.5838769674301147,3.4800000190734863,0.0,0.8512864112854004,0.5838769674301147,715.0,2.8685007095336914,0.5617996454238892,CW_SLOW,1.0,0.0
715,46.85807228088379,-0.1538967788219452,-0.004784692078828812,0.0,3.4800000190734863,0.6089869141578674,0.9999992251396179,0.6318802237510681,0.9275398850440979,1.0,1.0,1.0,0.7251160144805908,-0.1538967788219452,-0.15796995162963867,-0.27414265275001526,0.0,0.6089869141578674,3.4800000190734863,0.0,0.8512864112854004,0.6089869141578674,716.0,2.6752102375030518,0.5617996454238892,CW_SLOW,1.0,0.0
716,25.21991729736328,-0.17556771636009216,0.0001885662495624274,0.0,3.4800000190734863,0.6494709849357605,0.9999992847442627,0.6835135817527771,0.9003902673721313,1.0,1.0,1.0,0.7262669801712036,-0.17556771636009216,-0.17540718615055084,0.010804050602018833,0.0,0.6494709849357605,3.4800000190734863,0.0,0.8512864112854004,0.6494709849357605,717.0,2.7226920127868652,0.5613653063774109,CW_SLOW,1.0,0.0
717,34.422874450683594,-0.17423881590366364,-0.0005446696886792779,0.0,3.4800000190734863,0.7036923766136169,0.9999992847442627,0.711993396282196,0.9766830801963806,1.0,1.0,1.0,0.7281010150909424,-0.17423881590366364,-0.1747024804353714,-0.03120727464556694,0.0,0.7036923766136169,3.4800000190734863,0.0,0.8512864112854004,0.7036923766136169,718.0,2.502342939376831,0.5613653063774109,CW_SLOW,1.0,0.0
718,25.3143310546875,-0.17179860174655914,0.001446062815375626,0.0,3.4800000190734863,0.7206573486328125,0.9999993443489075,0.7472560405731201,0.9288103580474854,1.0,1.0,1.0,0.7325789928436279,-0.17179860174655914,-0.170567587018013,0.0828532949090004,0.0,0.7206573486328125,3.4800000190734863,0.0,0.8512864112854004,0.7206573486328125,719.0,2.502342939376831,0.5614737868309021,CW_SLOW,1.0,0.0
719,24.75142478942871,-0.1756443977355957,3.790017944993451e-05,0.0,3.4800000190734863,0.725361168384552,0.9999993443489075,0.7713371515274048,0.8807894587516785,1.0,1.0,1.0,0.7195649743080139,-0.1756443977355957,-0.17561213672161102,0.0021715203765779734,0.0,0.725361168384552,3.4800000190734863,0.0,0.8512864112854004,0.725361168384552,720.0,2.345794677734375,0.561691164970398,CW_SLOW,1.0,0.0
720,25.869131088256836,-0.17485859990119934,0.002918899990618229,0.0,3.4800000190734863,0.803681492805481,0.9999994039535522,0.8408196568489075,0.9116624593734741,1.0,1.0,0.0,1.7206820249557495,-0.17485859990119934,-0.17237377166748047,0.16724064946174622,0.0,0.803681492805481,3.4800000190734863,0.0,0.8512864112854004,0.803681492805481,721.0,2.4231045246124268,0.5617996454238892,CW_SLOW,1.0,0.0
721,24.791240692138672,-0.17973580956459045,-0.0033448764588683844,0.0,3.4800000190734863,0.8658081293106079,0.999999463558197,0.9001696109771729,0.923656165599823,1.0,1.0,1.0,0.7162690162658691,-0.17973580956459045,-0.1825832724571228,-0.19164730608463287,0.0,0.8658081293106079,3.4800000190734863,0.0,0.8512864112854004,0.8658081293106079,722.0,2.3464813232421875,-1.0,CW_SLOW,1.0,0.0
722,26.783466339111328,-0.18265371024608612,-0.003753150114789605,0.0,3.4800000190734863,0.8926409482955933,0.999999463558197,0.9193900227546692,0.9418118000030518,1.0,1.0,1.0,0.7515349984169006,-0.18265371024608612,-0.18584872782230377,-0.21503965556621552,0.0,0.8926409482955933,3.4800000190734863,0.0,0.8512864112854004,0.8926409482955933,723.0,2.200411081314087,-1.0,CW_SLOW,1.0,0.0
723,24.95551109313965,-0.16727891564369202,-0.005575372371822596,0.0,3.4800000190734863,0.9406452775001526,0.999999463558197,0.9720212817192078,0.9354421496391296,1.0,1.0,1.0,0.7289919853210449,-0.16727891564369202,-0.17202520370483398,-0.31944531202316284,0.0,0.9406452775001526,3.4800000190734863,0.0,0.8512864112854004,0.9406452775001526,724.0,2.0698633193969727,-1.0,CW_SLOW,1.0,0.0
724,25.135517120361328,-0.16404849290847778,-0.006692809052765369,0.0,3.4800000190734863,0.9797408580780029,0.999999463558197,0.9884848594665527,0.9823086857795715,1.0,1.0,1.0,0.7142050266265869,-0.16404849290847778,-0.16974607110023499,-0.38346970081329346,0.0,0.9797408580780029,3.4800000190734863,0.0,0.8512864112854004,0.9797408580780029,725.0,2.068183183670044,-1.0,CW_SLOW,1.0,0.0
725,24.61099624633789,-0.1817728877067566,-0.00331568019464612,0.0,3.4800000190734863,0.9868830442428589,0.999999463558197,0.9957431554794312,0.9822045564651489,1.0,1.0,1.0,0.7454130053520203,-0.1817728877067566,-0.1845954954624176,-0.18997448682785034,0.0,0.9868830442428589,3.4800000190734863,0.0,0.8512864112854004,0.9868830442428589,726.0,1.9465503692626953,-1.0,CW_SLOW,1.0,0.0
726,24.91903305053711,-0.18696783483028412,-0.0010434187715873122,0.0,3.4800000190734863,0.9874459505081177,0.999999463558197,0.9990731477737427,0.9767245054244995,1.0,1.0,1.0,0.726127028465271,-0.18696783483028412,-0.18785607814788818,-0.05978349223732948,0.0,0.9874459505081177,3.4800000190734863,0.0,0.8512864112854004,0.9874459505081177,727.0,1.9461469650268555,-1.0,CW_SLOW,1.0,0.0
727,27.219057083129883,-0.18635500967502594,-0.0009486962226219475,0.0,3.4800000190734863,0.9874977469444275,0.999999463558197,0.9988564848899841,0.9772569537162781,1.0,1.0,1.0,0.7428579926490784,-0.18635500967502594,-0.1871626228094101,-0.05435628816485405,0.0,0.9874977469444275,3.4800000190734863,0.0,0.8512864112854004,0.9874977469444275,728.0,1.8335344791412354,-1.0,CW_SLOW,1.0,0.0
728,24.706125259399414,-0.18536537885665894,0.0006172594730742276,0.0,3.4800000190734863,0.9868026971817017,0.999999463558197,0.9986015558242798,0.9763697981834412,1.0,1.0,1.0,0.7216089963912964,-0.18536537885665894,-0.18483991920948029,0.03536636382341385,0.0,0.9868026971817017,3.4800000190734863,0.0,0.8512864112854004,0.9868026971817017,729.0,1.7293155193328857,-1.0,CW_SLOW,1.0,0.0
729,24.650096893310547,-0.18223600089550018,0.0033204553183168173,0.0,3.4800000190734863,0.9865513443946838,0.999999463558197,0.9974744319915771,0.9780989289283752,1.0,1.0,1.0,0.7107089757919312,-0.18223600089550018,-0.17940932512283325,0.19024807214736938,0.0,0.9865513443946838,3.4800000190734863,0.0,0.8512864112854004,0.9865513443946838,730.0,1.7812200784683228,-1.0,CW_SLOW,1.0,0.0
730,24.652481079101562,-0.17745141685009003,0.0031779634300619364,0.0,3.4800000190734863,0.9850885272026062,0.999999463558197,0.9973343014717102,0.9754434823989868,1.0,1.0,1.0,0.7378290295600891,-0.17745141685009003,-0.1747460514307022,0.1820838898420334,0.0,0.9850885272026062,3.4800000190734863,0.0,0.8512864112854004,0.9850885272026062,731.0,1.6805542707443237,-1.0,CW_SLOW,1.0,0.0
731,25.59828758239746,-0.20494690537452698,5.856376446899958e-05,0.0,3.4800000190734863,0.9881564974784851,0.999999463558197,0.9999110102653503,0.9764893651008606,1.0,1.0,1.0,0.7201859951019287,-0.20494690537452698,-0.20489704608917236,0.00335545651614666,0.0,0.9881564974784851,3.4800000190734863,0.0,0.8512864112854004,0.9881564974784851,732.0,1.5419405698776245,-1.0,CW_SLOW,1.0,0.0
732,29.412031173706055,-0.20633769035339355,0.0030130259692668915,0.0,3.4800000190734863,0.983952522277832,0.999999463558197,0.9967472553253174,0.974327564239502,1.0,1.0,1.0,0.7456240057945251,-0.20633769035339355,-0.20377273857593536,0.17263367772102356,0.0,0.983952522277832,3.4800000190734863,0.0,0.8512864112854004,0.983952522277832,733.0,1.5873761177062988,-1.0,CW_SLOW,1.0,0.0
733,30.63344955444336,-0.1894558221101761,0.0015594086144119501,0.0,3.4800000190734863,0.9886492490768433,0.999999463558197,0.9999511241912842,0.9773955345153809,1.0,1.0,1.0,0.7232310175895691,-0.1894558221101761,-0.18812832236289978,0.08934753388166428,0.0,0.9886492490768433,3.4800000190734863,0.0,0.8512864112854004,0.9886492490768433,734.0,1.377748727798462,-1.0,CW_SLOW,1.0,0.0
734,33.30540657043457,-0.18635769188404083,0.003078922862187028,0.0,3.4800000190734863,0.9875171780586243,0.999999463558197,0.9995269775390625,0.9759695529937744,1.0,1.0,1.0,0.72564697265625,-0.18635769188404083,-0.1837366372346878,0.1764092892408371,0.0,0.9875171780586243,3.4800000190734863,0.0,0.8512864112854004,0.9875171780586243,735.0,1.303480863571167,-1.0,CW_SLOW,1.0,0.0
735,34.26194190979004,-0.1909775286912918,0.00013577358913607895,0.0,3.4800000190734863,0.9886326193809509,0.999999463558197,0.99992436170578,0.9774152040481567,1.0,1.0,0.0,1.712386965751648,-0.1909775286912918,-0.19086194038391113,0.007779253646731377,0.0,0.9886326193809509,3.4800000190734863,0.0,0.8512864112854004,0.9886326193809509,736.0,-1.0,-1.0,CW_SLOW,1.0,0.0
736,36.95511817932129,-0.19627134501934052,0.0031027784571051598,0.0,3.4800000190734863,0.9635606408119202,0.999999463558197,0.9874536395072937,0.951607346534729,1.0,1.0,1.0,0.7290419936180115,-0.19627134501934052,-0.19362998008728027,0.17777611315250397,0.0,0.9635606408119202,3.4800000190734863,0.0,0.8512864112854004,0.9635606408119202,737.0,1.1675846576690674,-1.0,CW_SLOW,1.0,0.0
737,40.6341552734375,-0.19428706169128418,0.0018625515513122082,0.0,3.4800000190734863,0.9656938314437866,0.999999463558197,0.9885529279708862,0.953752875328064,1.0,1.0,1.0,0.7294729948043823,-0.19428706169128418,-0.19270148873329163,0.1067163422703743,0.0,0.9656938314437866,3.4800000190734863,0.0,0.8512864112854004,0.9656938314437866,738.0,1.1382430791854858,-1.0,CW_SLOW,1.0,0.0
738,39.296865463256836,-0.19009172916412354,0.0009702398674562573,0.0,3.4800000190734863,0.9655382633209229,0.999999463558197,0.9882035851478577,0.9541288018226624,1.0,1.0,1.0,0.7465360164642334,-0.19009172916412354,-0.18926577270030975,0.05559064820408821,0.0,0.9655382633209229,3.4800000190734863,0.0,0.8512864112854004,0.9655382633209229,739.0,-1.0,-1.0,CW_SLOW,1.0,0.0
739,42.45162010192871,-0.19350118935108185,0.0017718017334118485,0.0,3.4800000190734863,0.9881965517997742,0.999999463558197,0.9996407628059387,0.9771038293838501,1.0,1.0,1.0,0.7164989709854126,-0.19350118935108185,-0.1919928789138794,0.10151676088571548,0.0,0.9881965517997742,3.4800000190734863,0.0,0.8512864112854004,0.9881965517997742,740.0,0.938344419002533,-1.0,CW_SLOW,1.0,0.0
740,44.2960262298584,-0.19712471961975098,0.0013485070085152984,0.0,3.4800000190734863,0.9884629845619202,0.999999463558197,0.9999083280563354,0.97710782289505,1.0,1.0,1.0,0.7355849742889404,-0.19712471961975098,-0.19597674906253815,0.07726375758647919,0.0,0.9884629845619202,3.4800000190734863,0.0,0.8512864112854004,0.9884629845619202,741.0,-1.0,-1.0,CW_SLOW,1.0,0.0
741,24.81985092163086,-0.19473108649253845,0.0006599669577553868,0.0,3.4800000190734863,0.9880433678627014,0.999999463558197,0.9994054436683655,0.9772627949714661,1.0,1.0,1.0,0.7269989848136902,-0.19473108649253845,-0.19416926801204681,0.03781332075595856,0.0,0.9880433678627014,3.4800000190734863,0.0,0.8512864112854004,0.9880433678627014,742.0,-1.0,-1.0,CW_SLOW,1.0,0.0
742,48.989057540893555,-0.19478584825992584,0.001823080820031464,0.0,3.4800000190734863,0.9876284003257751,0.999999463558197,0.9986299872398376,0.9779672026634216,1.0,1.0,1.0,0.7245039939880371,-0.19478584825992584,-0.19323387742042542,0.10445483773946762,0.0,0.9876284003257751,3.4800000190734863,0.0,0.8512864112854004,0.9876284003257751,743.0,-1.0,-1.0,CW_SLOW,1.0,0.0
743,24.65200424194336,-0.19709153473377228,0.0010375430574640632,0.0,3.4800000190734863,0.9881541728973389,0.999999463558197,0.9988215565681458,0.978640615940094,1.0,1.0,1.0,0.7224799990653992,-0.19709153473377228,-0.19620828330516815,0.05944683775305748,0.0,0.9881541728973389,3.4800000190734863,0.0,0.8512864112854004,0.9881541728973389,744.0,-1.0,-1.0,CW_SLOW,1.0,0.0
744,24.749279022216797,-0.1987580507993698,0.001379328197799623,0.0,3.4800000190734863,0.9872353672981262,0.999999463558197,0.9980408549308777,0.9783471822738647,1.0,1.0,1.0,0.7187640070915222,-0.1987580507993698,-0.19758383929729462,0.07902968674898148,0.0,0.9872353672981262,3.4800000190734863,0.0,0.8512864112854004,0.9872353672981262,745.0,-1.0,-1.0,PASS,2.0,0.0
745,25.092124938964844,-0.21457207202911377,0.004370119888335466,0.0,3.4800000190734863,0.9840138554573059,0.999999463558197,0.9946708083152771,0.9785723686218262,1.0,1.0,1.0,0.7359849810600281,-0.21457207202911377,-0.21085181832313538,0.25038942694664,0.0,0.9840138554573059,3.4800000190734863,0.0,0.8512864112854004,0.9840138554573059,746.0,-1.0,-1.0,PASS,2.0,0.0
746,24.80173110961914,-0.20793889462947845,0.0023540426045656204,0.0,3.4800000190734863,0.9837505221366882,0.999999463558197,0.9962975978851318,0.9748131036758423,1.0,1.0,1.0,0.7127029895782471,-0.20793889462947845,-0.20593492686748505,0.13487671315670013,0.0,0.9837505221366882,3.4800000190734863,0.0,0.8512864112854004,0.9837505221366882,747.0,-1.0,-1.0,PASS,2.0,0.0
747,25.968313217163086,-0.20979343354701996,0.0031793308444321156,0.0,3.4800000190734863,0.9837550520896912,0.999999463558197,0.9974173307418823,0.9726051688194275,1.0,1.0,1.0,0.7273989915847778,-0.20979343354701996,-0.20708690583705902,0.18216224014759064,0.0,0.9837550520896912,3.4800000190734863,0.0,0.8512864112854004,0.9837550520896912,748.0,-1.0,-1.0,PASS,2.0,0.0
748,26.04389190673828,-0.2064712643623352,-0.0031848466023802757,0.0,3.4800000190734863,0.9885991215705872,0.999999463558197,0.9995580315589905,0.9780728816986084,1.0,1.0,1.0,0.7298439741134644,-0.2064712643623352,-0.2091824859380722,-0.18247826397418976,0.0,0.9885991215705872,3.4800000190734863,0.0,0.8512864112854004,0.9885991215705872,749.0,-1.0,-1.0,PASS,2.0,0.0
749,25.260448455810547,-0.20617756247520447,-0.003884105710312724,0.0,3.4800000190734863,0.9889350533485413,0.999999463558197,0.9997831583023071,0.9782994985580444,1.0,1.0,1.0,0.7307760119438171,-0.20617756247520447,-0.2094840705394745,-0.222542867064476,0.0,0.9889350533485413,3.4800000190734863,0.0,0.8512864112854004,0.9889350533485413,750.0,-1.0,-1.0,PASS,2.0,0.0
750,25.683164596557617,-0.20114856958389282,-0.0026269627269357443,0.0,3.4800000190734863,0.9880589842796326,0.9991951584815979,0.9987610578536987,0.9793660640716553,1.0,1.0,0.0,1.6831929683685303,-0.20114856958389282,-0.2033848762512207,-0.15051387250423431,0.0,0.9880589842796326,3.4800000190734863,0.0,0.8512864112854004,0.9880589842796326,751.0,-1.0,-1.0,PASS,2.0,0.0
751,25.91848373413086,-0.20218397676944733,-0.002577550709247589,0.0,3.4800000190734863,0.9888712763786316,0.999999463558197,0.9998870491981506,0.9779664874076843,1.0,1.0,1.0,0.715507984161377,-0.20218397676944733,-0.20437821745872498,-0.1476827710866928,0.0,0.9888712763786316,3.4800000190734863,0.0,0.8512864112854004,0.9888712763786316,752.0,-1.0,-1.0,PASS,2.0,0.0
752,26.996135711669922,-0.20117521286010742,-0.0028968125116080046,0.0,3.4800000190734863,0.988940954208374,0.999999463558197,1.0,0.977882444858551,1.0,1.0,1.0,0.7501109838485718,-0.20117521286010742,-0.20364123582839966,-0.16597512364387512,0.0,0.988940954208374,3.4800000190734863,0.0,0.8512864112854004,0.988940954208374,753.0,-1.0,-1.0,PASS,2.0,0.0
753,25.88367462158203,-0.2010449469089508,-0.0030593161936849356,0.0,3.4800000190734863,0.9888851642608643,0.999999463558197,0.9990550875663757,0.979641318321228,1.0,1.0,1.0,0.7428479790687561,-0.2010449469089508,-0.20364931225776672,-0.17528590559959412,0.0,0.9888851642608643,3.4800000190734863,0.0,0.8512864112854004,0.9888851642608643,754.0,-1.0,-1.0,PASS,2.0,0.0
754,24.13153648376465,-0.18539470434188843,-0.0060838074423372746,0.0,3.4800000190734863,0.988193929195404,0.999999463558197,0.997623085975647,0.9810972213745117,1.0,1.0,1.0,0.7612019777297974,-0.18539470434188843,-0.1905738264322281,-0.34857648611068726,0.0,0.988193929195404,3.4800000190734863,0.0,0.8512864112854004,0.988193929195404,755.0,-1.0,-1.0,PASS,2.0,0.0
755,24.784326553344727,-0.18603086471557617,-0.004557671491056681,0.0,3.4800000190734863,0.9881200194358826,0.999999463558197,0.9972826242446899,0.9816253185272217,1.0,1.0,1.0,0.7423170208930969,-0.18603086471557617,-0.18991076946258545,-0.2611353397369385,0.0,0.9881200194358826,3.4800000190734863,0.0,0.8512864112854004,0.9881200194358826,756.0,-1.0,-1.0,PASS,2.0,0.0
756,26.332855224609375,-0.20460952818393707,-0.004035824444144964,0.0,3.4800000190734863,0.9888708591461182,0.999999463558197,0.9995458126068115,0.9786409735679626,1.0,1.0,1.0,0.7325090169906616,-0.20460952818393707,-0.20804518461227417,-0.23123571276664734,0.0,0.9888708591461182,3.4800000190734863,0.0,0.8512864112854004,0.9888708591461182,757.0,-1.0,-1.0,PASS,2.0,0.0
757,28.185129165649414,-0.1905774027109146,-0.004380159545689821,0.0,3.4800000190734863,0.9888614416122437,0.999999463558197,0.9991596341133118,0.9793868064880371,1.0,1.0,1.0,0.7355949878692627,-0.1905774027109146,-0.19430619478225708,-0.2509646415710449,0.0,0.9888614416122437,3.4800000190734863,0.0,0.8512864112854004,0.9888614416122437,758.0,-1.0,-1.0,PASS,2.0,0.0
758,27.421951293945312,-0.2020239681005478,-0.0036465905141085386,0.0,3.4800000190734863,0.9888153672218323,0.999999463558197,0.9992871880531311,0.9790419340133667,1.0,1.0,1.0,0.7236629724502563,-0.2020239681005478,-0.2051282674074173,-0.2089342474937439,0.0,0.9888153672218323,3.4800000190734863,0.0,0.8512864112854004,0.9888153672218323,759.0,-1.0,-1.0,PASS,2.0,0.0
759,31.823158264160156,-0.20020657777786255,-0.00210500112734735,0.0,3.4800000190734863,0.9889112710952759,0.999999463558197,0.9995530247688293,0.978707492351532,1.0,1.0,1.0,0.7250750064849854,-0.20020657777786255,-0.2019985318183899,-0.12060768157243729,0.0,0.9889112710952759,3.4800000190734863,0.0,0.8512864112854004,0.9889112710952759,760.0,-1.0,-1.0,PASS,2.0,0.0
760,34.97171401977539,-0.20077690482139587,-0.0026029509026557207,0.0,3.4800000190734863,0.98900306224823,0.999999463558197,0.9996148943901062,0.9787687063217163,1.0,1.0,1.0,0.744562029838562,-0.20077690482139587,-0.2029927670955658,-0.14913810789585114,0.0,0.98900306224823,3.4800000190734863,0.0,0.8512864112854004,0.98900306224823,761.0,-1.0,-1.0,PASS,2.0,0.0
761,38.01393508911133,-0.2021622508764267,-0.0029064256232231855,0.0,3.4800000190734863,0.988671600818634,0.999999463558197,1.0,0.9773436784744263,1.0,1.0,1.0,0.7168800234794617,-0.2021622508764267,-0.20463645458221436,-0.1665259152650833,0.0,0.988671600818634,3.4800000190734863,0.0,0.8512864112854004,0.988671600818634,762.0,-1.0,-1.0,PASS,2.0,0.0
762,40.06505012512207,-0.20156484842300415,-0.0028395510744303465,0.0,3.4800000190734863,0.9888712167739868,0.999999463558197,1.0,0.9777429103851318,1.0,1.0,1.0,0.7351239919662476,-0.20156484842300415,-0.2039821296930313,-0.1626942902803421,0.0,0.9888712167739868,3.4800000190734863,0.0,0.8512864112854004,0.9888712167739868,763.0,-1.0,-1.0,PASS,2.0,0.0
763,41.08715057373047,-0.19781368970870972,-0.0022515105083584785,0.0,3.4800000190734863,0.9888715147972107,0.999999463558197,1.0,0.9777435064315796,1.0,1.0,1.0,0.7204959988594055,-0.19781368970870972,-0.19973036646842957,-0.12900204956531525,0.0,0.9888715147972107,3.4800000190734863,0.0,0.8512864112854004,0.9888715147972107,764.0,-1.0,-1.0,PASS,2.0,0.0
764,42.609453201293945,-0.18440788984298706,-0.004531001206487417,0.0,3.4800000190734863,0.9886841773986816,0.999999463558197,1.0,0.9773688912391663,1.0,1.0,1.0,0.7331100106239319,-0.18440788984298706,-0.1882651001214981,-0.2596072554588318,0.0,0.9886841773986816,3.4800000190734863,0.0,0.8512864112854004,0.9886841773986816,765.0,-1.0,-1.0,PASS,2.0,0.0
765,37.85824775695801,-0.1862182319164276,-0.0043837567791342735,0.0,3.4800000190734863,0.9886988401412964,0.999999463558197,0.9998916387557983,0.9776124954223633,1.0,1.0,0.0,1.6953860521316528,-0.1862182319164276,-0.189950093626976,-0.2511707544326782,0.0,0.9886988401412964,3.4800000190734863,0.0,0.8512864112854004,0.9886988401412964,766.0,-1.0,-1.0,PASS,2.0,0.0
766,40.04311561584473,-0.18195733428001404,-0.007080100476741791,0.0,3.4800000190734863,0.9887117147445679,0.999999463558197,0.9992058873176575,0.9789955019950867,1.0,1.0,1.0,0.7088149785995483,-0.18195733428001404,-0.1879846304655075,-0.40565988421440125,0.0,0.9887117147445679,3.4800000190734863,0.0,0.8512864112854004,0.9887117147445679,767.0,-1.0,-1.0,PASS,2.0,0.0
767,43.7164306640625,-0.18295614421367645,-0.010476786643266678,0.0,3.4800000190734863,0.9886950254440308,0.999999463558197,0.9989179372787476,0.9795324802398682,1.0,1.0,1.0,0.7328000068664551,-0.18295614421367645,-0.19187521934509277,-0.6002756357192993,0.0,0.9886950254440308,3.4800000190734863,0.0,0.8512864112854004,0.9886950254440308,768.0,-1.0,-1.0,PASS,2.0,0.0
768,41.49365425109863,-0.1779056191444397,-0.00688070897012949,0.0,3.4800000190734863,0.9881324768066406,0.999999463558197,0.9979938268661499,0.9802380800247192,1.0,1.0,1.0,0.7302950024604797,-0.1779056191444397,-0.18376316130161285,-0.3942355811595917,0.0,0.9881324768066406,3.4800000190734863,0.0,0.8512864112854004,0.9881324768066406,769.0,-1.0,-1.0,PASS,2.0,0.0
769,43.80941390991211,-0.17582163214683533,-0.007254236377775669,0.0,3.4800000190734863,0.9881366491317749,0.999999463558197,0.997393012046814,0.9814394116401672,1.0,1.0,1.0,0.7225300073623657,-0.17582163214683533,-0.1819971799850464,-0.41563713550567627,0.0,0.9881366491317749,3.4800000190734863,0.0,0.8512864112854004,0.9881366491317749,770.0,-1.0,-1.0,PASS,2.0,0.0
770,46.29015922546387,-0.18343988060951233,-0.004972025286406279,0.0,3.4800000190734863,0.9840509295463562,0.999999463558197,0.986329197883606,0.9953807592391968,1.0,1.0,1.0,0.7500619888305664,-0.18343988060951233,-0.18767252564430237,-0.2848760783672333,0.0,0.9840509295463562,3.4800000190734863,0.0,0.8512864112854004,0.9840509295463562,771.0,-1.0,-1.0,PASS,2.0,0.0
771,24.709701538085938,-0.1836925446987152,-0.005233726929873228,0.0,3.4800000190734863,0.9839401841163635,0.999999463558197,0.9862268567085266,0.9953632950782776,1.0,1.0,1.0,0.7381600141525269,-0.1836925446987152,-0.18814799189567566,-0.29987046122550964,0.0,0.9839401841163635,3.4800000190734863,0.0,0.8512864112854004,0.9839401841163635,772.0,-1.0,-1.0,PASS,2.0,0.0
772,27.26888656616211,-0.18532563745975494,-0.005544175393879414,0.0,3.4800000190734863,0.9842173457145691,0.999999463558197,0.9863584637641907,0.9956590533256531,1.0,1.0,1.0,0.7547810077667236,-0.18532563745975494,-0.19004537165164948,-0.31765785813331604,0.0,0.9842173457145691,3.4800000190734863,0.0,0.8512864112854004,0.9842173457145691,773.0,-1.0,-1.0,PASS,2.0,0.0
773,24.791717529296875,-0.1856270581483841,-0.00589256826788187,0.0,3.4800000190734863,0.9842162132263184,0.999999463558197,0.9863690733909607,0.9956353306770325,1.0,1.0,1.0,0.734142005443573,-0.1856270581483841,-0.19064338505268097,-0.3376193046569824,0.0,0.9842162132263184,3.4800000190734863,0.0,0.8512864112854004,0.9842162132263184,774.0,-1.0,-1.0,PASS,2.0,0.0
774,24.355411529541016,-0.1817042976617813,-0.005902619566768408,0.0,3.4800000190734863,0.9448708295822144,0.999999463558197,0.9664701223373413,0.9553031921386719,1.0,1.0,1.0,0.7391719818115234,-0.1817042976617813,-0.18672917783260345,-0.33819517493247986,0.0,0.9448708295822144,3.4800000190734863,0.0,0.8512864112854004,0.9448708295822144,775.0,-1.0,-1.0,PASS,2.0,0.0
775,24.930953979492188,-0.1903819739818573,-0.012254380621016026,0.0,3.4800000190734863,0.9888280630111694,0.999999463558197,0.9987185001373291,0.9801942110061646,1.0,1.0,1.0,0.7564039826393127,-0.1903819739818573,-0.20081448554992676,-0.702124297618866,0.0,0.9888280630111694,3.4800000190734863,0.0,0.8512864112854004,0.9888280630111694,776.0,-1.0,-1.0,PASS,2.0,0.0
776,26.643991470336914,-0.1938500851392746,-0.012516397051513195,0.0,3.4800000190734863,0.9404315948486328,0.999999463558197,0.9641751050949097,0.9507490396499634,1.0,1.0,1.0,2.7532780170440674,-0.1938500851392746,-0.20450568199157715,-0.7171367406845093,0.0,0.9404315948486328,3.4800000190734863,0.0,0.8512864112854004,0.9404315948486328,777.0,-1.0,-1.0,PASS,2.0,0.0
777,26.21769905090332,-0.17859163880348206,-0.01502633560448885,0.0,3.4800000190734863,0.9878646731376648,0.999999463558197,0.9933909177780151,0.9888744950294495,1.0,1.0,1.0,0.7578570246696472,-0.17859163880348206,-0.19138431549072266,-0.8609455823898315,0.0,0.9878646731376648,3.4800000190734863,0.0,0.8512864112854004,0.9878646731376648,778.0,-1.0,-1.0,PASS,2.0,0.0
778,25.960683822631836,-0.1766383945941925,-0.013806182891130447,0.0,3.4800000190734863,0.9036682844161987,0.999999463558197,0.944826602935791,0.9128769636154175,1.0,1.0,1.0,0.7427380084991455,-0.1766383945941925,-0.18839216232299805,-0.7910360097885132,0.0,0.9036682844161987,3.4800000190734863,0.0,0.8512864112854004,0.9036682844161987,779.0,-1.0,-1.0,PASS,2.0,0.0
779,42.53077507019043,-0.17608289420604706,-0.014843126758933067,0.0,3.4800000190734863,0.9032949209213257,0.999999463558197,0.9447116851806641,0.9123191833496094,1.0,1.0,1.0,0.7359049916267395,-0.17608289420604706,-0.18871957063674927,-0.850448489189148,0.0,0.9032949209213257,3.4800000190734863,0.0,0.8512864112854004,0.9032949209213257,780.0,-1.0,-1.0,PASS,2.0,0.0
780,28.269290924072266,-0.18786457180976868,-0.010865382850170135,0.0,3.4800000190734863,0.9059200286865234,0.999999463558197,0.9462452530860901,0.9147683382034302,1.0,1.0,0.0,2.316939115524292,-0.18786457180976868,-0.1971144825220108,-0.6225405931472778,0.0,0.9059200286865234,3.4800000190734863,0.0,0.8512864112854004,0.9059200286865234,781.0,-1.0,-1.0,PASS,2.0,0.0
781,25.94137191772461,-0.1895052045583725,-0.010337685234844685,0.0,3.4800000190734863,0.9061083793640137,0.999999463558197,0.9465831518173218,0.9144829511642456,1.0,1.0,1.0,0.7497220039367676,-0.1895052045583725,-0.19830584526062012,-0.5923057198524475,0.0,0.9061083793640137,3.4800000190734863,0.0,0.8512864112854004,0.9061083793640137,782.0,-1.0,-1.0,PASS,2.0,0.0
782,26.412010192871094,-0.18599697947502136,-0.007833647541701794,0.0,3.4800000190734863,0.8685312271118164,0.999999463558197,0.9265081286430359,0.8748490810394287,1.0,1.0,1.0,0.8461700081825256,-0.18599697947502136,-0.19266580045223236,-0.44883495569229126,0.0,0.8685312271118164,3.4800000190734863,0.0,0.8512864112854004,0.8685312271118164,783.0,-1.0,-1.0,PASS,2.0,0.0
783,26.578187942504883,-0.18542127311229706,-0.007332615088671446,0.0,3.4800000190734863,0.8686403632164001,0.999999463558197,0.926500141620636,0.8751007914543152,1.0,1.0,1.0,0.7238330245018005,-0.18542127311229706,-0.19166353344917297,-0.42012789845466614,0.0,0.8686403632164001,3.4800000190734863,0.0,0.8512864112854004,0.8686403632164001,784.0,-1.0,-1.0,PASS,2.0,0.0
784,26.189565658569336,-0.18672923743724823,-0.008124285377562046,0.0,3.4800000190734863,0.8686286807060242,0.999999463558197,0.9263481497764587,0.8753833174705505,1.0,1.0,1.0,0.7403429746627808,-0.18672923743724823,-0.19364547729492188,-0.4654872715473175,0.0,0.8686286807060242,3.4800000190734863,0.0,0.8512864112854004,0.8686286807060242,785.0,-1.0,-1.0,PASS,2.0,0.0
785,25.130748748779297,-0.18679499626159668,-0.0071692029014229774,0.0,3.4800000190734863,0.8686144948005676,0.999999463558197,0.9264122843742371,0.8752228021621704,1.0,1.0,1.0,0.7361260056495667,-0.18679499626159668,-0.19289813935756683,-0.4107650816440582,0.0,0.8686144948005676,3.4800000190734863,0.0,0.8512864112854004,0.8686144948005676,786.0,-1.0,-1.0,PASS,2.0,0.0
786,25.162458419799805,-0.18543273210525513,-0.00531621091067791,0.0,3.4800000190734863,0.8360161781311035,0.999999463558197,0.908944308757782,0.839532732963562,1.0,1.0,1.0,0.7380189895629883,-0.18543273210525513,-0.189958393573761,-0.3045964539051056,0.0,0.8360161781311035,3.4800000190734863,0.0,0.8512864112854004,0.8360161781311035,787.0,-1.0,-1.0,PASS,2.0,0.0
787,25.531530380249023,-0.18435488641262054,-0.00449330173432827,0.0,3.4800000190734863,0.8352336883544922,0.999999463558197,0.9085387587547302,0.8386313319206238,1.0,1.0,1.0,0.7410749793052673,-0.18435488641262054,-0.18817999958992004,-0.257447212934494,0.0,0.8352336883544922,3.4800000190734863,0.0,0.8512864112854004,0.8352336883544922,788.0,-1.0,-1.0,PASS,2.0,0.0
788,27.64725685119629,-0.18677805364131927,-0.0051609366200864315,0.0,3.4800000190734863,0.8355175256729126,0.999999463558197,0.908544659614563,0.8392441272735596,1.0,1.0,1.0,0.959559977054596,-0.18677805364131927,-0.1911715269088745,-0.2956998944282532,0.0,0.8355175256729126,3.4800000190734863,0.0,0.8512864112854004,0.8355175256729126,789.0,-1.0,-1.0,PASS,2.0,0.0
789,25.915145874023438,-0.18553131818771362,-0.004892335738986731,0.0,3.4800000190734863,0.8033540844917297,0.9999994039535522,0.8910796046257019,0.8031033277511597,1.0,1.0,1.0,0.7535079717636108,-0.18553131818771362,-0.18969613313674927,-0.28031018376350403,0.0,0.8033540844917297,3.4800000190734863,0.0,0.8512864112854004,0.8033540844917297,790.0,-1.0,-1.0,PASS,2.0,0.0
790,25.307416915893555,-0.18472322821617126,-0.004641024395823479,0.0,3.4800000190734863,0.8028478622436523,0.9999994039535522,0.8907003998756409,0.8027343153953552,1.0,1.0,1.0,0.7459539771080017,-0.18472322821617126,-0.18867409229278564,-0.2659111022949219,0.0,0.8028478622436523,3.4800000190734863,0.0,0.8512864112854004,0.8028478622436523,791.0,-1.0,-1.0,PASS,2.0,0.0
791,24.364233016967773,-0.18567705154418945,-0.009107192046940327,0.0,3.4800000190734863,0.7983256578445435,0.9999994039535522,0.8881351947784424,0.7977575659751892,1.0,1.0,1.0,0.7516549825668335,-0.18567705154418945,-0.193430095911026,-0.5218036770820618,0.0,0.7983256578445435,3.4800000190734863,0.0,0.8512864112854004,0.7983256578445435,792.0,-1.0,-1.0,PASS,2.0,0.0
792,24.953842163085938,-0.18466654419898987,-0.006641693878918886,0.0,3.4800000190734863,0.761936604976654,0.9999994039535522,0.8674936890602112,0.7566394805908203,1.0,1.0,1.0,0.7970190048217773,-0.18466654419898987,-0.19032061100006104,-0.38054102659225464,0.0,0.761936604976654,3.4800000190734863,0.0,0.8512864112854004,0.761936604976654,793.0,-1.0,-1.0,PASS,2.0,0.0
793,25.54607391357422,-0.18388965725898743,-0.006359484512358904,0.0,3.4800000190734863,0.761127233505249,0.9999994039535522,0.8669753670692444,0.7558225393295288,1.0,1.0,1.0,0.7405549883842468,-0.18388965725898743,-0.1893034726381302,-0.3643716275691986,0.0,0.761127233505249,3.4800000190734863,0.0,0.8512864112854004,0.761127233505249,794.0,-1.0,-1.0,PASS,2.0,0.0
794,27.645587921142578,-0.19470594823360443,0.0031136779580265284,0.0,3.4800000190734863,0.8494443297386169,0.999999463558197,0.9135115742683411,0.8597345948219299,1.0,1.0,1.0,0.7928820252418518,-0.19470594823360443,-0.19205531477928162,0.17840060591697693,0.0,0.8494443297386169,3.4800000190734863,0.0,0.8512864112854004,0.8494443297386169,795.0,-1.0,-1.0,PASS,2.0,0.0
795,31.31723403930664,-0.19867262244224548,0.0016487601678818464,0.0,3.4800000190734863,0.8327049612998962,0.999999463558197,0.905772864818573,0.8386622667312622,1.0,1.0,0.0,1.804718017578125,-0.19867262244224548,-0.19726905226707458,0.09446699917316437,0.0,0.8327049612998962,3.4800000190734863,0.0,0.8512864112854004,0.8327049612998962,796.0,-1.0,-1.0,PASS,2.0,0.0
796,30.204296112060547,-0.19605928659439087,0.004144502803683281,0.0,3.4800000190734863,0.8402533531188965,0.999999463558197,0.907161295413971,0.8524899482727051,1.0,1.0,1.0,0.7429789900779724,-0.19605928659439087,-0.19253110885620117,0.23746252059936523,0.0,0.8402533531188965,3.4800000190734863,0.0,0.8512864112854004,0.8402533531188965,797.0,-1.0,-1.0,PASS,2.0,0.0
797,33.44893455505371,-0.19290852546691895,0.0031043337658047676,0.0,3.4800000190734863,0.8088222742080688,0.9999994039535522,0.8907285928726196,0.8160918951034546,1.0,1.0,1.0,0.7374789714813232,-0.19290852546691895,-0.19026583433151245,0.17786522209644318,0.0,0.8088222742080688,3.4800000190734863,0.0,0.8512864112854004,0.8088222742080688,798.0,-1.0,-1.0,PASS,2.0,0.0
798,34.97314453125,-0.215183287858963,0.00699247233569622,0.0,3.4800000190734863,0.8127270936965942,0.9999994039535522,0.8939327001571655,0.8183188438415527,1.0,1.0,1.0,0.7474570274353027,-0.215183287858963,-0.20923058688640594,0.400639146566391,0.0,0.8127270936965942,3.4800000190734863,0.0,0.8512864112854004,0.8127270936965942,799.0,-1.0,-1.0,PASS,2.0,0.0
799,38.41257095336914,-0.21592211723327637,0.0059905401431024075,0.0,3.4800000190734863,0.7718837261199951,0.9999994039535522,0.87210613489151,0.7701605558395386,1.0,1.0,1.0,0.792510986328125,-0.21592211723327637,-0.21082238852977753,0.343232661485672,0.0,0.7718837261199951,3.4800000190734863,0.0,0.8512864112854004,0.7718837261199951,800.0,-1.0,-1.0,PASS,2.0,0.0
800,38.17033767700195,-0.21356357634067535,0.0066010779701173306,0.0,3.4800000190734863,0.8026811480522156,0.9999994039535522,0.8886157870292664,0.8065881729125977,1.0,1.0,1.0,0.7580369710922241,-0.21356357634067535,-0.2079440802335739,0.37821391224861145,0.0,0.8026811480522156,3.4800000190734863,0.0,0.8512864112854004,0.8026811480522156,801.0,-1.0,-1.0,PASS,2.0,0.0
801,43.20216178894043,-0.21598705649375916,0.005268952343612909,0.0,3.4800000190734863,0.7946169376373291,0.9999994039535522,0.8845385313034058,0.7966817617416382,1.0,1.0,1.0,0.7316979765892029,-0.21598705649375916,-0.21150162816047668,0.30188873410224915,0.0,0.7946169376373291,3.4800000190734863,0.0,0.8512864112854004,0.7946169376373291,802.0,-1.0,-1.0,PASS,2.0,0.0
802,48.36320877075195,-0.21487677097320557,0.004489685874432325,0.0,3.4800000190734863,0.7586708664894104,0.9999994039535522,0.8649247288703918,0.7543054819107056,1.0,1.0,1.0,0.7644479870796204,-0.21487677097320557,-0.2110547423362732,0.25724005699157715,0.0,0.7586708664894104,3.4800000190734863,0.0,0.8512864112854004,0.7586708664894104,803.0,-1.0,-1.0,PASS,2.0,0.0
803,24.37877655029297,-0.21309375762939453,0.006910808850079775,0.0,3.4800000190734863,0.7190011143684387,0.9999994039535522,0.8418781161308289,0.7080888152122498,1.0,1.0,1.0,0.7371379733085632,-0.21309375762939453,-0.20721058547496796,0.3959601819515228,0.0,0.7190011143684387,3.4800000190734863,0.0,0.8512864112854004,0.7190011143684387,804.0,-1.0,-1.0,PASS,2.0,0.0
804,27.43363380432129,-0.21451780200004578,0.004433870781213045,0.0,3.4800000190734863,0.7575716972351074,0.9999994039535522,0.8629614114761353,0.7557492256164551,1.0,1.0,1.0,0.7438099980354309,-0.21451780200004578,-0.2107432782649994,0.2540420889854431,0.0,0.7575716972351074,3.4800000190734863,0.0,0.8512864112854004,0.7575716972351074,805.0,-1.0,-1.0,PASS,2.0,0.0
805,24.99675750732422,-0.1934480518102646,-0.008934753946959972,0.0,3.4800000190734863,0.5858771800994873,0.9999993443489075,0.7607859969139099,0.5401896238327026,1.0,1.0,1.0,0.7384600043296814,-0.1934480518102646,-0.20105428993701935,-0.5119236707687378,0.0,0.5858771800994873,3.4800000190734863,0.0,0.8512864112854004,0.5858771800994873,806.0,-1.0,-1.0,PASS,2.0,0.0
806,24.94668960571289,-0.19533579051494598,-0.009544012136757374,0.0,3.4800000190734863,0.5675645470619202,0.9999993443489075,0.7487764954566956,0.5159790515899658,1.0,1.0,1.0,0.7192350029945374,-0.19533579051494598,-0.2034607231616974,-0.5468316078186035,0.0,0.5675645470619202,3.4800000190734863,0.0,0.8512864112854004,0.5675645470619202,807.0,-1.0,-1.0,PASS,2.0,0.0
807,25.41041374206543,-0.058444611728191376,-0.005839458201080561,0.0,3.180000066757202,0.2472071647644043,0.9999989867210388,0.4944145679473877,0.0,1.0,0.0,1.0,0.7535679936408997,-0.058444611728191376,-0.06341572105884552,-0.3345763087272644,0.0,0.2472071647644043,3.180000066757202,16.0,0.8512864112854004,0.2472071647644043,808.0,-1.0,-1.0,PASS,2.0,0.0
808,23.97632598876953,-0.0611015185713768,-0.0046769846230745316,0.0,3.180000066757202,0.24719874560832977,0.9999989867210388,0.49439775943756104,0.0,1.0,0.0,1.0,0.39724698662757874,-0.0611015185713768,-0.06508300453424454,-0.2679714858531952,0.0,0.24719874560832977,3.180000066757202,16.0,0.8512864112854004,0.24719874560832977,809.0,-1.0,-1.0,PASS,2.0,0.0
809,24.058818817138672,-0.06111496314406395,-0.005626047030091286,0.0,3.180000066757202,0.2471848428249359,0.9999989867210388,0.4943699240684509,0.0,1.0,0.0,1.0,0.4035390019416809,-0.06111496314406395,-0.0659043937921524,-0.3223487436771393,0.0,0.2471848428249359,3.180000066757202,16.0,0.8512864112854004,0.2471848428249359,810.0,-1.0,-1.0,PASS,2.0,0.0
810,25.790929794311523,-0.2007574737071991,-0.011352655477821827,0.0,3.4800000190734863,0.4919963777065277,0.9999992847442627,0.6972024440765381,0.4113449156284332,1.0,1.0,0.0,1.6924309730529785,-0.2007574737071991,-0.21042224764823914,-0.6504592299461365,0.0,0.4919963777065277,3.4800000190734863,0.0,0.8512864112854004,0.4919963777065277,811.0,-1.0,-1.0,PASS,2.0,0.0
811,24.90234375,-0.19969716668128967,0.0007741561275906861,0.0,3.4800000190734863,0.6015410423278809,0.9999993443489075,0.7672550082206726,0.5680347084999084,1.0,1.0,1.0,0.7334409952163696,-0.19969716668128967,-0.19903813302516937,0.044355880469083786,0.0,0.6015410423278809,3.4800000190734863,0.0,0.8512864112854004,0.6015410423278809,812.0,-1.0,-1.0,PASS,2.0,0.0
812,24.949073791503906,-0.20453186333179474,-0.0003857257543131709,0.0,3.4800000190734863,0.6115863919258118,0.9999993443489075,0.7754200100898743,0.5774330496788025,1.0,1.0,1.0,0.753678023815155,-0.20453186333179474,-0.20486022531986237,-0.022100457921624184,0.0,0.6115863919258118,3.4800000190734863,0.0,0.8512864112854004,0.6115863919258118,813.0,-1.0,-1.0,PASS,2.0,0.0
813,24.541616439819336,-0.19268488883972168,-0.01624702289700508,0.0,3.4800000190734863,0.4491657316684723,0.9999992251396179,0.6660829186439514,0.3486786484718323,1.0,1.0,1.0,0.7389810085296631,-0.19268488883972168,-0.20651698112487793,-0.9308858513832092,0.0,0.4491657316684723,3.4800000190734863,0.0,0.8512864112854004,0.4491657316684723,814.0,-1.0,-1.0,PASS,2.0,0.0
814,27.01282501220703,-0.2054641842842102,-0.0036825526040047407,0.0,3.4800000190734863,0.6021658182144165,0.9999993443489075,0.7697080969810486,0.5646607279777527,1.0,1.0,1.0,0.7405340075492859,-0.2054641842842102,-0.20859910547733307,-0.21099472045898438,0.0,0.6021658182144165,3.4800000190734863,0.0,0.8512864112854004,0.6021658182144165,815.0,-1.0,-1.0,PASS,2.0,0.0
815,24.686813354492188,-0.2062588781118393,-0.011131410486996174,0.0,3.4800000190734863,0.41526874899864197,0.9999992251396179,0.6407278180122375,0.29624125361442566,1.0,1.0,1.0,0.7233319878578186,-0.2062588781118393,-0.2157352864742279,-0.6377828121185303,0.0,0.41526874899864197,3.4800000190734863,0.0,0.8512864112854004,0.41526874899864197,816.0,-1.0,-1.0,PASS,2.0,0.0
816,24.454355239868164,-0.20679974555969238,-0.012798859737813473,0.0,3.4800000190734863,0.39584749937057495,0.9999991655349731,0.6255640983581543,0.2655703127384186,1.0,1.0,1.0,0.7510929703712463,-0.20679974555969238,-0.21769583225250244,-0.7333206534385681,0.0,0.39584749937057495,3.4800000190734863,0.0,0.8512864112854004,0.39584749937057495,817.0,-1.0,-1.0,PASS,2.0,0.0
817,25.447607040405273,-0.208740696310997,-0.012592092156410217,0.0,3.4800000190734863,0.37070658802986145,0.9999991655349731,0.605345606803894,0.2247771918773651,1.0,0.0,1.0,0.7354040145874023,-0.208740696310997,-0.21946074068546295,-0.721473753452301,0.0,0.37070658802986145,3.4800000190734863,16.0,0.8512864112854004,0.37070658802986145,818.0,-1.0,-1.0,PASS,2.0,0.0
818,26.74102783203125,-0.21641436219215393,-0.004024800844490528,0.0,3.4800000190734863,0.4973290264606476,0.9999992847442627,0.6998530626296997,0.42123889923095703,1.0,1.0,1.0,0.7496510148048401,-0.21641436219215393,-0.2198406457901001,-0.23060409724712372,0.0,0.4973290264606476,3.4800000190734863,0.0,0.8512864112854004,0.4973290264606476,819.0,-1.0,-1.0,PASS,2.0,0.0
819,30.019521713256836,-0.19714140892028809,-0.006399480625987053,0.0,3.4800000190734863,0.4921385943889618,0.9999992847442627,0.6967453956604004,0.4126790165901184,1.0,1.0,1.0,0.7641180157661438,-0.19714140892028809,-0.2025892734527588,-0.36666321754455566,0.0,0.4921385943889618,3.4800000190734863,0.0,0.8512864112854004,0.4921385943889618,820.0,-1.0,-1.0,PASS,2.0,0.0
820,30.85041046142578,-0.07187829166650772,-0.013072865083813667,0.0,3.180000066757202,0.24720071256160736,0.9999989867210388,0.4944016635417938,0.0,1.0,0.0,1.0,0.7597299814224243,-0.07187829166650772,-0.08300767838954926,-0.749019980430603,0.0,0.24720071256160736,3.180000066757202,16.0,0.8512864112854004,0.24720071256160736,821.0,-1.0,-1.0,PASS,2.0,0.0
821,34.18564796447754,-0.19977271556854248,-0.011517559178173542,0.0,3.4800000190734863,0.3854726552963257,0.9999991655349731,0.6156542897224426,0.25223785638809204,1.0,1.0,1.0,0.41371798515319824,-0.19977271556854248,-0.20957788825035095,-0.6599075198173523,0.0,0.3854726552963257,3.4800000190734863,0.0,0.8512864112854004,0.3854726552963257,822.0,-1.0,-1.0,PASS,2.0,0.0
822,37.15777397155762,-0.07422387599945068,-0.012848087586462498,0.0,3.180000066757202,0.24718500673770905,0.9999989867210388,0.4943702518939972,0.0,1.0,0.0,1.0,0.7598299980163574,-0.07422387599945068,-0.08516187965869904,-0.7361412048339844,0.0,0.24718500673770905,3.180000066757202,16.0,0.8512864112854004,0.24718500673770905,823.0,-1.0,-1.0,PASS,2.0,0.0
823,39.62111473083496,-0.060815464705228806,-0.01745329238474369,0.0,3.180000066757202,0.2471831887960434,0.9999989867210388,0.4943666458129883,0.0,1.0,0.0,1.0,0.40474098920822144,-0.060815464705228806,-0.07567472755908966,-1.0,0.0,0.2471831887960434,3.180000066757202,16.0,0.8512864112854004,0.2471831887960434,824.0,-1.0,-1.0,PASS,2.0,0.0
824,42.13094711303711,-0.061497773975133896,-0.01465456373989582,0.0,3.180000066757202,0.24719150364398956,0.9999989867210388,0.4943832457065582,0.0,1.0,0.0,1.0,0.4247489869594574,-0.061497773975133896,-0.07397390156984329,-0.8396446704864502,0.0,0.24719150364398956,3.180000066757202,16.0,0.8512864112854004,0.24719150364398956,825.0,-1.0,-1.0,PASS,2.0,0.0
825,46.47636413574219,-0.1874445080757141,-0.013634776696562767,0.0,3.4800000190734863,0.5075619220733643,0.9999992847442627,0.7053934335708618,0.43908926844596863,1.0,1.0,0.0,1.7001949548721313,-0.1874445080757141,-0.1990523338317871,-0.7812151312828064,0.0,0.5075619220733643,3.4800000190734863,0.0,0.8512864112854004,0.5075619220733643,826.0,-1.0,-1.0,PASS,2.0,0.0
826,47.0278263092041,-0.18725484609603882,-0.014509744010865688,0.0,3.4800000190734863,0.517510175704956,0.9999992847442627,0.7120401859283447,0.45359885692596436,1.0,1.0,1.0,0.7234330177307129,-0.18725484609603882,-0.19960765540599823,-0.8313471078872681,0.0,0.517510175704956,3.4800000190734863,0.0,0.8512864112854004,0.517510175704956,827.0,-1.0,-1.0,PASS,2.0,0.0
827,24.67179298400879,-0.19179107248783112,-0.018464505672454834,0.0,3.4800000190734863,0.44750508666038513,0.9999992251396179,0.663832426071167,0.3482476472854614,1.0,1.0,1.0,0.7496809959411621,-0.19179107248783112,-0.20751143991947174,-1.0579382181167603,0.0,0.44750508666038513,3.4800000190734863,0.0,0.8512864112854004,0.44750508666038513,828.0,-1.0,-1.0,PASS,2.0,0.0
828,24.63817596435547,-0.17807616293430328,-0.023495301604270935,0.0,3.4800000190734863,0.47196272015571594,0.9999992847442627,0.6808171272277832,0.38646015524864197,1.0,1.0,1.0,0.7449129819869995,-0.17807616293430328,-0.19808107614517212,-1.3461816310882568,0.0,0.47196272015571594,3.4800000190734863,0.0,0.8512864112854004,0.47196272015571594,829.0,-1.0,-1.0,PASS,2.0,0.0
829,26.821374893188477,-0.20923514664173126,-0.01254776120185852,0.0,3.4800000190734863,0.5608391761779785,0.9999993443489075,0.7423118948936462,0.5110612511634827,1.0,1.0,1.0,0.7342119812965393,-0.20923514664173126,-0.2199174463748932,-0.7189337611198425,0.0,0.5608391761779785,3.4800000190734863,0.0,0.8512864112854004,0.5608391761779785,830.0,-1.0,-1.0,PASS,2.0,0.0
830,24.863719940185547,-0.19119715690612793,-0.015441791154444218,0.0,3.4800000190734863,0.5792782306671143,0.9999993443489075,0.7547128796577454,0.5350961685180664,1.0,1.0,1.0,0.7326589822769165,-0.19119715690612793,-0.20434358716011047,-0.8847494721412659,0.0,0.5792782306671143,3.4800000190734863,0.0,0.8512864112854004,0.5792782306671143,831.0,-1.0,-1.0,PASS,2.0,0.0
831,25.08711814880371,-0.19619128108024597,-0.014582582749426365,0.0,3.4800000190734863,0.599372386932373,0.9999993443489075,0.7692363262176514,0.5583574771881104,1.0,1.0,1.0,0.7177619934082031,-0.19619128108024597,-0.20860610902309418,-0.8355204463005066,0.0,0.599372386932373,3.4800000190734863,0.0,0.8512864112854004,0.599372386932373,832.0,-1.0,-1.0,PASS,2.0,0.0
832,25.115489959716797,-0.1949920505285263,-0.016652913764119148,0.0,3.4800000190734863,0.6203840970993042,0.9999993443489075,0.7813422679901123,0.5879963040351868,1.0,1.0,1.0,0.7342919707298279,-0.1949920505285263,-0.20916976034641266,-0.9541416764259338,0.0,0.6203840970993042,3.4800000190734863,0.0,0.8512864112854004,0.6203840970993042,833.0,-1.0,-1.0,PASS,2.0,0.0
833,24.878263473510742,-0.19986018538475037,-0.0189265888184309,0.0,3.4800000190734863,0.627004086971283,0.9999993443489075,0.786708414554596,0.593994140625,1.0,1.0,1.0,0.7271699905395508,-0.19986018538475037,-0.21597406268119812,-1.0844136476516724,0.0,0.627004086971283,3.4800000190734863,0.0,0.8512864112854004,0.627004086971283,834.0,-1.0,-1.0,PASS,2.0,0.0
834,26.55792236328125,-0.20257683098316193,-0.0209627877920866,0.0,3.4800000190734863,0.6685013175010681,0.9999994039535522,0.8121135234832764,0.646325409412384,1.0,1.0,1.0,0.7414159774780273,-0.20257683098316193,-0.22042478621006012,-1.201079249382019,0.0,0.6685013175010681,3.4800000190734863,0.0,0.8512864112854004,0.6685013175010681,835.0,-1.0,-1.0,PASS,2.0,0.0
835,25.179624557495117,-0.19936637580394745,-0.01712210290133953,0.0,3.4800000190734863,0.673079788684845,0.9999994039535522,0.8147703409194946,0.6521955132484436,1.0,1.0,1.0,0.7304549813270569,-0.19936637580394745,-0.21394361555576324,-0.9810242056846619,0.0,0.673079788684845,3.4800000190734863,0.0,0.8512864112854004,0.673079788684845,836.0,-1.0,-1.0,PASS,2.0,0.0
836,25.014162063598633,-0.20098309218883514,-0.01980580948293209,0.0,3.4800000190734863,0.7039098143577576,0.9999994039535522,0.8325551152229309,0.690963089466095,1.0,1.0,1.0,0.7340220212936401,-0.20098309218883514,-0.21784570813179016,-1.1347893476486206,0.0,0.7039098143577576,3.4800000190734863,0.0,0.8512864112854004,0.7039098143577576,837.0,-1.0,-1.0,PASS,2.0,0.0
837,24.5208740234375,-0.1756666898727417,-0.03151074796915054,0.0,3.4800000190734863,0.5491736531257629,0.9999992847442627,0.7352975606918335,0.49374574422836304,1.0,1.0,1.0,0.7453830242156982,-0.1756666898727417,-0.20250023901462555,-1.805432915687561,0.0,0.5491736531257629,3.4800000190734863,0.0,0.8512864112854004,0.5491736531257629,838.0,-1.0,-1.0,PASS,2.0,0.0
838,24.585247039794922,-0.1911849081516266,-0.026569746434688568,0.0,3.4800000190734863,0.5418385863304138,0.9999992847442627,0.7312405705451965,0.48197120428085327,1.0,1.0,1.0,0.7579669952392578,-0.1911849081516266,-0.21380870044231415,-1.522334337234497,0.0,0.5418385863304138,3.4800000190734863,0.0,0.8512864112854004,0.5418385863304138,839.0,-1.0,-1.0,PASS,2.0,0.0
839,25.90322494506836,-0.19179534912109375,-0.027277007699012756,0.0,3.4800000190734863,0.542449951171875,0.9999992847442627,0.7317484021186829,0.48261377215385437,1.0,1.0,1.0,0.753358006477356,-0.19179534912109375,-0.21502165496349335,-1.5628573894500732,0.0,0.542449951171875,3.4800000190734863,0.0,0.8512864112854004,0.542449951171875,840.0,-1.0,-1.0,PASS,2.0,0.0
840,28.061628341674805,-0.192697212100029,-0.026715634390711784,0.0,3.4800000190734863,0.5134497284889221,0.9999992847442627,0.7118744850158691,0.44252923130989075,1.0,1.0,0.0,1.7318840026855469,-0.192697212100029,-0.21544528007507324,-1.5306930541992188,0.0,0.5134497284889221,3.4800000190734863,0.0,0.8512864112854004,0.5134497284889221,841.0,-1.0,-1.0,PASS,2.0,0.0
841,30.60436248779297,-0.19358281791210175,-0.027237044647336006,0.0,3.4800000190734863,0.4906429946422577,0.9999992847442627,0.6957773566246033,0.41034528613090515,1.0,1.0,1.0,0.7270389795303345,-0.19358281791210175,-0.2167750746011734,-1.5605677366256714,0.0,0.4906429946422577,3.4800000190734863,0.0,0.8512864112854004,0.4906429946422577,842.0,-1.0,-1.0,PASS,2.0,0.0
842,31.041622161865234,-0.19323402643203735,-0.027456017211079597,0.0,3.4800000190734863,0.476325660943985,0.9999992847442627,0.6854686141014099,0.3897815942764282,1.0,1.0,1.0,0.7733950018882751,-0.19323402643203735,-0.2166128307580948,-1.5731139183044434,0.0,0.476325660943985,3.4800000190734863,0.0,0.8512864112854004,0.476325660943985,843.0,-1.0,-1.0,PASS,2.0,0.0
843,33.02502632141113,-0.19520677626132965,-0.02811972051858902,0.0,3.4800000190734863,0.4477859437465668,0.9999992251396179,0.6642671823501587,0.34821078181266785,1.0,1.0,1.0,0.7368969917297363,-0.19520677626132965,-0.21915102005004883,-1.611141324043274,0.0,0.4477859437465668,3.4800000190734863,0.0,0.8512864112854004,0.4477859437465668,844.0,-1.0,-1.0,PASS,2.0,0.0
844,37.59336471557617,-0.19658859074115753,-0.02864372357726097,0.0,3.4800000190734863,0.44638946652412415,0.9999992251396179,0.6638481020927429,0.34485477209091187,1.0,1.0,1.0,1.0666990280151367,-0.19658859074115753,-0.22097927331924438,-1.6411644220352173,0.0,0.44638946652412415,3.4800000190734863,0.0,0.8512864112854004,0.44638946652412415,845.0,-1.0,-1.0,PASS,2.0,0.0
845,39.278268814086914,-0.19750310480594635,-0.027648162096738815,0.0,3.4800000190734863,0.433474063873291,0.9999992251396179,0.6542665958404541,0.32506904006004333,1.0,1.0,1.0,0.7473170161247253,-0.19750310480594635,-0.2210456132888794,-1.5841230154037476,0.0,0.433474063873291,3.4800000190734863,0.0,0.8512864112854004,0.433474063873291,846.0,-1.0,-1.0,PASS,2.0,0.0
846,42.176008224487305,-0.2017260491847992,-0.025164229795336723,0.0,3.4800000190734863,0.4137832224369049,0.9999992251396179,0.6391717791557312,0.2947486937046051,1.0,1.0,1.0,0.7386009693145752,-0.2017260491847992,-0.2231525331735611,-1.4418041706085205,0.0,0.4137832224369049,3.4800000190734863,0.0,0.8512864112854004,0.4137832224369049,847.0,-1.0,-1.0,PASS,2.0,0.0
847,42.58871078491211,-0.20378842949867249,-0.02348153293132782,0.0,3.4800000190734863,0.39483898878097534,0.9999991655349731,0.624343991279602,0.2648128271102905,1.0,1.0,1.0,0.74720698595047,-0.20378842949867249,-0.22378161549568176,-1.3453927040100098,0.0,0.39483898878097534,3.4800000190734863,0.0,0.8512864112854004,0.39483898878097534,848.0,-1.0,-1.0,PASS,2.0,0.0
848,24.259328842163086,-0.2049151510000229,-0.023668654263019562,0.0,3.4800000190734863,0.36992180347442627,0.9999991655349731,0.6045317649841309,0.22382965683937073,1.0,0.0,1.0,0.7496510148048401,-0.2049151510000229,-0.22506771981716156,-1.3561140298843384,0.0,0.36992180347442627,3.4800000190734863,16.0,0.8512864112854004,0.36992180347442627,849.0,-1.0,-1.0,PASS,2.0,0.0
849,26.025056838989258,-0.20347745716571808,-0.024193190038204193,0.0,3.4800000190734863,0.3474525213241577,0.9999991059303284,0.5855681896209717,0.18671976029872894,1.0,0.0,1.0,0.7879229784011841,-0.20347745716571808,-0.22407680749893188,-1.3861676454544067,0.0,0.3474525213241577,3.4800000190734863,16.0,0.8512864112854004,0.3474525213241577,850.0,-1.0,-1.0,PASS,2.0,0.0
850,24.57284927368164,-0.2056863158941269,-0.023025304079055786,0.0,3.4800000190734863,0.3423079550266266,0.9999991059303284,0.5815686583518982,0.1771889477968216,1.0,0.0,1.0,0.45957300066947937,-0.2056863158941269,-0.225290909409523,-1.3192527294158936,0.0,0.3423079550266266,3.4800000190734863,16.0,0.8512864112854004,0.3423079550266266,851.0,-1.0,-1.0,PASS,2.0,0.0
851,23.857831954956055,-0.20554564893245697,-0.01745329238474369,0.0,3.4800000190734863,0.4685507118701935,0.9999992251396179,0.679585337638855,0.3789317309856415,1.0,1.0,1.0,0.4009239971637726,-0.20554564893245697,-0.22040490806102753,-1.0,0.0,0.4685507118701935,3.4800000190734863,0.0,0.8512864112854004,0.4685507118701935,852.0,-1.0,-1.0,PASS,2.0,0.0
852,26.720046997070312,-0.07902489602565765,-0.013380822725594044,0.0,3.180000066757202,0.2471769005060196,0.9999989867210388,0.4943540692329407,0.0,1.0,0.0,1.0,0.7451419830322266,-0.07902489602565765,-0.09041649103164673,-0.7666646838188171,0.0,0.2471769005060196,3.180000066757202,16.0,0.8512864112854004,0.2471769005060196,853.0,-1.0,-1.0,PASS,2.0,0.0
853,23.712158203125,-0.07969893515110016,-0.014013374224305153,0.0,3.180000066757202,0.24718214571475983,0.9999989867210388,0.49436455965042114,0.0,1.0,0.0,1.0,0.4093089997768402,-0.07969893515110016,-0.09162911027669907,-0.8029072284698486,0.0,0.24718214571475983,3.180000066757202,16.0,0.8512864112854004,0.24718214571475983,854.0,-1.0,-1.0,PASS,2.0,0.0
854,23.824453353881836,-0.07980774343013763,-0.013626009225845337,0.0,3.180000066757202,0.24717390537261963,0.9999989867210388,0.49434804916381836,0.0,1.0,0.0,1.0,0.40231698751449585,-0.07980774343013763,-0.09140809625387192,-0.7807128429412842,0.0,0.24717390537261963,3.180000066757202,16.0,0.8512864112854004,0.24717390537261963,855.0,-1.0,-1.0,PASS,2.0,0.0
855,25.45785903930664,-0.23074640333652496,-0.005560913123190403,0.0,3.4800000190734863,0.5234804749488831,0.9999992847442627,0.7191377282142639,0.4558565020561218,1.0,1.0,0.0,1.739387035369873,-0.23074640333652496,-0.2354803830385208,-0.3186168670654297,0.0,0.5234804749488831,3.4800000190734863,0.0,0.8512864112854004,0.5234804749488831,856.0,-1.0,-1.0,PASS,2.0,0.0
856,24.086475372314453,-0.22506506741046906,-0.008264951407909393,0.0,3.4800000190734863,0.5511083006858826,0.9999992847442627,0.7373167872428894,0.49490296840667725,1.0,1.0,1.0,0.7241129875183105,-0.22506506741046906,-0.23210106790065765,-0.4735468327999115,0.0,0.5511083006858826,3.4800000190734863,0.0,0.8512864112854004,0.5511083006858826,857.0,-1.0,-1.0,PASS,2.0,0.0
857,26.828289031982422,-0.24824753403663635,-0.0020258629228919744,0.0,3.4800000190734863,0.5522054433822632,0.9999992847442627,0.7386090159416199,0.49525830149650574,1.0,1.0,1.0,0.7444310188293457,-0.24824753403663635,-0.2499721199274063,-0.11607339233160019,0.0,0.5522054433822632,3.4800000190734863,0.0,0.8512864112854004,0.5522054433822632,858.0,-1.0,-1.0,PASS,2.0,0.0
858,23.822307586669922,-0.22621989250183105,-0.004416435491293669,0.0,3.4800000190734863,0.5764584541320801,0.9999993443489075,0.7543960809707642,0.5282651782035828,1.0,1.0,1.0,0.7796670198440552,-0.22621989250183105,-0.22997957468032837,-0.25304311513900757,0.0,0.5764584541320801,3.4800000190734863,0.0,0.8512864112854004,0.5764584541320801,859.0,-1.0,-1.0,PASS,2.0,0.0
859,24.829626083374023,-0.22427038848400116,-0.00493801711127162,0.0,3.4800000190734863,0.5816197991371155,0.9999993443489075,0.7579509019851685,0.534716784954071,1.0,1.0,1.0,0.7399029731750488,-0.22427038848400116,-0.22847409546375275,-0.282927542924881,0.0,0.5816197991371155,3.4800000190734863,0.0,0.8512864112854004,0.5816197991371155,860.0,-1.0,-1.0,PASS,2.0,0.0
860,26.89814567565918,-0.24052007496356964,-0.0038356496952474117,0.0,3.4800000190734863,0.5965502858161926,0.9999993443489075,0.7674539089202881,0.5546221733093262,1.0,1.0,1.0,0.747497022151947,-0.24052007496356964,-0.2437853217124939,-0.2197665423154831,0.0,0.5965502858161926,3.4800000190734863,0.0,0.8512864112854004,0.5965502858161926,861.0,-1.0,-1.0,PASS,2.0,0.0
861,29.74987030029297,-0.24129287898540497,-0.0021781534887850285,0.0,3.4800000190734863,0.6171460747718811,0.9999993443489075,0.780794620513916,0.580815851688385,1.0,1.0,1.0,0.7390109896659851,-0.24129287898540497,-0.2431471198797226,-0.12479900568723679,0.0,0.6171460747718811,3.4800000190734863,0.0,0.8512864112854004,0.6171460747718811,862.0,-1.0,-1.0,PASS,2.0,0.0
862,31.47745132446289,-0.23164010047912598,-0.0031155170872807503,0.0,3.4800000190734863,0.6478917002677917,0.9999993443489075,0.7992863059043884,0.62117600440979,1.0,1.0,1.0,0.7482590079307556,-0.23164010047912598,-0.23429231345653534,-0.17850598692893982,0.0,0.6478917002677917,3.4800000190734863,0.0,0.8512864112854004,0.6478917002677917,863.0,-1.0,-1.0,PASS,2.0,0.0
863,32.88555145263672,-0.2364879995584488,0.0001294417743338272,0.0,3.4800000190734863,0.6523623466491699,0.9999993443489075,0.8030217885971069,0.6247692108154297,1.0,1.0,1.0,0.7567650079727173,-0.2364879995584488,-0.2363778054714203,0.007416467182338238,0.0,0.6523623466491699,3.4800000190734863,0.0,0.8512864112854004,0.6523623466491699,864.0,-1.0,-1.0,PASS,2.0,0.0
864,35.134077072143555,-0.2332988828420639,-0.0038680185098201036,0.0,3.4800000190734863,0.6742559671401978,0.9999994039535522,0.8161306977272034,0.6523240208625793,1.0,1.0,1.0,0.7422170042991638,-0.2332988828420639,-0.23659169673919678,-0.22162114083766937,0.0,0.6742559671401978,3.4800000190734863,0.0,0.8512864112854004,0.6742559671401978,865.0,-1.0,-1.0,PASS,2.0,0.0
865,37.416696548461914,-0.2338908165693283,-0.0034553760197013617,0.0,3.4800000190734863,0.7020679116249084,0.9999994039535522,0.8328467011451721,0.6859480142593384,1.0,1.0,1.0,0.7443310022354126,-0.2338908165693283,-0.23683233559131622,-0.19797846674919128,0.0,0.7020679116249084,3.4800000190734863,0.0,0.8512864112854004,0.7020679116249084,866.0,-1.0,-1.0,PASS,2.0,0.0
866,39.580583572387695,-0.23291908204555511,-0.00362442247569561,0.0,3.4800000190734863,0.7352232336997986,0.9999994039535522,0.8524017930030823,0.725063145160675,1.0,1.0,1.0,0.724032998085022,-0.23291908204555511,-0.2360045164823532,-0.2076641172170639,0.0,0.7352232336997986,3.4800000190734863,0.0,0.8512864112854004,0.7352232336997986,867.0,-1.0,-1.0,PASS,2.0,0.0
867,42.838096618652344,-0.2326131910085678,-0.002903545508161187,0.0,3.4800000190734863,0.7375574707984924,0.9999994039535522,0.8534789681434631,0.7283560037612915,1.0,1.0,1.0,0.7352340221405029,-0.2326131910085678,-0.23508495092391968,-0.16636089980602264,0.0,0.7375574707984924,3.4800000190734863,0.0,0.8512864112854004,0.7375574707984924,868.0,-1.0,-1.0,PASS,2.0,0.0
868,42.58465766906738,-0.23503144085407257,0.0006232527666725218,0.0,3.4800000190734863,0.7623021006584167,0.9999994039535522,0.8674464225769043,0.7575778365135193,1.0,1.0,1.0,0.7610129714012146,-0.23503144085407257,-0.23450087010860443,0.03570975363254547,0.0,0.7623021006584167,3.4800000190734863,0.0,0.8512864112854004,0.7623021006584167,869.0,-1.0,-1.0,PASS,2.0,0.0
869,43.39933395385742,-0.23180356621742249,-0.0006222932133823633,0.0,3.4800000190734863,0.7837935090065002,0.9999994039535522,0.8800429701805115,0.7812623381614685,1.0,1.0,1.0,0.7290629744529724,-0.23180356621742249,-0.23233331739902496,-0.03565477579832077,0.0,0.7837935090065002,3.4800000190734863,0.0,0.8512864112854004,0.7837935090065002,870.0,-1.0,-1.0,PASS,2.0,0.0
870,37.86349296569824,-0.23610664904117584,0.0033557561691850424,0.0,3.4800000190734863,0.8066580891609192,0.9999994039535522,0.8931893706321716,0.8062425255775452,1.0,1.0,0.0,1.7079190015792847,-0.23610664904117584,-0.23324993252754211,0.1922706663608551,0.0,0.8066580891609192,3.4800000190734863,0.0,0.8512864112854004,0.8066580891609192,871.0,-1.0,-1.0,PASS,2.0,0.0
871,40.3895378112793,-0.2324773222208023,0.0022346200421452522,0.0,3.4800000190734863,0.8435500264167786,0.999999463558197,0.9131121039390564,0.8476378917694092,1.0,1.0,1.0,0.7200459837913513,-0.2324773222208023,-0.23057501018047333,0.1280342936515808,0.0,0.8435500264167786,3.4800000190734863,0.0,0.8512864112854004,0.8435500264167786,872.0,-1.0,-1.0,PASS,2.0,0.0
872,42.52123832702637,-0.22851459681987762,0.002111896639689803,0.0,3.4800000190734863,0.8832964897155762,0.999999463558197,0.9342291951179504,0.8909636735916138,1.0,1.0,1.0,0.7715820074081421,-0.22851459681987762,-0.2267167717218399,0.12100276350975037,0.0,0.8832964897155762,3.4800000190734863,0.0,0.8512864112854004,0.8832964897155762,873.0,-1.0,-1.0,PASS,2.0,0.0
873,24.227619171142578,-0.24673785269260406,0.0044533745385706425,0.0,3.4800000190734863,0.9104825258255005,0.999999463558197,0.9484327435493469,0.9199733138084412,1.0,1.0,1.0,0.7378399968147278,-0.24673785269260406,-0.24294672906398773,0.25515955686569214,0.0,0.9104825258255005,3.4800000190734863,0.0,0.8512864112854004,0.9104825258255005,874.0,-1.0,-1.0,PASS,2.0,0.0
874,24.1546630859375,-0.2328428328037262,0.0027703058440238237,0.0,3.4800000190734863,0.9475668668746948,0.999999463558197,0.9674270153045654,0.9589428305625916,1.0,1.0,1.0,0.7377189993858337,-0.2328428328037262,-0.2304845005273819,0.15872682631015778,0.0,0.9475668668746948,3.4800000190734863,0.0,0.8512864112854004,0.9475668668746948,875.0,-1.0,-1.0,PASS,2.0,0.0
875,24.868249893188477,-0.23061345517635345,-0.001149140764027834,0.0,3.4800000190734863,0.9874419569969177,0.999999463558197,0.9964162707328796,0.9819874167442322,1.0,1.0,1.0,0.7483590245246887,-0.23061345517635345,-0.23159170150756836,-0.06584091484546661,0.0,0.9874419569969177,3.4800000190734863,0.0,0.8512864112854004,0.9874419569969177,876.0,-1.0,-1.0,PASS,2.0,0.0
876,24.546384811401367,-0.23136384785175323,0.0012768709566444159,0.0,3.4800000190734863,0.9882774353027344,0.999999463558197,0.9999770522117615,0.976600706577301,1.0,1.0,1.0,0.7336210012435913,-0.23136384785175323,-0.23027686774730682,0.07315931469202042,0.0,0.9882774353027344,3.4800000190734863,0.0,0.8512864112854004,0.9882774353027344,877.0,-1.0,-1.0,PASS,2.0,0.0
877,26.505708694458008,-0.23195673525333405,0.003653432009741664,0.0,3.4800000190734863,0.9874305725097656,0.999999463558197,0.9993685483932495,0.9761094450950623,1.0,1.0,1.0,0.7497419714927673,-0.23195673525333405,-0.22884660959243774,0.20932623744010925,0.0,0.9874305725097656,3.4800000190734863,0.0,0.8512864112854004,0.9874305725097656,878.0,-1.0,-1.0,PASS,2.0,0.0
878,24.062156677246094,-0.23240689933300018,0.0031505092047154903,0.0,3.4800000190734863,0.987919807434082,0.999999463558197,0.9997560381889343,0.9763221740722656,1.0,1.0,1.0,0.7331600189208984,-0.23240689933300018,-0.22972489893436432,0.18051087856292725,0.0,0.987919807434082,3.4800000190734863,0.0,0.8512864112854004,0.987919807434082,879.0,-1.0,-1.0,PASS,2.0,0.0
879,23.981809616088867,-0.23162934184074402,0.0037707118317484856,0.0,3.4800000190734863,0.9880809187889099,0.999999463558197,0.9995425343513489,0.9770667552947998,1.0,1.0,1.0,0.88093501329422,-0.23162934184074402,-0.22841936349868774,0.21604587137699127,0.0,0.9880809187889099,3.4800000190734863,0.0,0.8512864112854004,0.9880809187889099,880.0,-1.0,-1.0,PASS,2.0,0.0
880,24.419307708740234,-0.24733060598373413,0.004944105166941881,0.0,3.4800000190734863,0.9876270294189453,0.999999463558197,0.9992942214012146,0.9766497015953064,1.0,1.0,1.0,0.811486005783081,-0.24733060598373413,-0.24312172830104828,0.28327634930610657,0.0,0.9876270294189453,3.4800000190734863,0.0,0.8512864112854004,0.9876270294189453,881.0,-1.0,-1.0,PASS,2.0,0.0
881,24.805545806884766,-0.2314799427986145,0.003522278741002083,0.0,3.4800000190734863,0.9880455732345581,0.999999463558197,0.9995380640029907,0.9770049452781677,1.0,1.0,1.0,0.7792869806289673,-0.2314799427986145,-0.2284814566373825,0.20181170105934143,0.0,0.9880455732345581,3.4800000190734863,0.0,0.8512864112854004,0.9880455732345581,882.0,-1.0,-1.0,PASS,2.0,0.0
882,25.452375411987305,-0.22960306704044342,0.0031645740382373333,0.0,3.4800000190734863,0.9886332750320435,0.999999463558197,0.9997959733009338,0.9776704907417297,1.0,1.0,1.0,0.7638469934463501,-0.22960306704044342,-0.2269091010093689,0.18131673336029053,0.0,0.9886332750320435,3.4800000190734863,0.0,0.8512864112854004,0.9886332750320435,883.0,-1.0,-1.0,PASS,2.0,0.0
883,24.346351623535156,-0.22852496802806854,0.0032519022934138775,0.0,3.4800000190734863,0.9887005686759949,0.999999463558197,0.9996599555015564,0.9780742526054382,1.0,1.0,1.0,0.7521359920501709,-0.22852496802806854,-0.2257566601037979,0.18632027506828308,0.0,0.9887005686759949,3.4800000190734863,0.0,0.8512864112854004,0.9887005686759949,884.0,-1.0,-1.0,PASS,2.0,0.0
884,24.748802185058594,-0.2261030524969101,0.0034406643826514482,0.0,3.4800000190734863,0.9869554042816162,0.999999463558197,0.9989448189735413,0.9759963154792786,1.0,1.0,1.0,0.7605419754981995,-0.2261030524969101,-0.223174050450325,0.1971355527639389,0.0,0.9869554042816162,3.4800000190734863,0.0,0.8512864112854004,0.9869554042816162,885.0,-1.0,-1.0,PASS,2.0,0.0
885,25.79021453857422,-0.22645950317382812,0.004233012907207012,0.0,3.4800000190734863,0.9873070120811462,0.999999463558197,0.9991576671600342,0.9762792587280273,1.0,1.0,0.0,1.8039779663085938,-0.22645950317382812,-0.22285597026348114,0.24253377318382263,0.0,0.9873070120811462,3.4800000190734863,0.0,0.8512864112854004,0.9873070120811462,886.0,-1.0,-1.0,PASS,2.0,0.0
886,25.104045867919922,-0.2255115956068039,0.004086934030056,0.0,3.4800000190734863,0.9873698949813843,0.999999463558197,0.998887836933136,0.9769390225410461,1.0,1.0,1.0,0.7474370002746582,-0.2255115956068039,-0.22203242778778076,0.2341640740633011,0.0,0.9873698949813843,3.4800000190734863,0.0,0.8512864112854004,0.9873698949813843,887.0,-1.0,-1.0,PASS,2.0,0.0
887,27.17304229736328,-0.22229927778244019,0.003024148056283593,0.0,3.4800000190734863,0.9880191683769226,0.999999463558197,0.9988906979560852,0.978233277797699,1.0,1.0,1.0,0.7580469846725464,-0.22229927778244019,-0.2197248488664627,0.17327092587947845,0.0,0.9880191683769226,3.4800000190734863,0.0,0.8512864112854004,0.9880191683769226,888.0,-1.0,-1.0,PASS,2.0,0.0
888,30.36952018737793,-0.23780155181884766,0.005098107736557722,0.0,3.4800000190734863,0.9882104992866516,0.999999463558197,0.9991075992584229,0.978186845779419,1.0,1.0,1.0,0.7770220041275024,-0.23780155181884766,-0.23346155881881714,0.29210004210472107,0.0,0.9882104992866516,3.4800000190734863,0.0,0.8512864112854004,0.9882104992866516,889.0,-1.0,-1.0,PASS,2.0,0.0
889,31.372547149658203,-0.22454865276813507,0.003988443408161402,0.0,3.4800000190734863,0.9873846173286438,0.999999463558197,0.9986962676048279,0.9773476719856262,1.0,1.0,1.0,0.782742977142334,-0.22454865276813507,-0.22115333378314972,0.2285209745168686,0.0,0.9873846173286438,3.4800000190734863,0.0,0.8512864112854004,0.9873846173286438,890.0,-1.0,-1.0,PASS,2.0,0.0
890,33.73098373413086,-0.22621352970600128,0.0035303374752402306,0.0,3.4800000190734863,0.9877365827560425,0.999999463558197,0.9991090893745422,0.9772352576255798,1.0,1.0,1.0,0.7560030221939087,-0.22621352970600128,-0.22320818901062012,0.2022734433412552,0.0,0.9877365827560425,3.4800000190734863,0.0,0.8512864112854004,0.9877365827560425,891.0,-1.0,-1.0,PASS,2.0,0.0
891,37.413835525512695,-0.22274650633335114,0.0019006499787792563,0.0,3.4800000190734863,0.9882584810256958,0.999999463558197,0.9985543489456177,0.9793789982795715,1.0,1.0,1.0,0.7608219981193542,-0.22274650633335114,-0.22112850844860077,0.10889922082424164,0.0,0.9882584810256958,3.4800000190734863,0.0,0.8512864112854004,0.9882584810256958,892.0,-1.0,-1.0,PASS,2.0,0.0
892,37.6741886138916,-0.22290615737438202,0.0028774398379027843,0.0,3.4800000190734863,0.9879918098449707,0.999999463558197,0.9979044198989868,0.9801337122917175,1.0,1.0,1.0,0.773485004901886,-0.22290615737438202,-0.22045662999153137,0.1648651659488678,0.0,0.9879918098449707,3.4800000190734863,0.0,0.8512864112854004,0.9879918098449707,893.0,-1.0,-1.0,PASS,2.0,0.0
893,38.44738006591797,-0.22577624022960663,0.0035774633288383484,0.0,3.4800000190734863,0.9881761074066162,0.999999463558197,0.9988917708396912,0.9785453677177429,1.0,1.0,1.0,0.762283980846405,-0.22577624022960663,-0.22273078560829163,0.20497354865074158,0.0,0.9881761074066162,3.4800000190734863,0.0,0.8512864112854004,0.9881761074066162,894.0,-1.0,-1.0,PASS,2.0,0.0
894,40.76433181762695,-0.224911168217659,0.003128224052488804,0.0,3.4800000190734863,0.9882686138153076,0.999999463558197,0.9991503953933716,0.9782184362411499,1.0,1.0,1.0,0.7472969889640808,-0.224911168217659,-0.2222481518983841,0.17923404276371002,0.0,0.9882686138153076,3.4800000190734863,0.0,0.8512864112854004,0.9882686138153076,895.0,-1.0,-1.0,PASS,2.0,0.0
895,42.52028465270996,-0.22325952351093292,0.0032870552968233824,0.0,3.4800000190734863,0.9883692264556885,0.999999463558197,0.9987990856170654,0.9791156649589539,1.0,1.0,1.0,0.7799869775772095,-0.22325952351093292,-0.22046129405498505,0.1883343905210495,0.0,0.9883692264556885,3.4800000190734863,0.0,0.8512864112854004,0.9883692264556885,896.0,-1.0,-1.0,PASS,2.0,0.0
896,42.82975196838379,-0.239301860332489,0.004633257165551186,0.0,3.4800000190734863,0.9889876246452332,0.999999463558197,0.9996113777160645,0.9787447452545166,1.0,1.0,1.0,0.7672640085220337,-0.239301860332489,-0.2353575974702835,0.2654660940170288,0.0,0.9889876246452332,3.4800000190734863,0.0,0.8512864112854004,0.9889876246452332,897.0,-1.0,-1.0,PASS,2.0,0.0
897,46.7686653137207,-0.24028807878494263,0.004428052809089422,0.0,3.4800000190734863,0.9891248345375061,0.999999463558197,0.999623715877533,0.9789948463439941,1.0,1.0,1.0,0.7561730146408081,-0.24028807878494263,-0.2365185171365738,0.25370875000953674,0.0,0.9891248345375061,3.4800000190734863,0.0,0.8512864112854004,0.9891248345375061,898.0,-1.0,-1.0,PASS,2.0,0.0
898,46.30732536315918,-0.22560903429985046,0.0033760657534003258,0.0,3.4800000190734863,0.9890220761299133,0.999999463558197,0.9998603463172913,0.9783208966255188,1.0,1.0,1.0,0.7666630148887634,-0.22560903429985046,-0.22273501753807068,0.19343431293964386,0.0,0.9890220761299133,3.4800000190734863,0.0,0.8512864112854004,0.9890220761299133,899.0,-1.0,-1.0,PASS,2.0,0.0
899,24.207592010498047,-0.22440217435359955,0.003564454149454832,0.0,3.4800000190734863,0.9890352487564087,0.999999463558197,0.9996586441993713,0.9787464141845703,1.0,1.0,1.0,0.732388973236084,-0.22440217435359955,-0.22136779129505157,0.20422817766666412,0.0,0.9890352487564087,3.4800000190734863,0.0,0.8512864112854004,0.9890352487564087,900.0,-1.0,-1.0,PASS,2.0,0.0
900,25.648117065429688,-0.23847287893295288,0.004769260063767433,0.0,3.4800000190734863,0.9892286658287048,0.999999463558197,0.9992028474807739,0.980036199092865,1.0,1.0,0.0,1.7182780504226685,-0.23847287893295288,-0.23441284894943237,0.2732584774494171,0.0,0.9892286658287048,3.4800000190734863,0.0,0.8512864112854004,0.9892286658287048,901.0,-1.0,-1.0,PASS,2.0,0.0
901,24.40929412841797,-0.23474039137363434,0.006085274741053581,0.0,3.4800000190734863,0.9888598322868347,0.999999463558197,0.9990804195404053,0.9795404672622681,1.0,1.0,1.0,0.735945999622345,-0.23474039137363434,-0.2295600175857544,0.34866055846214294,0.0,0.9888598322868347,3.4800000190734863,0.0,0.8512864112854004,0.9888598322868347,902.0,-1.0,-1.0,PASS,2.0,0.0
902,26.516437530517578,-0.2339494824409485,0.008592518046498299,0.0,3.4800000190734863,0.9890116453170776,0.999999463558197,0.9996336698532104,0.9787485599517822,1.0,1.0,1.0,0.754010021686554,-0.2339494824409485,-0.22663460671901703,0.49231502413749695,0.0,0.9890116453170776,3.4800000190734863,0.0,0.8512864112854004,0.9890116453170776,903.0,-1.0,-1.0,PASS,2.0,0.0
903,24.20830726623535,-0.2349383533000946,0.007544294930994511,0.0,3.4800000190734863,0.9890732765197754,0.999999463558197,0.9995257258415222,0.9790856838226318,1.0,1.0,1.0,0.7488200068473816,-0.2349383533000946,-0.2285158783197403,0.4322562515735626,0.0,0.9890732765197754,3.4800000190734863,0.0,0.8512864112854004,0.9890732765197754,904.0,-1.0,-1.0,PASS,2.0,0.0
904,45.21608352661133,-0.23546889424324036,0.00640544667840004,0.0,3.4800000190734863,0.9892761707305908,0.999999463558197,0.9991798996925354,0.9801768064498901,1.0,1.0,1.0,0.7651699781417847,-0.23546889424324036,-0.23001594841480255,0.36700505018234253,0.0,0.9892761707305908,3.4800000190734863,0.0,0.8512864112854004,0.9892761707305908,905.0,-1.0,-1.0,PASS,2.0,0.0
905,24.535179138183594,-0.23231373727321625,0.007567787542939186,0.0,3.4800000190734863,0.9889514446258545,0.999999463558197,0.9992973208427429,0.9792941212654114,1.0,1.0,1.0,0.7484679818153381,-0.23231373727321625,-0.2258712649345398,0.4336022734642029,0.0,0.9889514446258545,3.4800000190734863,0.0,0.8512864112854004,0.9889514446258545,906.0,-1.0,-1.0,PASS,2.0,0.0
906,24.440288543701172,-0.22891847789287567,0.007953605614602566,0.0,3.4800000190734863,0.9889464378356934,0.999999463558197,0.9988702535629272,0.9801304340362549,1.0,1.0,1.0,0.7409849762916565,-0.22891847789287567,-0.22214753925800323,0.45570802688598633,0.0,0.9889464378356934,3.4800000190734863,0.0,0.8512864112854004,0.9889464378356934,907.0,-1.0,-1.0,PASS,2.0,0.0
907,27.284622192382812,-0.2291232794523239,0.008504404686391354,0.0,3.4800000190734863,0.9889843463897705,0.999999463558197,0.9987778663635254,0.9803895354270935,1.0,1.0,1.0,0.7445619702339172,-0.2291232794523239,-0.22188341617584229,0.487266480922699,0.0,0.9889843463897705,3.4800000190734863,0.0,0.8512864112854004,0.9889843463897705,908.0,-1.0,-1.0,PASS,2.0,0.0
908,24.33609962463379,-0.23142175376415253,0.006916707381606102,0.0,3.4800000190734863,0.989050030708313,0.999999463558197,0.9992919564247131,0.9795022010803223,1.0,1.0,1.0,0.735164999961853,-0.23142175376415253,-0.22553355991840363,0.3962981402873993,0.0,0.989050030708313,3.4800000190734863,0.0,0.8512864112854004,0.989050030708313,909.0,-1.0,-1.0,PASS,2.0,0.0
909,24.39713478088379,-0.2314525544643402,0.006469877902418375,0.0,3.4800000190734863,0.9891055226325989,0.999999463558197,0.999192476272583,0.979810357093811,1.0,1.0,1.0,0.7952449917793274,-0.2314525544643402,-0.22594475746154785,0.37069669365882874,0.0,0.9891055226325989,3.4800000190734863,0.0,0.8512864112854004,0.9891055226325989,910.0,-1.0,-1.0,PASS,2.0,0.0
910,24.51491355895996,-0.23054838180541992,0.007894502952694893,0.0,3.4800000190734863,0.9890965819358826,0.999999463558197,0.9995648860931396,0.9790548086166382,1.0,1.0,1.0,0.7522460222244263,-0.23054838180541992,-0.2238277643918991,0.45232170820236206,0.0,0.9890965819358826,3.4800000190734863,0.0,0.8512864112854004,0.9890965819358826,911.0,-1.0,-1.0,PASS,2.0,0.0
911,25.06089210510254,-0.23050841689109802,0.006558597553521395,0.0,3.4800000190734863,0.9891970157623291,0.999999463558197,0.9996388554573059,0.9791093468666077,1.0,1.0,1.0,0.7825620174407959,-0.23050841689109802,-0.22492508590221405,0.3757799565792084,0.0,0.9891970157623291,3.4800000190734863,0.0,0.8512864112854004,0.9891970157623291,912.0,-1.0,-1.0,PASS,2.0,0.0
912,27.213096618652344,-0.22881218791007996,0.007040751166641712,0.0,3.4800000190734863,0.9892247915267944,0.999999463558197,0.9989104270935059,0.9806081056594849,1.0,1.0,1.0,0.7906469702720642,-0.22881218791007996,-0.22281838953495026,0.4034053385257721,0.0,0.9892247915267944,3.4800000190734863,0.0,0.8512864112854004,0.9892247915267944,913.0,-1.0,-1.0,PASS,2.0,0.0
913,26.756763458251953,-0.22820760309696198,0.0067678275518119335,0.0,3.4800000190734863,0.9891842603683472,0.999999463558197,0.9988560080528259,0.9806347489356995,1.0,1.0,1.0,0.7323489785194397,-0.22820760309696198,-0.22244615852832794,0.3877679407596588,0.0,0.9891842603683472,3.4800000190734863,0.0,0.8512864112854004,0.9891842603683472,914.0,-1.0,-1.0,PASS,2.0,0.0
914,30.538558959960938,-0.22451986372470856,0.007525313645601273,0.0,3.4800000190734863,0.9888600707054138,0.999999463558197,0.9983892440795898,0.9809114336967468,1.0,1.0,1.0,0.725587010383606,-0.22451986372470856,-0.21811354160308838,0.43116870522499084,0.0,0.9888600707054138,3.4800000190734863,0.0,0.8512864112854004,0.9888600707054138,915.0,-1.0,-1.0,PASS,2.0,0.0
915,33.62321853637695,-0.2255745530128479,0.0074455575086176395,0.0,3.4800000190734863,0.9890274405479431,0.999999463558197,0.9987027049064636,0.9806249141693115,1.0,1.0,0.0,1.724951982498169,-0.2255745530128479,-0.21923613548278809,0.42659902572631836,0.0,0.9890274405479431,3.4800000190734863,0.0,0.8512864112854004,0.9890274405479431,916.0,-1.0,-1.0,PASS,2.0,0.0
916,37.04333305358887,-0.22443614900112152,0.007351934909820557,0.0,3.4800000190734863,0.9890220761299133,0.999999463558197,0.9990749955177307,0.9798761010169983,1.0,1.0,1.0,0.7234820127487183,-0.22443614900112152,-0.2181774377822876,0.4212348461151123,0.0,0.9890220761299133,3.4800000190734863,0.0,0.8512864112854004,0.9890220761299133,917.0,-1.0,-1.0,PASS,2.0,0.0
917,39.32976722717285,-0.22285184264183044,0.007519104052335024,0.0,3.4800000190734863,0.9891210794448853,0.999999463558197,0.9988774657249451,0.9804657697677612,1.0,1.0,1.0,1.344323992729187,-0.22285184264183044,-0.21645081043243408,0.43081292510032654,0.0,0.9891210794448853,3.4800000190734863,0.0,0.8512864112854004,0.9891210794448853,918.0,-1.0,-1.0,PASS,2.0,0.0
918,39.03555870056152,-0.22242029011249542,0.00813415925949812,0.0,3.4800000190734863,0.9889600276947021,0.999999463558197,0.9989724159240723,0.9799551367759705,1.0,1.0,1.0,0.7375689744949341,-0.22242029011249542,-0.21549563109874725,0.4660530090332031,0.0,0.9889600276947021,3.4800000190734863,0.0,0.8512864112854004,0.9889600276947021,919.0,-1.0,-1.0,PASS,2.0,0.0
919,42.75870323181152,-0.22138074040412903,0.0077034770511090755,0.0,3.4800000190734863,0.9890800714492798,0.999999463558197,0.9985781908035278,0.9809771776199341,1.0,1.0,1.0,0.7474070191383362,-0.22138074040412903,-0.21482273936271667,0.4413767158985138,0.0,0.9890800714492798,3.4800000190734863,0.0,0.8512864112854004,0.9890800714492798,920.0,-1.0,-1.0,PASS,2.0,0.0
920,24.335145950317383,-0.22178442776203156,0.007229914423078299,0.0,3.4800000190734863,0.9891237020492554,0.999999463558197,0.9989475011825562,0.9803321361541748,1.0,1.0,1.0,0.7524960041046143,-0.22178442776203156,-0.21562959253787994,0.41424357891082764,0.0,0.9891237020492554,3.4800000190734863,0.0,0.8512864112854004,0.9891237020492554,921.0,-1.0,-1.0,PASS,2.0,0.0
921,24.724483489990234,-0.22255727648735046,0.006875765509903431,0.0,3.4800000190734863,0.9892458915710449,0.999999463558197,0.9996324181556702,0.9792197942733765,1.0,1.0,1.0,0.7320780158042908,-0.22255727648735046,-0.21670393645763397,0.393952339887619,0.0,0.9892458915710449,3.4800000190734863,0.0,0.8512864112854004,0.9892458915710449,922.0,-1.0,-1.0,PASS,2.0,0.0
922,27.184724807739258,-0.2205447256565094,0.008032064884901047,0.0,3.4800000190734863,0.989113450050354,0.999999463558197,0.999289870262146,0.9796332120895386,1.0,1.0,1.0,0.7523360252380371,-0.2205447256565094,-0.21370698511600494,0.4602034091949463,0.0,0.989113450050354,3.4800000190734863,0.0,0.8512864112854004,0.989113450050354,923.0,-1.0,-1.0,PASS,2.0,0.0
923,24.28722381591797,-0.2195586860179901,0.008148493245244026,0.0,3.4800000190734863,0.9887250661849976,0.999999463558197,0.9987779259681702,0.9798702597618103,1.0,1.0,1.0,0.7309370040893555,-0.2195586860179901,-0.21262183785438538,0.46687427163124084,0.0,0.9887250661849976,3.4800000190734863,0.0,0.8512864112854004,0.9887250661849976,924.0,-1.0,-1.0,PASS,2.0,0.0
924,23.940563201904297,-0.21910670399665833,0.008063341490924358,0.0,3.4800000190734863,0.9887877702713013,0.999999463558197,0.9985059499740601,0.9805350303649902,1.0,1.0,1.0,0.7344229817390442,-0.21910670399665833,-0.21224233508110046,0.4619954228401184,0.0,0.9887877702713013,3.4800000190734863,0.0,0.8512864112854004,0.9887877702713013,925.0,-1.0,-1.0,PASS,2.0,0.0
925,42.13905334472656,-0.2173204869031906,0.008477449417114258,0.0,3.4800000190734863,0.9890558123588562,0.999999463558197,0.9986583590507507,0.980769693851471,1.0,1.0,1.0,0.7464050054550171,-0.2173204869031906,-0.2101035714149475,0.48572206497192383,0.0,0.9890558123588562,3.4800000190734863,0.0,0.8512864112854004,0.9890558123588562,926.0,-1.0,-1.0,PASS,2.0,0.0
926,24.184226989746094,-0.2175808846950531,0.009702689945697784,0.0,3.4800000190734863,0.9890509843826294,0.999999463558197,0.9991129636764526,0.9798587560653687,1.0,1.0,1.0,0.746084988117218,-0.2175808846950531,-0.20932085812091827,0.5559231638908386,0.0,0.9890509843826294,3.4800000190734863,0.0,0.8512864112854004,0.9890509843826294,927.0,-1.0,-1.0,PASS,2.0,0.0
927,26.279211044311523,-0.2175281047821045,0.010549305938184261,0.0,3.4800000190734863,0.9888562560081482,0.999999463558197,0.9989998936653137,0.9796929955482483,1.0,1.0,1.0,0.7540389895439148,-0.2175281047821045,-0.20854729413986206,0.6044307351112366,0.0,0.9888562560081482,3.4800000190734863,0.0,0.8512864112854004,0.9888562560081482,928.0,-1.0,-1.0,PASS,2.0,0.0
928,24.425268173217773,-0.21773752570152283,0.010693101212382317,0.0,3.4800000190734863,0.9891446232795715,0.999999463558197,0.9992691874504089,0.9797366261482239,1.0,1.0,1.0,0.7401729822158813,-0.21773752570152283,-0.20863428711891174,0.6126695871353149,0.0,0.9891446232795715,3.4800000190734863,0.0,0.8512864112854004,0.9891446232795715,929.0,-1.0,-1.0,PASS,2.0,0.0
929,23.8344669342041,-0.21878978610038757,0.009344798512756824,0.0,3.4800000190734863,0.9890442490577698,0.999999463558197,0.9984967112541199,0.9810671210289001,1.0,1.0,1.0,0.7271289825439453,-0.21878978610038757,-0.21083445847034454,0.5354174971580505,0.0,0.9890442490577698,3.4800000190734863,0.0,0.8512864112854004,0.9890442490577698,930.0,-1.0,-1.0,PASS,2.0,0.0
930,24.42765235900879,-0.21622295677661896,0.008787029422819614,0.0,3.4800000190734863,0.9891144633293152,0.999999463558197,0.9985443949699402,0.9811131954193115,1.0,1.0,0.0,1.7191200256347656,-0.21622295677661896,-0.20874248445034027,0.5034596920013428,0.0,0.9891144633293152,3.4800000190734863,0.0,0.8512864112854004,0.9891144633293152,931.0,-1.0,-1.0,PASS,2.0,0.0
931,24.48272705078125,-0.2140200138092041,0.01066733617335558,0.0,3.4800000190734863,0.9892222285270691,0.999999463558197,0.9989272952079773,0.9805694818496704,1.0,1.0,1.0,0.7279809713363647,-0.2140200138092041,-0.20493870973587036,0.6111933588981628,0.0,0.9892222285270691,3.4800000190734863,0.0,0.8512864112854004,0.9892222285270691,932.0,-1.0,-1.0,PASS,2.0,0.0
932,27.39429473876953,-0.21262483298778534,0.009794780984520912,0.0,3.4800000190734863,0.9891843199729919,0.999999463558197,0.9991887211799622,0.9799755215644836,1.0,1.0,1.0,0.7925500273704529,-0.21262483298778534,-0.2042863965034485,0.5611996054649353,0.0,0.9891843199729919,3.4800000190734863,0.0,0.8512864112854004,0.9891843199729919,933.0,-1.0,-1.0,PASS,2.0,0.0
933,25.712966918945312,-0.21131139993667603,0.010555782355368137,0.0,3.4800000190734863,0.9890477657318115,0.999999463558197,0.9990225434303284,0.980031430721283,1.0,1.0,1.0,0.7523760199546814,-0.21131139993667603,-0.20232507586479187,0.6048017740249634,0.0,0.9890477657318115,3.4800000190734863,0.0,0.8512864112854004,0.9890477657318115,934.0,-1.0,-1.0,PASS,2.0,0.0
934,28.266429901123047,-0.20967300236225128,0.01007742341607809,0.0,3.4800000190734863,0.9889683723449707,0.999999463558197,0.9982829093933105,0.9813394546508789,1.0,1.0,1.0,0.7328389883041382,-0.20967300236225128,-0.20109394192695618,0.5773938298225403,0.0,0.9889683723449707,3.4800000190734863,0.0,0.8512864112854004,0.9889683723449707,935.0,-1.0,-1.0,PASS,2.0,0.0
935,30.83515167236328,-0.20780843496322632,0.012775221839547157,0.0,3.4800000190734863,0.9890604019165039,0.999999463558197,0.9986648559570312,0.9807659387588501,1.0,1.0,1.0,0.766431987285614,-0.20780843496322632,-0.19693246483802795,0.7319663166999817,0.0,0.9890604019165039,3.4800000190734863,0.0,0.8512864112854004,0.9890604019165039,936.0,-1.0,-1.0,PASS,2.0,0.0
936,33.64968299865723,-0.20564161241054535,0.01276321429759264,0.0,3.4800000190734863,0.9890033006668091,0.999999463558197,0.9993148446083069,0.979363203048706,1.0,1.0,1.0,0.7692779898643494,-0.20564161241054535,-0.19477586448192596,0.7312783002853394,0.0,0.9890033006668091,3.4800000190734863,0.0,0.8512864112854004,0.9890033006668091,937.0,-1.0,-1.0,PASS,2.0,0.0
937,35.60686111450195,-0.2182917296886444,0.01348129566758871,0.0,3.4800000190734863,0.9888039231300354,0.999999463558197,0.9984821677207947,0.9806146621704102,1.0,1.0,1.0,0.8314129710197449,-0.2182917296886444,-0.20681458711624146,0.7724213600158691,0.0,0.9888039231300354,3.4800000190734863,0.0,0.8512864112854004,0.9888039231300354,938.0,-1.0,-1.0,PASS,2.0,0.0
938,35.565853118896484,-0.219405859708786,0.013564029708504677,0.0,3.4800000190734863,0.9889123439788818,0.999999463558197,0.9987912774085999,0.9802187085151672,1.0,1.0,1.0,0.7619140148162842,-0.219405859708786,-0.20785827934741974,0.7771616578102112,0.0,0.9889123439788818,3.4800000190734863,0.0,0.8512864112854004,0.9889123439788818,939.0,-1.0,-1.0,PASS,2.0,0.0
939,37.9939079284668,-0.2025405615568161,0.012692803516983986,0.0,3.4800000190734863,0.9885343313217163,0.999999463558197,0.999083399772644,0.9788830876350403,1.0,1.0,1.0,0.7286919951438904,-0.2025405615568161,-0.19173477590084076,0.7272440791130066,0.0,0.9885343313217163,3.4800000190734863,0.0,0.8512864112854004,0.9885343313217163,940.0,-1.0,-1.0,PASS,2.0,0.0
940,38.84148597717285,-0.20306715369224548,0.012654091231524944,0.0,3.4800000190734863,0.988527774810791,0.999999463558197,0.998783528804779,0.979464054107666,1.0,1.0,1.0,0.755541980266571,-0.20306715369224548,-0.19229432940483093,0.72502601146698,0.0,0.988527774810791,3.4800000190734863,0.0,0.8512864112854004,0.988527774810791,941.0,-1.0,-1.0,PASS,2.0,0.0
941,39.495229721069336,-0.1998036950826645,0.012609923258423805,0.0,3.4800000190734863,0.9886333346366882,0.999999463558197,0.9989300966262817,0.9793848991394043,1.0,1.0,1.0,0.7255669832229614,-0.1998036950826645,-0.18906846642494202,0.7224953770637512,0.0,0.9886333346366882,3.4800000190734863,0.0,0.8512864112854004,0.9886333346366882,942.0,-1.0,-1.0,PASS,2.0,0.0
942,42.91129112243652,-0.20995454490184784,0.014740574173629284,0.0,3.4800000190734863,0.9888558983802795,0.999999463558197,0.9983543157577515,0.980972409248352,1.0,1.0,1.0,0.7465550303459167,-0.20995454490184784,-0.19740518927574158,0.8445726633071899,0.0,0.9888558983802795,3.4800000190734863,0.0,0.8512864112854004,0.9888558983802795,943.0,-1.0,-1.0,PASS,2.0,0.0
943,42.95682907104492,-0.21193180978298187,0.016070572659373283,0.0,3.4800000190734863,0.9891946911811829,0.999999463558197,0.9991350769996643,0.9801025390625,1.0,1.0,1.0,0.7432500123977661,-0.21193180978298187,-0.1982499659061432,0.9207760095596313,0.0,0.9891946911811829,3.4800000190734863,0.0,0.8512864112854004,0.9891946911811829,944.0,-1.0,-1.0,PASS,2.0,0.0
944,24.044036865234375,-0.21143412590026855,0.01591341756284237,0.0,3.4800000190734863,0.9890796542167664,0.999999463558197,0.9993438720703125,0.9794586300849915,1.0,1.0,1.0,0.7263270020484924,-0.21143412590026855,-0.19788610935211182,0.9117716550827026,0.0,0.9890796542167664,3.4800000190734863,0.0,0.8512864112854004,0.9890796542167664,945.0,-1.0,-1.0,PASS,2.0,0.0
945,26.101112365722656,-0.21028736233711243,0.0166348647326231,0.0,3.4800000190734863,0.9889814853668213,0.999999463558197,0.9992520213127136,0.9794440269470215,1.0,1.0,0.0,1.7191400527954102,-0.21028736233711243,-0.19612501561641693,0.9531075358390808,0.0,0.9889814853668213,3.4800000190734863,0.0,0.8512864112854004,0.9889814853668213,946.0,-1.0,-1.0,PASS,2.0,0.0
946,33.38885307312012,-0.21198774874210358,0.015914300456643105,0.0,3.4800000190734863,0.9891487956047058,0.999999463558197,0.999010443687439,0.9802576899528503,1.0,1.0,1.0,0.7498520016670227,-0.21198774874210358,-0.19843897223472595,0.9118222594261169,0.0,0.9891487956047058,3.4800000190734863,0.0,0.8512864112854004,0.9891487956047058,947.0,-1.0,-1.0,PASS,2.0,0.0
947,26.440143585205078,-0.20987701416015625,0.017716798931360245,0.0,3.4800000190734863,0.98890620470047,0.999999463558197,0.9987402558326721,0.9803075790405273,1.0,1.0,1.0,0.7694470286369324,-0.20987701416015625,-0.19479337334632874,1.0150978565216064,0.0,0.98890620470047,3.4800000190734863,0.0,0.8512864112854004,0.98890620470047,948.0,-1.0,-1.0,PASS,2.0,0.0
948,24.267196655273438,-0.2085953652858734,0.01824847422540188,0.0,3.4800000190734863,0.9890503287315369,0.999999463558197,0.9988349080085754,0.9804086089134216,1.0,1.0,1.0,0.7365869879722595,-0.2085953652858734,-0.19305896759033203,1.045560598373413,0.0,0.9890503287315369,3.4800000190734863,0.0,0.8512864112854004,0.9890503287315369,949.0,-1.0,-1.0,PASS,2.0,0.0
949,24.277210235595703,-0.2075057476758957,0.01893799938261509,0.0,3.4800000190734863,0.9890341758728027,0.999999463558197,0.9987323880195618,0.9805794954299927,1.0,1.0,1.0,0.7295539975166321,-0.2075057476758957,-0.19138215482234955,1.0850673913955688,0.0,0.9890341758728027,3.4800000190734863,0.0,0.8512864112854004,0.9890341758728027,950.0,-1.0,-1.0,PASS,2.0,0.0
950,24.668455123901367,-0.20639477670192719,0.019258741289377213,0.0,3.4800000190734863,0.9890766739845276,0.999999463558197,0.9992416501045227,0.9796552062034607,1.0,1.0,1.0,0.7436699867248535,-0.20639477670192719,-0.18999804556369781,1.1034445762634277,0.0,0.9890766739845276,3.4800000190734863,0.0,0.8512864112854004,0.9890766739845276,951.0,-1.0,-1.0,PASS,2.0,0.0
951,24.160146713256836,-0.20666199922561646,0.018766703084111214,0.0,3.4800000190734863,0.9890812635421753,0.999999463558197,0.9988101124763489,0.980519711971283,1.0,1.0,1.0,0.739512026309967,-0.20666199922561646,-0.19068428874015808,1.075252890586853,0.0,0.9890812635421753,3.4800000190734863,0.0,0.8512864112854004,0.9890812635421753,952.0,-1.0,-1.0,PASS,2.0,0.0
952,26.692867279052734,-0.20664337277412415,0.01839127205312252,0.0,3.4800000190734863,0.9889727830886841,0.999999463558197,0.9987203478813171,0.9804804921150208,1.0,1.0,1.0,0.7501819729804993,-0.20664337277412415,-0.19098536670207977,1.0537422895431519,0.0,0.9889727830886841,3.4800000190734863,0.0,0.8512864112854004,0.9889727830886841,953.0,-1.0,-1.0,PASS,2.0,0.0
953,24.218320846557617,-0.2067805975675583,0.018613800406455994,0.0,3.4800000190734863,0.9889916777610779,0.999999463558197,0.9980570077896118,0.9818344712257385,1.0,1.0,1.0,0.739874005317688,-0.2067805975675583,-0.19093309342861176,1.0664921998977661,0.0,0.9889916777610779,3.4800000190734863,0.0,0.8512864112854004,0.9889916777610779,954.0,-1.0,-1.0,PASS,2.0,0.0
954,23.920059204101562,-0.20673099160194397,0.019327837973833084,0.0,3.4800000190734863,0.988988995552063,0.999999463558197,0.9984303712844849,0.9810881018638611,1.0,1.0,1.0,0.7855579853057861,-0.20673099160194397,-0.1902754157781601,1.1074035167694092,0.0,0.988988995552063,3.4800000190734863,0.0,0.8512864112854004,0.988988995552063,955.0,-1.0,-1.0,PASS,2.0,0.0
955,25.123119354248047,-0.20578022301197052,0.018988467752933502,0.0,3.4800000190734863,0.9890183210372925,0.999999463558197,0.9978770613670349,0.9822453856468201,1.0,1.0,1.0,0.7480779886245728,-0.20578022301197052,-0.18961365520954132,1.0879590511322021,0.0,0.9890183210372925,3.4800000190734863,0.0,0.8512864112854004,0.9890183210372925,956.0,-1.0,-1.0,PASS,2.0,0.0
956,29.179811477661133,-0.20111249387264252,0.019945718348026276,0.0,3.4800000190734863,0.9887399077415466,0.999999463558197,0.9971873164176941,0.983057975769043,1.0,1.0,1.0,0.7382709980010986,-0.20111249387264252,-0.1841307282447815,1.1428054571151733,0.0,0.9887399077415466,3.4800000190734863,0.0,0.8512864112854004,0.9887399077415466,957.0,-1.0,-1.0,PASS,2.0,0.0
957,32.43827819824219,-0.20142468810081482,0.02047731727361679,0.0,3.4800000190734863,0.9887275695800781,0.999999463558197,0.9975012540817261,0.9824091196060181,1.0,1.0,1.0,0.7535589933395386,-0.20142468810081482,-0.18399019539356232,1.1732639074325562,0.0,0.9887275695800781,3.4800000190734863,0.0,0.8512864112854004,0.9887275695800781,958.0,-1.0,-1.0,PASS,2.0,0.0
958,34.92927551269531,-0.20015181601047516,0.02140415459871292,0.0,3.4800000190734863,0.9888129830360413,0.999999463558197,0.9980668425559998,0.981456995010376,1.0,1.0,1.0,0.7479979991912842,-0.20015181601047516,-0.18192796409130096,1.226367712020874,0.0,0.9888129830360413,3.4800000190734863,0.0,0.8512864112854004,0.9888129830360413,959.0,-1.0,-1.0,PASS,2.0,0.0
959,38.32268714904785,-0.20014241337776184,0.02178683876991272,0.0,3.4800000190734863,0.9887718558311462,0.999999463558197,0.9980499744415283,0.9814080595970154,1.0,1.0,1.0,0.7385500073432922,-0.20014241337776184,-0.1815926432609558,1.2482938766479492,0.0,0.9887718558311462,3.4800000190734863,0.0,0.8512864112854004,0.9887718558311462,960.0,-1.0,-1.0,PASS,2.0,0.0
960,41.37849807739258,-0.1992870271205902,0.021211454644799232,0.0,3.4800000190734863,0.988752007484436,0.999999463558197,0.9976001381874084,0.9822616577148438,1.0,1.0,0.0,1.7172960042953491,-0.1992870271205902,-0.18122729659080505,1.2153267860412598,0.0,0.988752007484436,3.4800000190734863,0.0,0.8512864112854004,0.988752007484436,961.0,-1.0,-1.0,PASS,2.0,0.0
961,43.72739791870117,-0.21263620257377625,0.022511642426252365,0.0,3.4800000190734863,0.9888418316841125,0.999999463558197,0.997890055179596,0.9818658232688904,1.0,1.0,1.0,0.7255160212516785,-0.21263620257377625,-0.1934691071510315,1.2898221015930176,0.0,0.9888418316841125,3.4800000190734863,0.0,0.8512864112854004,0.9888418316841125,962.0,-1.0,-1.0,PASS,2.0,0.0
962,46.53310775756836,-0.2138095200061798,0.022284718230366707,0.0,3.4800000190734863,0.9887142181396484,0.999999463558197,0.9972197413444519,0.9829419851303101,1.0,1.0,1.0,0.7908779978752136,-0.2138095200061798,-0.19483570754528046,1.2768203020095825,0.0,0.9887142181396484,3.4800000190734863,0.0,0.8512864112854004,0.9887142181396484,963.0,-1.0,-1.0,PASS,2.0,0.0
963,46.91147804260254,-0.2126571536064148,0.02183173969388008,0.0,3.4800000190734863,0.9887721538543701,0.999999463558197,0.9960039854049683,0.9854786992073059,1.0,1.0,1.0,0.765841007232666,-0.2126571536064148,-0.19406913220882416,1.2508665323257446,0.0,0.9887721538543701,3.4800000190734863,0.0,0.8512864112854004,0.9887721538543701,964.0,-1.0,-1.0,PASS,2.0,0.0
964,24.5819091796875,-0.2126535326242447,0.022364990785717964,0.0,3.4800000190734863,0.9886327981948853,0.999999463558197,0.9971585273742676,0.9829005599021912,1.0,1.0,1.0,0.7497320175170898,-0.2126535326242447,-0.19361133873462677,1.2814196348190308,0.0,0.9886327981948853,3.4800000190734863,0.0,0.8512864112854004,0.9886327981948853,965.0,-1.0,-1.0,PASS,2.0,0.0
965,24.495363235473633,-0.21257701516151428,0.023040011525154114,0.0,3.4800000190734863,0.9886237978935242,0.999999463558197,0.9981988668441772,0.9808157682418823,1.0,1.0,1.0,0.7437499761581421,-0.21257701516151428,-0.19295988976955414,1.320095419883728,0.0,0.9886237978935242,3.4800000190734863,0.0,0.8512864112854004,0.9886237978935242,966.0,-1.0,-1.0,PASS,2.0,0.0
966,24.19304847717285,-0.21113140881061554,0.023077482357621193,0.0,3.4800000190734863,0.9886096119880676,0.999999463558197,0.9971866011619568,0.982798159122467,1.0,1.0,1.0,0.7447720170021057,-0.21113140881061554,-0.19148238003253937,1.3222423791885376,0.0,0.9886096119880676,3.4800000190734863,0.0,0.8512864112854004,0.9886096119880676,967.0,-1.0,-1.0,PASS,2.0,0.0
967,38.61713409423828,-0.2104530781507492,0.024632086977362633,0.0,3.4800000190734863,0.9885271191596985,0.999999463558197,0.9979081749916077,0.9811991453170776,1.0,1.0,1.0,0.7512750029563904,-0.2104530781507492,-0.18947987258434296,1.411314606666565,0.0,0.9885271191596985,3.4800000190734863,0.0,0.8512864112854004,0.9885271191596985,968.0,-1.0,-1.0,PASS,2.0,0.0
968,24.547100067138672,-0.20973293483257294,0.02451069839298725,0.0,3.4800000190734863,0.9886143207550049,0.999999463558197,0.997707724571228,0.9817718267440796,1.0,1.0,1.0,0.7390120029449463,-0.20973293483257294,-0.1888631284236908,1.4043595790863037,0.0,0.9886143207550049,3.4800000190734863,0.0,0.8512864112854004,0.9886143207550049,969.0,-1.0,-1.0,PASS,2.0,0.0
969,24.036884307861328,-0.20863710343837738,0.02475694939494133,0.0,3.4800000190734863,0.9885123372077942,0.999999463558197,0.9984976649284363,0.9799997210502625,1.0,1.0,1.0,0.7297750115394592,-0.20863710343837738,-0.18755754828453064,1.418468713760376,0.0,0.9885123372077942,3.4800000190734863,0.0,0.8512864112854004,0.9885123372077942,970.0,-1.0,-1.0,PASS,2.0,0.0
970,24.685144424438477,-0.20698282122612,0.025568891316652298,0.0,3.4800000190734863,0.9885631203651428,0.999999463558197,0.9987276792526245,0.9796454310417175,1.0,1.0,1.0,0.7478479743003845,-0.20698282122612,-0.18521162867546082,1.4649895429611206,0.0,0.9885631203651428,3.4800000190734863,0.0,0.8512864112854004,0.9885631203651428,971.0,-1.0,-1.0,PASS,2.0,0.0
971,24.457216262817383,-0.20421716570854187,0.026269156485795975,0.0,3.4800000190734863,0.9885193705558777,0.999999463558197,0.99873286485672,0.9795475602149963,1.0,1.0,1.0,0.7381799817085266,-0.20421716570854187,-0.18184944987297058,1.505111813545227,0.0,0.9885193705558777,3.4800000190734863,0.0,0.8512864112854004,0.9885193705558777,972.0,-1.0,-1.0,PASS,2.0,0.0
972,26.4892578125,-0.20411725342273712,0.026447277516126633,0.0,3.4800000190734863,0.9885687828063965,0.999999463558197,0.9978717565536499,0.981354832649231,1.0,1.0,1.0,0.8108350038528442,-0.20411725342273712,-0.18159779906272888,1.515317440032959,0.0,0.9885687828063965,3.4800000190734863,0.0,0.8512864112854004,0.9885687828063965,973.0,-1.0,-1.0,PASS,2.0,0.0
973,24.975061416625977,-0.205110564827919,0.02606772631406784,0.0,3.4800000190734863,0.9885252714157104,0.999999463558197,0.9979360699653625,0.9811400175094604,1.0,1.0,1.0,0.7398830056190491,-0.205110564827919,-0.18291443586349487,1.4935706853866577,0.0,0.9885252714157104,3.4800000190734863,0.0,0.8512864112854004,0.9885252714157104,974.0,-1.0,-1.0,PASS,2.0,0.0
974,24.335622787475586,-0.20614877343177795,0.025712640956044197,0.0,3.4800000190734863,0.9885503649711609,0.999999463558197,0.9978439211845398,0.9813731908798218,1.0,1.0,1.0,0.7310360074043274,-0.20614877343177795,-0.18425512313842773,1.4732258319854736,0.0,0.9885503649711609,3.4800000190734863,0.0,0.8512864112854004,0.9885503649711609,975.0,-1.0,-1.0,PASS,2.0,0.0
975,25.199413299560547,-0.20449186861515045,0.025549540296196938,0.0,3.4800000190734863,0.9885526895523071,0.999999463558197,0.9976531863212585,0.9817566871643066,1.0,1.0,0.0,1.8070529699325562,-0.20449186861515045,-0.18273715674877167,1.4638807773590088,0.0,0.9885526895523071,3.4800000190734863,0.0,0.8512864112854004,0.9885526895523071,976.0,-1.0,-1.0,PASS,2.0,0.0
976,24.230241775512695,-0.20501546561717987,0.02701433375477791,0.0,3.4800000190734863,0.9885696768760681,0.999999463558197,0.9978456497192383,0.9814084768295288,1.0,1.0,1.0,0.7416859865188599,-0.20501546561717987,-0.18201293051242828,1.5478073358535767,0.0,0.9885696768760681,3.4800000190734863,0.0,0.8512864112854004,0.9885696768760681,977.0,-1.0,-1.0,PASS,2.0,0.0
977,26.716232299804688,-0.20328672230243683,0.027878019958734512,0.0,3.4800000190734863,0.9882729649543762,0.999999463558197,0.9980385303497314,0.9804309606552124,1.0,1.0,1.0,0.8663880228996277,-0.20328672230243683,-0.17954839766025543,1.5972929000854492,0.0,0.9882729649543762,3.4800000190734863,0.0,0.8512864112854004,0.9882729649543762,978.0,-1.0,-1.0,PASS,2.0,0.0
978,28.5036563873291,-0.2028498649597168,0.026845788583159447,0.0,3.4800000190734863,0.9882948398590088,0.999999463558197,0.9979000687599182,0.9807496070861816,1.0,1.0,1.0,0.74481201171875,-0.2028498649597168,-0.17999091744422913,1.538150429725647,0.0,0.9882948398590088,3.4800000190734863,0.0,0.8512864112854004,0.9882948398590088,979.0,-1.0,-1.0,PASS,2.0,0.0
979,31.486988067626953,-0.20201653242111206,0.027592644095420837,0.0,3.4800000190734863,0.9882805943489075,0.999999463558197,0.998508870601654,0.9795134663581848,1.0,1.0,1.0,0.7470070123672485,-0.20201653242111206,-0.1785213202238083,1.5809420347213745,0.0,0.9882805943489075,3.4800000190734863,0.0,0.8512864112854004,0.9882805943489075,980.0,-1.0,-1.0,PASS,2.0,0.0
980,31.07142448425293,-0.19841967523097992,0.02876141108572483,0.0,3.4800000190734863,0.98814457654953,0.999999463558197,0.9978626370429993,0.9805226922035217,1.0,1.0,1.0,0.7453929781913757,-0.19841967523097992,-0.17392872273921967,1.6479074954986572,0.0,0.98814457654953,3.4800000190734863,0.0,0.8512864112854004,0.98814457654953,981.0,-1.0,-1.0,PASS,2.0,0.0
981,32.22537040710449,-0.1989644169807434,0.02887268364429474,0.0,3.4800000190734863,0.9881964921951294,0.999999463558197,0.9969978332519531,0.9823448061943054,1.0,1.0,1.0,0.7308160066604614,-0.1989644169807434,-0.1743786633014679,1.6542829275131226,0.0,0.9881964921951294,3.4800000190734863,0.0,0.8512864112854004,0.9881964921951294,982.0,-1.0,-1.0,PASS,2.0,0.0
982,34.609317779541016,-0.20046275854110718,0.02746843732893467,0.0,3.4800000190734863,0.9881587624549866,0.999999463558197,0.9980998039245605,0.9800805449485779,1.0,1.0,1.0,0.753108024597168,-0.20046275854110718,-0.1770733743906021,1.573825478553772,0.0,0.9881587624549866,3.4800000190734863,0.0,0.8512864112854004,0.9881587624549866,983.0,-1.0,-1.0,PASS,2.0,0.0
983,34.73782539367676,-0.19935396313667297,0.02815094403922558,0.0,3.4800000190734863,0.9880117774009705,0.999999463558197,0.9970372319221497,0.9818958640098572,1.0,1.0,1.0,0.741595983505249,-0.19935396313667297,-0.17538312077522278,1.6129302978515625,0.0,0.9880117774009705,3.4800000190734863,0.0,0.8512864112854004,0.9880117774009705,984.0,-1.0,-1.0,PASS,2.0,0.0
984,38.46549987792969,-0.19926570355892181,0.02916339784860611,0.0,3.4800000190734863,0.9881353974342346,0.999999463558197,0.9971516728401184,0.9819163680076599,1.0,1.0,1.0,0.7282710075378418,-0.19926570355892181,-0.17443226277828217,1.670939564704895,0.0,0.9881353974342346,3.4800000190734863,0.0,0.8512864112854004,0.9881353974342346,985.0,-1.0,-1.0,PASS,2.0,0.0
985,40.142059326171875,-0.1984533667564392,0.030200259760022163,0.0,3.4800000190734863,0.9880717992782593,0.999999463558197,0.9965166449546814,0.9830516576766968,1.0,1.0,1.0,0.7537090182304382,-0.1984533667564392,-0.17273648083209991,1.7303473949432373,0.0,0.9880717992782593,3.4800000190734863,0.0,0.8512864112854004,0.9880717992782593,986.0,-1.0,-1.0,PASS,2.0,0.0
986,41.408538818359375,-0.19788439571857452,0.029892992228269577,0.0,3.4800000190734863,0.9880781173706055,0.999999463558197,0.9972356557846069,0.9816345572471619,1.0,1.0,1.0,0.7474669814109802,-0.19788439571857452,-0.17242930829524994,1.7127423286437988,0.0,0.9880781173706055,3.4800000190734863,0.0,0.8512864112854004,0.9880781173706055,987.0,-1.0,-1.0,PASS,2.0,0.0
987,44.45242881774902,-0.19824737310409546,0.03000081703066826,0.0,3.4800000190734863,0.9880706071853638,0.999999463558197,0.9973049759864807,0.9814817905426025,1.0,1.0,1.0,0.7807890176773071,-0.19824737310409546,-0.1727004200220108,1.7189202308654785,0.0,0.9880706071853638,3.4800000190734863,0.0,0.8512864112854004,0.9880706071853638,988.0,-1.0,-1.0,PASS,2.0,0.0
988,46.55957221984863,-0.2118564248085022,0.03086506575345993,0.0,3.4800000190734863,0.9881165027618408,0.999999463558197,0.997149646282196,0.981882631778717,1.0,1.0,1.0,0.7403140068054199,-0.2118564248085022,-0.18557307124137878,1.7684379816055298,0.0,0.9881165027618408,3.4800000190734863,0.0,0.8512864112854004,0.9881165027618408,989.0,-1.0,-1.0,PASS,2.0,0.0
989,24.66893196105957,-0.19713008403778076,0.030044255778193474,0.0,3.4800000190734863,0.9880541563034058,0.999999463558197,0.9973863363265991,0.9812872409820557,1.0,1.0,1.0,0.7794659733772278,-0.19713008403778076,-0.1715461164712906,1.7214090824127197,0.0,0.9880541563034058,3.4800000190734863,0.0,0.8512864112854004,0.9880541563034058,990.0,-1.0,-1.0,PASS,2.0,0.0
990,26.24368667602539,-0.1977037936449051,0.030093032866716385,0.0,3.4800000190734863,0.9881472587585449,0.999999463558197,0.9974768757820129,0.9812940955162048,1.0,1.0,0.0,1.9215259552001953,-0.1977037936449051,-0.17207826673984528,1.7242038249969482,0.0,0.9881472587585449,3.4800000190734863,0.0,0.8512864112854004,0.9881472587585449,991.0,-1.0,-1.0,PASS,2.0,0.0
991,24.945735931396484,-0.1967833936214447,0.03015037812292576,0.0,3.4800000190734863,0.9880707263946533,0.999999463558197,0.9972798824310303,0.9815319776535034,1.0,1.0,1.0,0.7526569962501526,-0.1967833936214447,-0.17110900580883026,1.7274894714355469,0.0,0.9880707263946533,3.4800000190734863,0.0,0.8512864112854004,0.9880707263946533,992.0,-1.0,-1.0,PASS,2.0,0.0
992,25.989532470703125,-0.2090294361114502,0.030745379626750946,0.0,3.4800000190734863,0.9884616136550903,0.999999463558197,0.9976076483726501,0.9816645979881287,1.0,1.0,1.0,0.7851970195770264,-0.2090294361114502,-0.18284806609153748,1.761580467224121,0.0,0.9884616136550903,3.4800000190734863,0.0,0.8512864112854004,0.9884616136550903,993.0,-1.0,-1.0,PASS,2.0,0.0
993,25.554656982421875,-0.20853956043720245,0.031251996755599976,0.0,3.4800000190734863,0.9882360100746155,0.999999463558197,0.9972396492958069,0.9819433689117432,1.0,1.0,1.0,0.7416459918022156,-0.20853956043720245,-0.18192648887634277,1.7906075716018677,0.0,0.9882360100746155,3.4800000190734863,0.0,0.8512864112854004,0.9882360100746155,994.0,-1.0,-1.0,PASS,2.0,0.0
994,25.315284729003906,-0.20915144681930542,0.03148098289966583,0.0,3.4800000190734863,0.9884167909622192,0.999999463558197,0.9984595775604248,0.9798839688301086,1.0,1.0,1.0,0.7488200068473816,-0.20915144681930542,-0.1823432594537735,1.8037275075912476,0.0,0.9884167909622192,3.4800000190734863,0.0,0.8512864112854004,0.9884167909622192,995.0,-1.0,-1.0,PASS,2.0,0.0
995,25.19702911376953,-0.20891116559505463,0.03142295777797699,0.0,3.4800000190734863,0.9884468913078308,0.999999463558197,0.9965073466300964,0.9838230609893799,1.0,1.0,1.0,0.7772819995880127,-0.20891116559505463,-0.1821524202823639,1.8004028797149658,0.0,0.9884468913078308,3.4800000190734863,0.0,0.8512864112854004,0.9884468913078308,996.0,-1.0,-1.0,PASS,2.0,0.0
996,25.870323181152344,-0.1956787407398224,0.029890883713960648,0.0,3.4800000190734863,0.9874745011329651,0.999999463558197,0.9969799518585205,0.9809319972991943,1.0,1.0,1.0,0.7440500259399414,-0.1956787407398224,-0.17022545635700226,1.7126214504241943,0.0,0.9874745011329651,3.4800000190734863,0.0,0.8512864112854004,0.9874745011329651,997.0,-1.0,-1.0,PASS,2.0,0.0
997,27.204036712646484,-0.1948050856590271,0.02956075593829155,0.0,3.4800000190734863,0.9875849485397339,0.999999463558197,0.997144341468811,0.9808269739151001,1.0,1.0,1.0,0.7734659910202026,-0.1948050856590271,-0.16963309049606323,1.6937065124511719,0.0,0.9875849485397339,3.4800000190734863,0.0,0.8512864112854004,0.9875849485397339,998.0,-1.0,-1.0,PASS,2.0,0.0
998,24.348974227905273,-0.19447821378707886,0.030344823375344276,0.0,3.4800000190734863,0.987559974193573,0.999999463558197,0.9978872537612915,0.979302167892456,1.0,1.0,1.0,0.7426180243492126,-0.19447821378707886,-0.16863813996315002,1.7386302947998047,0.0,0.987559974193573,3.4800000190734863,0.0,0.8512864112854004,0.987559974193573,999.0,-1.0,-1.0,PASS,2.0,0.0
999,24.118900299072266,-0.20846030116081238,0.030872514471411705,0.0,3.4800000190734863,0.9883967638015747,0.999999463558197,0.9969725012779236,0.9827969670295715,1.0,1.0,1.0,0.7317379713058472,-0.20846030116081238,-0.18217059969902039,1.7688647508621216,0.0,0.9883967638015747,3.4800000190734863,0.0,0.8512864112854004,0.9883967638015747,1000.0,-1.0,-1.0,PASS,2.0,0.0
1000,24.951934814453125,-0.20794591307640076,0.03186860308051109,0.0,3.4800000190734863,0.988399863243103,0.999999463558197,0.9956424832344055,0.9854517579078674,1.0,1.0,1.0,0.7407249808311462,-0.20794591307640076,-0.18080741167068481,1.8259364366531372,0.0,0.988399863243103,3.4800000190734863,0.0,0.8512864112854004,0.988399863243103,1001.0,-1.0,-1.0,PASS,2.0,0.0
1001,25.00605583190918,-0.2083621323108673,0.03152330964803696,0.0,3.4800000190734863,0.9883893728256226,0.999999463558197,0.9949868321418762,0.9867390990257263,1.0,1.0,1.0,1.0236899852752686,-0.2083621323108673,-0.18151786923408508,1.806152582168579,0.0,0.9883893728256226,3.4800000190734863,0.0,0.8512864112854004,0.9883893728256226,1002.0,-1.0,-1.0,PASS,2.0,0.0
1002,26.652097702026367,-0.20944002270698547,0.030839812010526657,0.0,3.4800000190734863,0.9884858131408691,0.999999463558197,0.9973706007003784,0.982184112071991,1.0,1.0,1.0,0.7458739876747131,-0.20944002270698547,-0.18317818641662598,1.7669910192489624,0.0,0.9884858131408691,3.4800000190734863,0.0,0.8512864112854004,0.9884858131408691,1003.0,-1.0,-1.0,PASS,2.0,0.0
1003,24.745702743530273,-0.20739471912384033,0.030901800841093063,0.0,3.4800000190734863,0.9880508780479431,0.999999463558197,0.9953968524932861,0.985240638256073,1.0,1.0,1.0,0.7308859825134277,-0.20739471912384033,-0.18108005821704865,1.7705427408218384,0.0,0.9880508780479431,3.4800000190734863,0.0,0.8512864112854004,0.9880508780479431,1004.0,-1.0,-1.0,PASS,2.0,0.0
1004,24.514198303222656,-0.2109781950712204,0.032070837914943695,0.0,3.4800000190734863,0.9882662892341614,0.999999463558197,0.9919254779815674,0.9926226735115051,1.0,1.0,1.0,0.7425079941749573,-0.2109781950712204,-0.1836673617362976,1.8375236988067627,0.0,0.9882662892341614,3.4800000190734863,0.0,0.8512864112854004,0.9882662892341614,1005.0,-1.0,-1.0,PASS,2.0,0.0
1005,27.807950973510742,-0.21077966690063477,0.03073611482977867,0.0,3.4800000190734863,0.9880819320678711,0.999999463558197,0.9941115379333496,0.9878698587417603,1.0,1.0,0.0,1.7414920330047607,-0.21077966690063477,-0.18460619449615479,1.7610496282577515,0.0,0.9880819320678711,3.4800000190734863,0.0,0.8512864112854004,0.9880819320678711,1006.0,-1.0,-1.0,PASS,2.0,0.0
1006,29.452800750732422,-0.20913442969322205,0.031206779181957245,0.0,3.4800000190734863,0.9882774949073792,0.999999463558197,0.9975454807281494,0.9814189076423645,1.0,1.0,1.0,0.7230920195579529,-0.20913442969322205,-0.18255989253520966,1.7880167961120605,0.0,0.9882774949073792,3.4800000190734863,0.0,0.8512864112854004,0.9882774949073792,1007.0,-1.0,-1.0,PASS,2.0,0.0
1007,33.27202796936035,-0.20923255383968353,0.030816886574029922,0.0,3.4800000190734863,0.9882606863975525,0.999999463558197,0.9975447058677673,0.9813867211341858,1.0,1.0,1.0,0.7493810057640076,-0.20923255383968353,-0.18299025297164917,1.765677571296692,0.0,0.9882606863975525,3.4800000190734863,0.0,0.8512864112854004,0.9882606863975525,1008.0,-1.0,-1.0,PASS,2.0,0.0
1008,34.67822074890137,-0.20851992070674896,0.031048180535435677,0.0,3.4800000190734863,0.9882583618164062,0.999999463558197,0.993772566318512,0.9889029860496521,1.0,1.0,1.0,0.7381500005722046,-0.20851992070674896,-0.18208053708076477,1.7789297103881836,0.0,0.9882583618164062,3.4800000190734863,0.0,0.8512864112854004,0.9882583618164062,1009.0,-1.0,-1.0,PASS,2.0,0.0
1009,36.89432144165039,-0.1985544115304947,0.030428828671574593,0.0,3.4800000190734863,0.9879611134529114,0.999999463558197,0.9957839250564575,0.9842886924743652,1.0,1.0,1.0,0.7498419880867004,-0.1985544115304947,-0.1726427674293518,1.743443489074707,0.0,0.9879611134529114,3.4800000190734863,0.0,0.8512864112854004,0.9879611134529114,1010.0,-1.0,-1.0,PASS,2.0,0.0
1010,38.565635681152344,-0.20945122838020325,0.03105963207781315,0.0,3.4800000190734863,0.9882574081420898,0.999999463558197,0.9971657991409302,0.9821329712867737,1.0,1.0,1.0,0.7449820041656494,-0.20945122838020325,-0.18300208449363708,1.779585838317871,0.0,0.9882574081420898,3.4800000190734863,0.0,0.8512864112854004,0.9882574081420898,1011.0,-1.0,-1.0,PASS,2.0,0.0
1011,40.78412055969238,-0.20811784267425537,0.03264029324054718,0.0,3.4800000190734863,0.9882230162620544,0.999999463558197,0.9963484406471252,0.983690083026886,1.0,1.0,1.0,0.7503229975700378,-0.20811784267425537,-0.18032173812389374,1.8701510429382324,0.0,0.9882230162620544,3.4800000190734863,0.0,0.8512864112854004,0.9882230162620544,1012.0,-1.0,-1.0,PASS,2.0,0.0
1012,42.8776741027832,-0.20889243483543396,0.03130873665213585,0.0,3.4800000190734863,0.9879947304725647,0.999999463558197,0.9969831109046936,0.9819693565368652,1.0,1.0,1.0,0.7743769884109497,-0.20889243483543396,-0.18223102390766144,1.793858528137207,0.0,0.9879947304725647,3.4800000190734863,0.0,0.8512864112854004,0.9879947304725647,1013.0,-1.0,-1.0,PASS,2.0,0.0
1013,44.47460174560547,-0.19560669362545013,0.030487699434161186,0.0,3.4800000190734863,0.9874807596206665,0.999999463558197,0.9972817301750183,0.9803451299667358,1.0,1.0,1.0,0.721759021282196,-0.19560669362545013,-0.16964489221572876,1.7468165159225464,0.0,0.9874807596206665,3.4800000190734863,0.0,0.8512864112854004,0.9874807596206665,1014.0,-1.0,-1.0,PASS,2.0,0.0
1014,24.416446685791016,-0.20838633179664612,0.030745407566428185,0.0,3.4800000190734863,0.9881606101989746,0.999999463558197,0.9970706105232239,0.9821281433105469,1.0,1.0,1.0,0.7124819755554199,-0.20838633179664612,-0.182204931974411,1.7615821361541748,0.0,0.9881606101989746,3.4800000190734863,0.0,0.8512864112854004,0.9881606101989746,1015.0,-1.0,-1.0,PASS,2.0,0.0
1015,24.785757064819336,-0.19753611087799072,0.03027983009815216,0.0,3.4800000190734863,0.9879549145698547,0.999999463558197,0.9954752922058105,0.984891414642334,1.0,1.0,1.0,0.7425580024719238,-0.19753611087799072,-0.17175142467021942,1.7349064350128174,0.0,0.9879549145698547,3.4800000190734863,0.0,0.8512864112854004,0.9879549145698547,1016.0,-1.0,-1.0,PASS,2.0,0.0
1016,24.110078811645508,-0.19735479354858398,0.028651680797338486,0.0,3.4800000190734863,0.9880609512329102,0.999999463558197,0.9977179765701294,0.9806423187255859,1.0,1.0,1.0,0.7263380289077759,-0.19735479354858398,-0.17295733094215393,1.641620397567749,0.0,0.9880609512329102,3.4800000190734863,0.0,0.8512864112854004,0.9880609512329102,1017.0,-1.0,-1.0,PASS,2.0,0.0
1017,26.9620418548584,-0.20015548169612885,0.030383307486772537,0.0,3.4800000190734863,0.9879533052444458,0.999999463558197,0.9954113364219666,0.9850156903266907,1.0,1.0,1.0,0.7778139710426331,-0.20015548169612885,-0.17428262531757355,1.7408353090286255,0.0,0.9879533052444458,3.4800000190734863,0.0,0.8512864112854004,0.9879533052444458,1018.0,-1.0,-1.0,PASS,2.0,0.0
1018,24.653911590576172,-0.1975136250257492,0.02912246435880661,0.0,3.4800000190734863,0.9879797101020813,0.999999463558197,0.9974884986877441,0.9809350967407227,1.0,1.0,1.0,0.7376390099525452,-0.1975136250257492,-0.17271505296230316,1.668594241142273,0.0,0.9879797101020813,3.4800000190734863,0.0,0.8512864112854004,0.9879797101020813,1019.0,-1.0,-1.0,PASS,2.0,0.0
1019,25.238513946533203,-0.20031821727752686,0.029783396050333977,0.0,3.4800000190734863,0.9878889918327332,0.999999463558197,0.994284987449646,0.9871349930763245,1.0,1.0,1.0,0.7519360184669495,-0.20031821727752686,-0.1749565154314041,1.7064628601074219,0.0,0.9878889918327332,3.4800000190734863,0.0,0.8512864112854004,0.9878889918327332,1020.0,-1.0,-1.0,PASS,2.0,0.0
1020,25.522470474243164,-0.2142363041639328,0.03168681263923645,0.0,3.4800000190734863,0.9161727428436279,0.999999463558197,0.9513210654258728,0.9261068105697632,1.0,1.0,0.0,1.7029000520706177,-0.2142363041639328,-0.1872527152299881,1.8155206441879272,0.0,0.9161727428436279,3.4800000190734863,0.0,0.8512864112854004,0.9161727428436279,1021.0,-1.0,-1.0,PASS,2.0,0.0
1021,24.030208587646484,-0.2125188559293747,0.03054814040660858,0.0,3.4800000190734863,0.9405255317687988,0.999999463558197,0.9638389945030212,0.9516242146492004,1.0,1.0,1.0,0.7102180123329163,-0.2125188559293747,-0.1865055412054062,1.7502795457839966,0.0,0.9405255317687988,3.4800000190734863,0.0,0.8512864112854004,0.9405255317687988,1022.0,-1.0,-1.0,PASS,2.0,0.0
1022,23.9713191986084,-0.21370723843574524,0.030839234590530396,0.0,3.4800000190734863,0.9876400828361511,0.999999463558197,0.9908679723739624,0.9934852123260498,1.0,1.0,1.0,0.8079400062561035,-0.21370723843574524,-0.18744589388370514,1.7669579982757568,0.0,0.9876400828361511,3.4800000190734863,0.0,0.8512864112854004,0.9876400828361511,1023.0,-1.0,-1.0,PASS,2.0,0.0
1023,23.99277687072754,-0.2016441375017166,0.029831288382411003,0.0,3.4800000190734863,0.9880287647247314,0.999999463558197,0.9962834119796753,0.9834296703338623,1.0,1.0,1.0,0.7503219842910767,-0.2016441375017166,-0.17624163627624512,1.7092069387435913,0.0,0.9880287647247314,3.4800000190734863,0.0,0.8512864112854004,0.9880287647247314,1024.0,-1.0,-1.0,PASS,2.0,0.0
1024,24.279356002807617,-0.21518956124782562,0.03131084516644478,0.0,3.4800000190734863,0.9877346754074097,0.999999463558197,0.9917502999305725,0.9919025301933289,1.0,1.0,1.0,0.7352150082588196,-0.21518956124782562,-0.18852634727954865,1.793979287147522,0.0,0.9877346754074097,3.4800000190734863,0.0,0.8512864112854004,0.9877346754074097,1025.0,-1.0,-1.0,PASS,2.0,0.0
1025,27.074813842773438,-0.21483878791332245,0.03148685023188591,0.0,3.4800000190734863,0.9338164329528809,0.999999463558197,0.960388720035553,0.9446640610694885,1.0,1.0,1.0,0.7334709763526917,-0.21483878791332245,-0.1880255937576294,1.8040636777877808,0.0,0.9338164329528809,3.4800000190734863,0.0,0.8512864112854004,0.9338164329528809,1026.0,-1.0,-1.0,PASS,2.0,0.0
1026,27.30703353881836,-0.21705375611782074,0.03227296844124794,0.0,3.4800000190734863,0.9673970341682434,0.999999463558197,0.9775445461273193,0.9792392253875732,1.0,1.0,1.0,0.7248759865760803,-0.21705375611782074,-0.18957068026065826,1.849104881286621,0.0,0.9673970341682434,3.4800000190734863,0.0,0.8512864112854004,0.9673970341682434,1027.0,-1.0,-1.0,PASS,2.0,0.0
1027,31.404733657836914,-0.20220643281936646,0.029767030850052834,0.0,3.4800000190734863,0.9237173199653625,0.999999463558197,0.9552415013313293,0.9339979290962219,1.0,1.0,1.0,0.7329099774360657,-0.20220643281936646,-0.17685867846012115,1.705525279045105,0.0,0.9237173199653625,3.4800000190734863,0.0,0.8512864112854004,0.9237173199653625,1028.0,-1.0,-1.0,PASS,2.0,0.0
1028,35.369873046875,-0.2140786200761795,0.03096434287726879,0.0,3.4800000190734863,0.9875850081443787,0.999999463558197,0.992673933506012,0.9897475838661194,1.0,1.0,1.0,0.7692970037460327,-0.2140786200761795,-0.18771067261695862,1.7741261720657349,0.0,0.9875850081443787,3.4800000190734863,0.0,0.8512864112854004,0.9875850081443787,1029.0,-1.0,-1.0,PASS,2.0,0.0
1029,38.529396057128906,-0.2007754147052765,0.028221625834703445,0.0,3.4800000190734863,0.9270592927932739,0.999999463558197,0.9569620490074158,0.9375053644180298,1.0,1.0,1.0,0.7159680128097534,-0.2007754147052765,-0.17674434185028076,1.6169800758361816,0.0,0.9270592927932739,3.4800000190734863,0.0,0.8512864112854004,0.9270592927932739,1030.0,-1.0,-1.0,PASS,2.0,0.0
1030,39.43753242492676,-0.21561141312122345,0.030991656705737114,0.0,3.4800000190734863,0.9813061952590942,0.999999463558197,0.9844067692756653,0.993701159954071,1.0,1.0,1.0,0.7410150170326233,-0.21561141312122345,-0.18922019004821777,1.7756911516189575,0.0,0.9813061952590942,3.4800000190734863,0.0,0.8512864112854004,0.9813061952590942,1031.0,-1.0,-1.0,PASS,2.0,0.0
1031,41.45407676696777,-0.20260532200336456,0.029020745307207108,0.0,3.4800000190734863,0.93515545129776,0.999999463558197,0.9610429406166077,0.9461266994476318,1.0,1.0,1.0,0.720878005027771,-0.20260532200336456,-0.17789341509342194,1.6627662181854248,0.0,0.93515545129776,3.4800000190734863,0.0,0.8512864112854004,0.93515545129776,1032.0,-1.0,-1.0,PASS,2.0,0.0
1032,43.28441619873047,-0.20327703654766083,0.029803842306137085,0.0,3.4800000190734863,0.987606942653656,0.999999463558197,0.9934124946594238,0.988312304019928,1.0,1.0,1.0,0.7213289737701416,-0.20327703654766083,-0.17789791524410248,1.7076343297958374,0.0,0.987606942653656,3.4800000190734863,0.0,0.8512864112854004,0.987606942653656,1033.0,-1.0,-1.0,PASS,2.0,0.0
1033,24.38950538635254,-0.20185355842113495,0.02662043645977974,0.0,3.4800000190734863,0.9877078533172607,0.999999463558197,0.9959905743598938,0.9833682775497437,1.0,1.0,1.0,0.7456939816474915,-0.20185355842113495,-0.17918658256530762,1.5252386331558228,0.0,0.9877078533172607,3.4800000190734863,0.0,0.8512864112854004,0.9877078533172607,1034.0,-1.0,-1.0,PASS,2.0,0.0
1034,24.378299713134766,-0.20023883879184723,0.025983896106481552,0.0,3.4800000190734863,0.9876652956008911,0.999999463558197,0.9974302649497986,0.9804202318191528,1.0,1.0,1.0,0.7239140272140503,-0.20023883879184723,-0.178114116191864,1.4887676239013672,0.0,0.9876652956008911,3.4800000190734863,0.0,0.8512864112854004,0.9876652956008911,1035.0,-1.0,-1.0,PASS,2.0,0.0
1035,25.094985961914062,-0.20038680732250214,0.025057651102542877,0.0,3.4800000190734863,0.9877001643180847,0.999999463558197,0.9965167045593262,0.9823057055473328,1.0,1.0,0.0,1.7028700113296509,-0.20038680732250214,-0.17905110120773315,1.4356976747512817,0.0,0.9877001643180847,3.4800000190734863,0.0,0.8512864112854004,0.9877001643180847,1036.0,-1.0,-1.0,PASS,2.0,0.0
1036,26.676177978515625,-0.20006445050239563,0.025506680831313133,0.0,3.4800000190734863,0.9875427484512329,0.999999463558197,0.995978057384491,0.983061671257019,1.0,1.0,1.0,0.7709310054779053,-0.20006445050239563,-0.17834624648094177,1.4614251852035522,0.0,0.9875427484512329,3.4800000190734863,0.0,0.8512864112854004,0.9875427484512329,1037.0,-1.0,-1.0,PASS,2.0,0.0
1037,24.196386337280273,-0.20044951140880585,0.02443864569067955,0.0,3.4800000190734863,0.9876412749290466,0.999999463558197,0.9970393180847168,0.9811486005783081,1.0,1.0,1.0,0.7074229717254639,-0.20044951140880585,-0.17964108288288116,1.4002312421798706,0.0,0.9876412749290466,3.4800000190734863,0.0,0.8512864112854004,0.9876412749290466,1038.0,-1.0,-1.0,PASS,2.0,0.0
1038,24.546384811401367,-0.20310650765895844,0.027164191007614136,0.0,3.4800000190734863,0.9874706268310547,0.999999463558197,0.9932261109352112,0.9884109497070312,1.0,1.0,1.0,0.741536021232605,-0.20310650765895844,-0.17997631430625916,1.5563935041427612,0.0,0.9874706268310547,3.4800000190734863,0.0,0.8512864112854004,0.9874706268310547,1039.0,-1.0,-1.0,PASS,2.0,0.0
1039,24.28126335144043,-0.20091326534748077,0.026108786463737488,0.0,3.4800000190734863,0.9875679612159729,0.999999463558197,0.9971983432769775,0.9806855916976929,1.0,1.0,1.0,0.7072920203208923,-0.20091326534748077,-0.17868216335773468,1.4959232807159424,0.0,0.9875679612159729,3.4800000190734863,0.0,0.8512864112854004,0.9875679612159729,1040.0,-1.0,-1.0,PASS,2.0,0.0
1040,27.049541473388672,-0.19973407685756683,0.024395080283284187,0.0,3.4800000190734863,0.9873999953269958,0.999999463558197,0.9972314238548279,0.9802830219268799,1.0,1.0,1.0,0.7376890182495117,-0.19973407685756683,-0.17896275222301483,1.3977351188659668,0.0,0.9873999953269958,3.4800000190734863,0.0,0.8512864112854004,0.9873999953269958,1041.0,-1.0,-1.0,PASS,2.0,0.0
1041,24.074316024780273,-0.1997552365064621,0.02357514761388302,0.0,3.4800000190734863,0.9874992966651917,0.999999463558197,0.9967505931854248,0.9814375638961792,1.0,1.0,1.0,0.7139750123023987,-0.1997552365064621,-0.17968231439590454,1.3507564067840576,0.0,0.9874992966651917,3.4800000190734863,0.0,0.8512864112854004,0.9874992966651917,1042.0,-1.0,-1.0,PASS,2.0,0.0
1042,23.761987686157227,-0.19849556684494019,0.024099120870232582,0.0,3.4800000190734863,0.9866406321525574,0.999999463558197,0.9959180951118469,0.9813695549964905,1.0,1.0,1.0,0.7390810251235962,-0.19849556684494019,-0.1779763400554657,1.3807779550552368,0.0,0.9866406321525574,3.4800000190734863,0.0,0.8512864112854004,0.9866406321525574,1043.0,-1.0,-1.0,PASS,2.0,0.0
1043,23.761272430419922,-0.20128148794174194,0.024376505985856056,0.0,3.4800000190734863,0.9873364567756653,0.999999463558197,0.9966350793838501,0.9813404083251953,1.0,1.0,1.0,0.7289929986000061,-0.20128148794174194,-0.1805259883403778,1.396670937538147,0.0,0.9873364567756653,3.4800000190734863,0.0,0.8512864112854004,0.9873364567756653,1044.0,-1.0,-1.0,PASS,2.0,0.0
1044,23.917675018310547,-0.20101065933704376,0.02393229305744171,0.0,3.4800000190734863,0.9876067638397217,0.999999463558197,0.9969245195388794,0.9813075065612793,1.0,1.0,1.0,0.7446420192718506,-0.20101065933704376,-0.1806335300207138,1.3712193965911865,0.0,0.9876067638397217,3.4800000190734863,0.0,0.8512864112854004,0.9876067638397217,1045.0,-1.0,-1.0,PASS,2.0,0.0
1045,26.09562873840332,-0.200741708278656,0.02391575276851654,0.0,3.4800000190734863,0.9872161746025085,0.999999463558197,0.9965118169784546,0.9813441038131714,1.0,1.0,1.0,0.7249159812927246,-0.200741708278656,-0.18037867546081543,1.3702716827392578,0.0,0.9872161746025085,3.4800000190734863,0.0,0.8512864112854004,0.9872161746025085,1046.0,-1.0,-1.0,PASS,2.0,0.0
1046,26.218891143798828,-0.19954036176204681,0.02369012124836445,0.0,3.4800000190734863,0.9866687655448914,0.999999463558197,0.9965090751647949,0.9802509546279907,1.0,1.0,1.0,0.7102479934692383,-0.19954036176204681,-0.1793695092201233,1.3573439121246338,0.0,0.9866687655448914,3.4800000190734863,0.0,0.8512864112854004,0.9866687655448914,1047.0,-1.0,-1.0,PASS,2.0,0.0
1047,29.50906753540039,-0.20020011067390442,0.02412649802863598,0.0,3.4800000190734863,0.9870358109474182,0.999999463558197,0.9965095520019531,0.9809866547584534,1.0,1.0,1.0,0.7050179839134216,-0.20020011067390442,-0.17965756356716156,1.382346510887146,0.0,0.9870358109474182,3.4800000190734863,0.0,0.8512864112854004,0.9870358109474182,1048.0,-1.0,-1.0,PASS,2.0,0.0
1048,31.75806999206543,-0.20098119974136353,0.02425764687359333,0.0,3.4800000190734863,0.9872012734413147,0.999999463558197,0.996466875076294,0.9814035892486572,1.0,1.0,1.0,0.7197660207748413,-0.20098119974136353,-0.1803269386291504,1.38986074924469,0.0,0.9872012734413147,3.4800000190734863,0.0,0.8512864112854004,0.9872012734413147,1049.0,-1.0,-1.0,PASS,2.0,0.0
1049,34.681081771850586,-0.20021961629390717,0.023673195391893387,0.0,3.4800000190734863,0.9874452352523804,0.999999463558197,0.9967814087867737,0.9812677502632141,1.0,1.0,1.0,0.724124014377594,-0.20021961629390717,-0.1800631880760193,1.3563741445541382,0.0,0.9874452352523804,3.4800000190734863,0.0,0.8512864112854004,0.9874452352523804,1050.0,-1.0,-1.0,PASS,2.0,0.0
1050,38.7575626373291,-0.19956839084625244,0.02469256892800331,0.0,3.4800000190734863,0.9868656396865845,0.999999463558197,0.9952316880226135,0.9831882119178772,1.0,1.0,0.0,1.6996649503707886,-0.19956839084625244,-0.17854367196559906,1.4147800207138062,0.0,0.9868656396865845,3.4800000190734863,0.0,0.8512864112854004,0.9868656396865845,1051.0,-1.0,-1.0,PASS,2.0,0.0
1051,40.12274742126465,-0.20104283094406128,0.02497582882642746,0.0,3.4800000190734863,0.9870501160621643,0.999999463558197,0.9956343173980713,0.9827568531036377,1.0,1.0,1.0,0.7083150148391724,-0.20104283094406128,-0.17977683246135712,1.4310095310211182,0.0,0.9870501160621643,3.4800000190734863,0.0,0.8512864112854004,0.9870501160621643,1052.0,-1.0,-1.0,PASS,2.0,0.0
1052,43.8840389251709,-0.20038868486881256,0.025528840720653534,0.0,3.4800000190734863,0.9871885180473328,0.999999463558197,0.9951733946800232,0.9839532375335693,1.0,1.0,1.0,0.7099279761314392,-0.20038868486881256,-0.1786516010761261,1.4626948833465576,0.0,0.9871885180473328,3.4800000190734863,0.0,0.8512864112854004,0.9871885180473328,1053.0,-1.0,-1.0,PASS,2.0,0.0
1053,48.30622673034668,-0.1990446299314499,0.02405776083469391,0.0,3.4800000190734863,0.9873045086860657,0.999999463558197,0.9962435364723206,0.982055127620697,1.0,1.0,1.0,0.7412049770355225,-0.1990446299314499,-0.17856062948703766,1.3784081935882568,0.0,0.9873045086860657,3.4800000190734863,0.0,0.8512864112854004,0.9873045086860657,1054.0,-1.0,-1.0,PASS,2.0,0.0
1054,23.988962173461914,-0.20004278421401978,0.02384345792233944,0.0,3.4800000190734863,0.9871673583984375,0.999999463558197,0.9963729977607727,0.9815222024917603,1.0,1.0,1.0,0.7203770279884338,-0.20004278421401978,-0.17974132299423218,1.3661295175552368,0.0,0.9871673583984375,3.4800000190734863,0.0,0.8512864112854004,0.9871673583984375,1055.0,-1.0,-1.0,PASS,2.0,0.0
1055,25.920629501342773,-0.19989071786403656,0.023516608402132988,0.0,3.4800000190734863,0.9871385097503662,0.999999463558197,0.9951922297477722,0.9838151931762695,1.0,1.0,1.0,0.7276099920272827,-0.19989071786403656,-0.17986765503883362,1.3474024534225464,0.0,0.9871385097503662,3.4800000190734863,0.0,0.8512864112854004,0.9871385097503662,1056.0,-1.0,-1.0,PASS,2.0,0.0
1056,24.185895919799805,-0.1986866444349289,0.024255389347672462,0.0,3.4800000190734863,0.9869369268417358,0.999999463558197,0.9967079758644104,0.9803938865661621,1.0,1.0,1.0,0.7231730222702026,-0.1986866444349289,-0.17803430557250977,1.3897314071655273,0.0,0.9869369268417358,3.4800000190734863,0.0,0.8512864112854004,0.9869369268417358,1057.0,-1.0,-1.0,PASS,2.0,0.0
1057,23.73790740966797,-0.19705860316753387,0.02367999218404293,0.0,3.4800000190734863,0.9866353273391724,0.999999463558197,0.996354877948761,0.9804903268814087,1.0,1.0,1.0,0.7229819893836975,-0.19705860316753387,-0.1768963783979416,1.3567636013031006,0.0,0.9866353273391724,3.4800000190734863,0.0,0.8512864112854004,0.9866353273391724,1058.0,-1.0,-1.0,PASS,2.0,0.0
1058,24.298906326293945,-0.1978660672903061,0.0235182773321867,0.0,3.4800000190734863,0.9866268634796143,0.999999463558197,0.9967318773269653,0.9797241687774658,1.0,1.0,1.0,0.7261080145835876,-0.1978660672903061,-0.17784158885478973,1.3474980592727661,0.0,0.9866268634796143,3.4800000190734863,0.0,0.8512864112854004,0.9866268634796143,1059.0,-1.0,-1.0,PASS,2.0,0.0
1059,24.34825897216797,-0.19848290085792542,0.024141855537891388,0.0,3.4800000190734863,0.98704993724823,0.999999463558197,0.996342122554779,0.981347918510437,1.0,1.0,1.0,0.7147359848022461,-0.19848290085792542,-0.17792727053165436,1.3832263946533203,0.0,0.98704993724823,3.4800000190734863,0.0,0.8512864112854004,0.98704993724823,1060.0,-1.0,-1.0,PASS,2.0,0.0
1060,25.99501609802246,-0.1985418200492859,0.024323856458067894,0.0,3.4800000190734863,0.9872624278068542,0.999999463558197,0.9967669248580933,0.9809298515319824,1.0,1.0,1.0,0.7385010123252869,-0.1985418200492859,-0.17783117294311523,1.3936543464660645,0.0,0.9872624278068542,3.4800000190734863,0.0,0.8512864112854004,0.9872624278068542,1061.0,-1.0,-1.0,PASS,2.0,0.0
1061,24.478435516357422,-0.19946537911891937,0.022594116628170013,0.0,3.4800000190734863,0.9863296747207642,0.999999463558197,0.9945362210273743,0.9834972620010376,1.0,1.0,1.0,0.7380800247192383,-0.19946537911891937,-0.18022803962230682,1.2945475578308105,0.0,0.9863296747207642,3.4800000190734863,0.0,0.8512864112854004,0.9863296747207642,1062.0,-1.0,-1.0,PASS,2.0,0.0
1062,24.63817596435547,-0.19826191663742065,0.024040542542934418,0.0,3.4800000190734863,0.9864084720611572,0.999999463558197,0.9963315725326538,0.98008131980896,1.0,1.0,1.0,0.7049189805984497,-0.19826191663742065,-0.17779257893562317,1.3774216175079346,0.0,0.9864084720611572,3.4800000190734863,0.0,0.8512864112854004,0.9864084720611572,1063.0,-1.0,-1.0,PASS,2.0,0.0
1063,23.839473724365234,-0.1982298046350479,0.023453565314412117,0.0,3.4800000190734863,0.9860560297966003,0.999999463558197,0.9962512254714966,0.979533314704895,1.0,1.0,1.0,0.7686359882354736,-0.1982298046350479,-0.1782604455947876,1.3437902927398682,0.0,0.9860560297966003,3.4800000190734863,0.0,0.8512864112854004,0.9860560297966003,1064.0,-1.0,-1.0,PASS,2.0,0.0
1064,23.92864227294922,-0.19967912137508392,0.023162156343460083,0.0,3.4800000190734863,0.9862207770347595,0.999999463558197,0.9960674047470093,0.9802294969558716,1.0,1.0,1.0,0.7238339781761169,-0.19967912137508392,-0.17995797097682953,1.3270938396453857,0.0,0.9862207770347595,3.4800000190734863,0.0,0.8512864112854004,0.9862207770347595,1065.0,-1.0,-1.0,PASS,2.0,0.0
1065,25.51889419555664,-0.2003566473722458,0.02246282249689102,0.0,3.4800000190734863,0.9869018197059631,0.999999463558197,0.9945196509361267,0.9846808910369873,1.0,1.0,0.0,1.7002860307693481,-0.2003566473722458,-0.18123114109039307,1.287024974822998,0.0,0.9869018197059631,3.4800000190734863,0.0,0.8512864112854004,0.9869018197059631,1066.0,-1.0,-1.0,PASS,2.0,0.0
1066,24.068593978881836,-0.20041346549987793,0.02196568250656128,0.0,3.4800000190734863,0.9864854216575623,0.999999463558197,0.994900643825531,0.9830837249755859,1.0,1.0,1.0,0.7131739854812622,-0.20041346549987793,-0.1817113757133484,1.2585408687591553,0.0,0.9864854216575623,3.4800000190734863,0.0,0.8512864112854004,0.9864854216575623,1067.0,-1.0,-1.0,PASS,2.0,0.0
1067,24.087190628051758,-0.1866140067577362,0.021535558626055717,0.0,3.4800000190734863,0.9864155054092407,0.999999463558197,0.9951271414756775,0.9824919104576111,1.0,1.0,1.0,0.7343530058860779,-0.1866140067577362,-0.16827824711799622,1.2338966131210327,0.0,0.9864155054092407,3.4800000190734863,0.0,0.8512864112854004,0.9864155054092407,1068.0,-1.0,-1.0,PASS,2.0,0.0
1068,23.684978485107422,-0.18546222150325775,0.021494319662451744,0.0,3.4800000190734863,0.9866940379142761,0.999999463558197,0.995062530040741,0.9831804633140564,1.0,1.0,1.0,0.7291030287742615,-0.18546222150325775,-0.16716158390045166,1.2315337657928467,0.0,0.9866940379142761,3.4800000190734863,0.0,0.8512864112854004,0.9866940379142761,1069.0,-1.0,-1.0,PASS,2.0,0.0
1069,26.796340942382812,-0.18568655848503113,0.02177477814257145,0.0,3.4800000190734863,0.986859917640686,0.999999463558197,0.995182454586029,0.9832748174667358,1.0,1.0,1.0,0.7288619875907898,-0.18568655848503113,-0.16714705526828766,1.247602939605713,0.0,0.986859917640686,3.4800000190734863,0.0,0.8512864112854004,0.986859917640686,1070.0,-1.0,-1.0,PASS,2.0,0.0
1070,30.46131134033203,-0.1860933005809784,0.021639937534928322,0.0,3.4800000190734863,0.9866045117378235,0.999999463558197,0.9950704574584961,0.982984721660614,1.0,1.0,1.0,0.7391510009765625,-0.1860933005809784,-0.1676686406135559,1.2398771047592163,0.0,0.9866045117378235,3.4800000190734863,0.0,0.8512864112854004,0.9866045117378235,1071.0,-1.0,-1.0,PASS,2.0,0.0
1071,31.792402267456055,-0.19990958273410797,0.02188972570002079,0.0,3.4800000190734863,0.9860045313835144,0.999999463558197,0.9945673942565918,0.9827812314033508,1.0,1.0,1.0,0.7194049954414368,-0.19990958273410797,-0.18127217888832092,1.254188895225525,0.0,0.9860045313835144,3.4800000190734863,0.0,0.8512864112854004,0.9860045313835144,1072.0,-1.0,-1.0,PASS,2.0,0.0
1072,35.32695770263672,-0.2010064572095871,0.022936061024665833,0.0,3.4800000190734863,0.9860310554504395,0.999999463558197,0.9929806590080261,0.9860031604766846,1.0,1.0,1.0,0.7109689712524414,-0.2010064572095871,-0.1814778745174408,1.314139485359192,0.0,0.9860310554504395,3.4800000190734863,0.0,0.8512864112854004,0.9860310554504395,1073.0,-1.0,-1.0,PASS,2.0,0.0
1073,40.03548622131348,-0.18653662502765656,0.02170688658952713,0.0,3.4800000190734863,0.9864611029624939,0.999999463558197,0.9949411749839783,0.9829541444778442,1.0,1.0,1.0,0.7218599915504456,-0.18653662502765656,-0.16805493831634521,1.2437130212783813,0.0,0.9864611029624939,3.4800000190734863,0.0,0.8512864112854004,0.9864611029624939,1074.0,-1.0,-1.0,PASS,2.0,0.0
1074,42.746543884277344,-0.20151859521865845,0.021830955520272255,0.0,3.4800000190734863,0.9864060282707214,0.999999463558197,0.9945828318595886,0.9835577011108398,1.0,1.0,1.0,0.7175520062446594,-0.20151859521865845,-0.18293124437332153,1.250821590423584,0.0,0.9864060282707214,3.4800000190734863,0.0,0.8512864112854004,0.9864060282707214,1075.0,-1.0,-1.0,PASS,2.0,0.0
1075,45.940399169921875,-0.20227685570716858,0.022036606445908546,0.0,3.4800000190734863,0.9863927364349365,0.999999463558197,0.9947242140769958,0.9832491874694824,1.0,1.0,1.0,0.7519059777259827,-0.20227685570716858,-0.18351435661315918,1.2626045942306519,0.0,0.9863927364349365,3.4800000190734863,0.0,0.8512864112854004,0.9863927364349365,1076.0,-1.0,-1.0,PASS,2.0,0.0
1076,24.2919921875,-0.18779946863651276,0.02067773975431919,0.0,3.4800000190734863,0.9863173961639404,0.999999463558197,0.9947888851165771,0.9829687476158142,1.0,1.0,1.0,0.7236530184745789,-0.18779946863651276,-0.17019428312778473,1.1847472190856934,0.0,0.9863173961639404,3.4800000190734863,0.0,0.8512864112854004,0.9863173961639404,1077.0,-1.0,-1.0,PASS,2.0,0.0
1077,24.599313735961914,-0.18794041872024536,0.021709099411964417,0.0,3.4800000190734863,0.9863710999488831,0.999999463558197,0.993993878364563,0.9846628308296204,1.0,1.0,1.0,0.7185729742050171,-0.18794041872024536,-0.1694568544626236,1.2438397407531738,0.0,0.9863710999488831,3.4800000190734863,0.0,0.8512864112854004,0.9863710999488831,1078.0,-1.0,-1.0,PASS,2.0,0.0
1078,24.117231369018555,-0.19969941675662994,0.022123171016573906,0.0,3.4800000190734863,0.9862430691719055,0.999999463558197,0.993688702583313,0.9850146174430847,1.0,1.0,1.0,0.7500020265579224,-0.19969941675662994,-0.1808631867170334,1.267564296722412,0.0,0.9862430691719055,3.4800000190734863,0.0,0.8512864112854004,0.9862430691719055,1079.0,-1.0,-1.0,PASS,2.0,0.0
1079,23.935794830322266,-0.1852126568555832,0.021794503554701805,0.0,3.4800000190734863,0.9863949418067932,0.999999463558197,0.9949485063552856,0.9828064441680908,1.0,1.0,1.0,0.728272020816803,-0.1852126568555832,-0.16665636003017426,1.2487330436706543,0.0,0.9863949418067932,3.4800000190734863,0.0,0.8512864112854004,0.9863949418067932,1080.0,-1.0,-1.0,PASS,2.0,0.0
1080,24.724721908569336,-0.18622976541519165,0.021220441907644272,0.0,3.4800000190734863,0.9865514636039734,0.999999463558197,0.9947798252105713,0.9834574460983276,1.0,1.0,0.0,1.705896019935608,-0.18622976541519165,-0.16816237568855286,1.2158417701721191,0.0,0.9865514636039734,3.4800000190734863,0.0,0.8512864112854004,0.9865514636039734,1081.0,-1.0,-1.0,PASS,2.0,0.0
1081,23.560762405395508,-0.18657955527305603,0.021299587562680244,0.0,3.4800000190734863,0.9865137338638306,0.999999463558197,0.9952322840690613,0.982479989528656,1.0,1.0,1.0,0.720658004283905,-0.18657955527305603,-0.16844476759433746,1.2203764915466309,0.0,0.9865137338638306,3.4800000190734863,0.0,0.8512864112854004,0.9865137338638306,1082.0,-1.0,-1.0,PASS,2.0,0.0
1082,23.600339889526367,-0.18544262647628784,0.02168482355773449,0.0,3.4800000190734863,0.9863418936729431,0.999999463558197,0.9948068857192993,0.9829820990562439,1.0,1.0,1.0,0.7238640189170837,-0.18544262647628784,-0.16697973012924194,1.2424489259719849,0.0,0.9863418936729431,3.4800000190734863,0.0,0.8512864112854004,0.9863418936729431,1083.0,-1.0,-1.0,PASS,2.0,0.0
1083,27.684688568115234,-0.18669211864471436,0.021421236917376518,0.0,3.4800000190734863,0.9863426685333252,0.999999463558197,0.9950255751609802,0.9825478792190552,1.0,1.0,1.0,0.7595000267028809,-0.18669211864471436,-0.16845372319221497,1.227346420288086,0.0,0.9863426685333252,3.4800000190734863,0.0,0.8512864112854004,0.9863426685333252,1084.0,-1.0,-1.0,PASS,2.0,0.0
1084,23.53215217590332,-0.1863795965909958,0.021756965667009354,0.0,3.4800000190734863,0.9866381883621216,0.999999463558197,0.9949612617492676,0.9832700490951538,1.0,1.0,1.0,0.7586579918861389,-0.1863795965909958,-0.16785526275634766,1.246582269668579,0.0,0.9866381883621216,3.4800000190734863,0.0,0.8512864112854004,0.9866381883621216,1085.0,-1.0,-1.0,PASS,2.0,0.0
1085,23.71835708618164,-0.20054465532302856,0.021990373730659485,0.0,3.4800000190734863,0.9864804744720459,0.999999463558197,0.9947021007537842,0.9834696054458618,1.0,1.0,1.0,0.7694079875946045,-0.20054465532302856,-0.1818215250968933,1.259955644607544,0.0,0.9864804744720459,3.4800000190734863,0.0,0.8512864112854004,0.9864804744720459,1086.0,-1.0,-1.0,PASS,2.0,0.0
1086,24.09195899963379,-0.19991688430309296,0.021817171946167946,0.0,3.4800000190734863,0.986711323261261,0.999999463558197,0.9948595762252808,0.9836198091506958,1.0,1.0,1.0,0.8279969692230225,-0.19991688430309296,-0.1813412755727768,1.25003182888031,0.0,0.986711323261261,3.4800000190734863,0.0,0.8512864112854004,0.986711323261261,1087.0,-1.0,-1.0,PASS,2.0,0.0
1087,25.90012550354004,-0.20048929750919342,0.02184375934302807,0.0,3.4800000190734863,0.9864196181297302,0.999999463558197,0.9945555329322815,0.9836395382881165,1.0,1.0,1.0,0.720878005027771,-0.20048929750919342,-0.1818910390138626,1.2515552043914795,0.0,0.9864196181297302,3.4800000190734863,0.0,0.8512864112854004,0.9864196181297302,1088.0,-1.0,-1.0,PASS,2.0,0.0
1088,27.827024459838867,-0.18558388948440552,0.021460145711898804,0.0,3.4800000190734863,0.9862785935401917,0.999999463558197,0.9940744638442993,0.9843157529830933,1.0,1.0,1.0,0.7417770028114319,-0.18558388948440552,-0.167312353849411,1.229575753211975,0.0,0.9862785935401917,3.4800000190734863,0.0,0.8512864112854004,0.9862785935401917,1089.0,-1.0,-1.0,PASS,2.0,0.0
1089,29.01625633239746,-0.20013417303562164,0.02430025115609169,0.0,3.4800000190734863,0.9866227507591248,0.999999463558197,0.9952499270439148,0.9826638102531433,1.0,1.0,1.0,0.7150470018386841,-0.20013417303562164,-0.1794436275959015,1.3923017978668213,0.0,0.9866227507591248,3.4800000190734863,0.0,0.8512864112854004,0.9866227507591248,1090.0,-1.0,-1.0,PASS,2.0,0.0
1090,30.992507934570312,-0.19931767880916595,0.023158593103289604,0.0,3.4800000190734863,0.9867212772369385,0.999999463558197,0.9962626695632935,0.9808461666107178,1.0,1.0,1.0,0.7480689883232117,-0.19931767880916595,-0.1795995533466339,1.3268896341323853,0.0,0.9867212772369385,3.4800000190734863,0.0,0.8512864112854004,0.9867212772369385,1091.0,-1.0,-1.0,PASS,2.0,0.0
1091,33.0204963684082,-0.20007674396038055,0.021940121427178383,0.0,3.4800000190734863,0.9866915345191956,0.999999463558197,0.9950855374336243,0.9831295013427734,1.0,1.0,1.0,0.7353649735450745,-0.20007674396038055,-0.18139642477035522,1.257076382637024,0.0,0.9866915345191956,3.4800000190734863,0.0,0.8512864112854004,0.9866915345191956,1092.0,-1.0,-1.0,PASS,2.0,0.0
1092,35.15267372131348,-0.185708150267601,0.020997244864702225,0.0,3.4800000190734863,0.9866476058959961,0.999999463558197,0.9952805042266846,0.9826527833938599,1.0,1.0,1.0,0.7284319996833801,-0.185708150267601,-0.16783085465431213,1.2030534744262695,0.0,0.9866476058959961,3.4800000190734863,0.0,0.8512864112854004,0.9866476058959961,1093.0,-1.0,-1.0,PASS,2.0,0.0
1093,37.105560302734375,-0.18586499989032745,0.021141618490219116,0.0,3.4800000190734863,0.9864831566810608,0.999999463558197,0.9946799874305725,0.9835191369056702,1.0,1.0,1.0,0.7608519792556763,-0.18586499989032745,-0.16786473989486694,1.2113255262374878,0.0,0.9864831566810608,3.4800000190734863,0.0,0.8512864112854004,0.9864831566810608,1094.0,-1.0,-1.0,PASS,2.0,0.0
1094,40.1608943939209,-0.20125308632850647,0.022373925894498825,0.0,3.4800000190734863,0.9862791895866394,0.999999463558197,0.9934431910514832,0.9855779409408569,1.0,1.0,1.0,0.7489699721336365,-0.20125308632850647,-0.1822032928466797,1.2819315195083618,0.0,0.9862791895866394,3.4800000190734863,0.0,0.8512864112854004,0.9862791895866394,1095.0,-1.0,-1.0,PASS,2.0,0.0
1095,43.28465461730957,-0.2006932646036148,0.022898972034454346,0.0,3.4800000190734863,0.986336886882782,0.999999463558197,0.992952823638916,0.9866746664047241,1.0,1.0,0.0,1.768362045288086,-0.2006932646036148,-0.18119627237319946,1.3120144605636597,0.0,0.986336886882782,3.4800000190734863,0.0,0.8512864112854004,0.986336886882782,1096.0,-1.0,-1.0,PASS,2.0,0.0
1096,43.52092742919922,-0.1991804838180542,0.023422779515385628,0.0,3.4800000190734863,0.9863010048866272,0.999999463558197,0.9953607320785522,0.9817966818809509,1.0,1.0,1.0,0.7207069993019104,-0.1991804838180542,-0.17923733592033386,1.3420263528823853,0.0,0.9863010048866272,3.4800000190734863,0.0,0.8512864112854004,0.9863010048866272,1097.0,-1.0,-1.0,PASS,2.0,0.0
1097,24.538755416870117,-0.2008623331785202,0.02191358618438244,0.0,3.4800000190734863,0.986589789390564,0.999999463558197,0.994611382484436,0.9838703870773315,1.0,1.0,1.0,0.7217900156974792,-0.2008623331785202,-0.18220460414886475,1.2555559873580933,0.0,0.986589789390564,3.4800000190734863,0.0,0.8512864112854004,0.986589789390564,1098.0,-1.0,-1.0,PASS,2.0,0.0
1098,25.96259117126465,-0.20160557329654694,0.022262297570705414,0.0,3.4800000190734863,0.9868069887161255,0.999999463558197,0.9948499798774719,0.9838312864303589,1.0,1.0,1.0,0.7317479848861694,-0.20160557329654694,-0.1826508492231369,1.2755357027053833,0.0,0.9868069887161255,3.4800000190734863,0.0,0.8512864112854004,0.9868069887161255,1099.0,-1.0,-1.0,PASS,2.0,0.0
1099,24.506568908691406,-0.2002854198217392,0.02319166623055935,0.0,3.4800000190734863,0.9868009686470032,0.999999463558197,0.9957343935966492,0.9820570945739746,1.0,1.0,1.0,0.7415170073509216,-0.2002854198217392,-0.18053913116455078,1.3287845849990845,0.0,0.9868009686470032,3.4800000190734863,0.0,0.8512864112854004,0.9868009686470032,1100.0,-1.0,-1.0,PASS,2.0,0.0
1100,25.119543075561523,-0.2004949301481247,0.022433653473854065,0.0,3.4800000190734863,0.9864961504936218,0.999999463558197,0.9932886362075806,0.9863237142562866,1.0,1.0,1.0,0.7397130131721497,-0.2004949301481247,-0.18139426410198212,1.285353660583496,0.0,0.9864961504936218,3.4800000190734863,0.0,0.8512864112854004,0.9864961504936218,1101.0,-1.0,-1.0,PASS,2.0,0.0
1101,24.57571029663086,-0.2016347348690033,0.022198211401700974,0.0,3.4800000190734863,0.9866117238998413,0.999999463558197,0.9943771362304688,0.984381914138794,1.0,1.0,1.0,0.7354850172996521,-0.2016347348690033,-0.18273459374904633,1.2718638181686401,0.0,0.9866117238998413,3.4800000190734863,0.0,0.8512864112854004,0.9866117238998413,1102.0,-1.0,-1.0,PASS,2.0,0.0
1102,24.02782440185547,-0.20162521302700043,0.023032715544104576,0.0,3.4800000190734863,0.9867838621139526,0.999999463558197,0.9930238723754883,0.9874328374862671,1.0,1.0,1.0,0.7394729852676392,-0.20162521302700043,-0.18201430141925812,1.3196773529052734,0.0,0.9867838621139526,3.4800000190734863,0.0,0.8512864112854004,0.9867838621139526,1103.0,-1.0,-1.0,PASS,2.0,0.0
1103,26.117801666259766,-0.1876496970653534,0.021603526547551155,0.0,3.4800000190734863,0.9864723682403564,0.999999463558197,0.9927231073379517,0.987407386302948,1.0,1.0,1.0,0.7425979971885681,-0.1876496970653534,-0.1692560464143753,1.2377909421920776,0.0,0.9864723682403564,3.4800000190734863,0.0,0.8512864112854004,0.9864723682403564,1104.0,-1.0,-1.0,PASS,2.0,0.0
1104,23.955345153808594,-0.20048992335796356,0.02286560833454132,0.0,3.4800000190734863,0.986872673034668,0.999999463558197,0.9969143867492676,0.979854941368103,1.0,1.0,1.0,0.7239130139350891,-0.20048992335796356,-0.18102134764194489,1.3101028203964233,0.0,0.986872673034668,3.4800000190734863,0.0,0.8512864112854004,0.986872673034668,1105.0,-1.0,-1.0,PASS,2.0,0.0
1105,23.885726928710938,-0.1860557198524475,0.020998166874051094,0.0,3.4800000190734863,0.9866708517074585,0.999999463558197,0.9946296215057373,0.9839969873428345,1.0,1.0,1.0,0.7401639819145203,-0.1860557198524475,-0.16817763447761536,1.2031062841415405,0.0,0.9866708517074585,3.4800000190734863,0.0,0.8512864112854004,0.9866708517074585,1106.0,-1.0,-1.0,PASS,2.0,0.0
1106,24.495840072631836,-0.1864243745803833,0.021627027541399002,0.0,3.4800000190734863,0.9867111444473267,0.999999463558197,0.9952910542488098,0.9827595353126526,1.0,1.0,1.0,0.7794169783592224,-0.1864243745803833,-0.16801071166992188,1.2391374111175537,0.0,0.9867111444473267,3.4800000190734863,0.0,0.8512864112854004,0.9867111444473267,1107.0,-1.0,-1.0,PASS,2.0,0.0
1107,25.104761123657227,-0.18557222187519073,0.020908832550048828,0.0,3.4800000190734863,0.9866819977760315,0.999999463558197,0.9943100810050964,0.9846570491790771,1.0,1.0,1.0,0.7265390157699585,-0.18557222187519073,-0.16777022182941437,1.1979879140853882,0.0,0.9866819977760315,3.4800000190734863,0.0,0.8512864112854004,0.9866819977760315,1108.0,-1.0,-1.0,PASS,2.0,0.0
1108,27.14228630065918,-0.20093467831611633,0.022325197234749794,0.0,3.4800000190734863,0.9868512749671936,0.999999463558197,0.9944977164268494,0.9846229553222656,1.0,1.0,1.0,0.7529579997062683,-0.20093467831611633,-0.18192638456821442,1.2791396379470825,0.0,0.9868512749671936,3.4800000190734863,0.0,0.8512864112854004,0.9868512749671936,1109.0,-1.0,-1.0,PASS,2.0,0.0
1109,25.388002395629883,-0.1861243098974228,0.020918220281600952,0.0,3.4800000190734863,0.9867960214614868,0.999999463558197,0.9946038722991943,0.9843000173568726,1.0,1.0,1.0,0.7175120115280151,-0.1861243098974228,-0.16831432282924652,1.1985257863998413,0.0,0.9867960214614868,3.4800000190734863,0.0,0.8512864112854004,0.9867960214614868,1110.0,-1.0,-1.0,PASS,2.0,0.0
1110,24.941444396972656,-0.1860283762216568,0.020737694576382637,0.0,3.4800000190734863,0.9865829944610596,0.999999463558197,0.9948545694351196,0.9833717942237854,1.0,1.0,0.0,1.7337969541549683,-0.1860283762216568,-0.16837212443351746,1.1881823539733887,0.0,0.9865829944610596,3.4800000190734863,0.0,0.8512864112854004,0.9865829944610596,1111.0,-1.0,-1.0,PASS,2.0,0.0
1111,24.280071258544922,-0.18625468015670776,0.021788226440548897,0.0,3.4800000190734863,0.9864881038665771,0.999999463558197,0.9938886165618896,0.985108494758606,1.0,1.0,1.0,0.7201160192489624,-0.18625468015670776,-0.16770371794700623,1.2483733892440796,0.0,0.9864881038665771,3.4800000190734863,0.0,0.8512864112854004,0.9864881038665771,1112.0,-1.0,-1.0,PASS,2.0,0.0
1112,29.13641929626465,-0.20066680014133453,0.021915005519986153,0.0,3.4800000190734863,0.9865137338638306,0.999999463558197,0.9946882128715515,0.9835641980171204,1.0,1.0,1.0,0.6989070177078247,-0.20066680014133453,-0.18200786411762238,1.255637288093567,0.0,0.9865137338638306,3.4800000190734863,0.0,0.8512864112854004,0.9865137338638306,1113.0,-1.0,-1.0,PASS,2.0,0.0
1113,33.876895904541016,-0.1862022578716278,0.02144790068268776,0.0,3.4800000190734863,0.9867424368858337,0.999999463558197,0.9947459697723389,0.9839088916778564,1.0,1.0,1.0,0.7293840050697327,-0.1862022578716278,-0.167941153049469,1.2288742065429688,0.0,0.9867424368858337,3.4800000190734863,0.0,0.8512864112854004,0.9867424368858337,1114.0,-1.0,-1.0,PASS,2.0,0.0
1114,33.635854721069336,-0.20089104771614075,0.021868698298931122,0.0,3.4800000190734863,0.986616849899292,0.999999463558197,0.9948806166648865,0.9833878874778748,1.0,1.0,1.0,0.7278810143470764,-0.20089104771614075,-0.1822715550661087,1.2529841661453247,0.0,0.986616849899292,3.4800000190734863,0.0,0.8512864112854004,0.986616849899292,1115.0,-1.0,-1.0,PASS,2.0,0.0
1115,36.29803657531738,-0.2008402794599533,0.021956680342555046,0.0,3.4800000190734863,0.9866093993186951,0.999999463558197,0.994577169418335,0.9839780926704407,1.0,1.0,1.0,0.717041015625,-0.2008402794599533,-0.1821458488702774,1.2580251693725586,0.0,0.9866093993186951,3.4800000190734863,0.0,0.8512864112854004,0.9866093993186951,1116.0,-1.0,-1.0,PASS,2.0,0.0
1116,39.2913818359375,-0.18519127368927002,0.021644826978445053,0.0,3.4800000190734863,0.9866667985916138,0.999999463558197,0.9945783615112305,0.9840911030769348,1.0,1.0,1.0,0.7284319996833801,-0.18519127368927002,-0.16676244139671326,1.2401572465896606,0.0,0.9866667985916138,3.4800000190734863,0.0,0.8512864112854004,0.9866667985916138,1117.0,-1.0,-1.0,PASS,2.0,0.0
1117,41.599273681640625,-0.20087316632270813,0.021981287747621536,0.0,3.4800000190734863,0.9871034026145935,0.999999463558197,0.9952098727226257,0.9837093949317932,1.0,1.0,1.0,0.7134749889373779,-0.20087316632270813,-0.18215778470039368,1.2594350576400757,0.0,0.9871034026145935,3.4800000190734863,0.0,0.8512864112854004,0.9871034026145935,1118.0,-1.0,-1.0,PASS,2.0,0.0
1118,45.5019474029541,-0.19924092292785645,0.0223483145236969,0.0,3.4800000190734863,0.9864104986190796,0.999999463558197,0.9936103224754333,0.9855082631111145,1.0,1.0,1.0,0.7421479821205139,-0.19924092292785645,-0.18021294474601746,1.2804640531539917,0.0,0.9864104986190796,3.4800000190734863,0.0,0.8512864112854004,0.9864104986190796,1119.0,-1.0,-1.0,PASS,2.0,0.0
1119,23.573637008666992,-0.19997993111610413,0.02251877635717392,0.0,3.4800000190734863,0.9870163798332214,0.999999463558197,0.9955673813819885,0.9828222393989563,1.0,1.0,1.0,0.7245349884033203,-0.19997993111610413,-0.18080675601959229,1.2902308702468872,0.0,0.9870163798332214,3.4800000190734863,0.0,0.8512864112854004,0.9870163798332214,1120.0,-1.0,-1.0,PASS,2.0,0.0
1120,25.35247802734375,-0.1852637529373169,0.021631978452205658,0.0,3.4800000190734863,0.9869176745414734,0.999999463558197,0.9952091574668884,0.9833376407623291,1.0,1.0,1.0,0.7164899706840515,-0.1852637529373169,-0.1668458729982376,1.239421010017395,0.0,0.9869176745414734,3.4800000190734863,0.0,0.8512864112854004,0.9869176745414734,1121.0,-1.0,-1.0,PASS,2.0,0.0
1121,24.95861053466797,-0.19944091141223907,0.022030748426914215,0.0,3.4800000190734863,0.9866986870765686,0.999999463558197,0.9944260120391846,0.9844591617584229,1.0,1.0,1.0,0.7447119951248169,-0.19944091141223907,-0.18068340420722961,1.2622689008712769,0.0,0.9866986870765686,3.4800000190734863,0.0,0.8512864112854004,0.9866986870765686,1122.0,-1.0,-1.0,PASS,2.0,0.0
1122,24.510860443115234,-0.1991845816373825,0.022216590121388435,0.0,3.4800000190734863,0.986413300037384,0.999999463558197,0.9943459630012512,0.9840449690818787,1.0,1.0,1.0,0.7275499701499939,-0.1991845816373825,-0.180268794298172,1.2729167938232422,0.0,0.986413300037384,3.4800000190734863,0.0,0.8512864112854004,0.986413300037384,1123.0,-1.0,-1.0,PASS,2.0,0.0
1123,27.428388595581055,-0.18312834203243256,0.021729465574026108,0.0,3.4800000190734863,0.9864477515220642,0.999999463558197,0.9941533207893372,0.9844986796379089,1.0,1.0,1.0,0.7488200068473816,-0.18312834203243256,-0.16462743282318115,1.2450066804885864,0.0,0.9864477515220642,3.4800000190734863,0.0,0.8512864112854004,0.9864477515220642,1124.0,-1.0,-1.0,PASS,2.0,0.0
1124,24.67060089111328,-0.19956883788108826,0.022105323150753975,0.0,3.4800000190734863,0.9863396286964417,0.999999463558197,0.9946655035018921,0.9832594394683838,1.0,1.0,1.0,0.7410749793052673,-0.19956883788108826,-0.18074780702590942,1.2665417194366455,0.0,0.9863396286964417,3.4800000190734863,0.0,0.8512864112854004,0.9863396286964417,1125.0,-1.0,-1.0,PASS,2.0,0.0
1125,26.48019790649414,-0.1995697170495987,0.021900512278079987,0.0,3.4800000190734863,0.986625075340271,0.999999463558197,0.9947792291641235,0.9836066365242004,1.0,1.0,0.0,1.6931430101394653,-0.1995697170495987,-0.18092313408851624,1.2548068761825562,0.0,0.986625075340271,3.4800000190734863,0.0,0.8512864112854004,0.986625075340271,1126.0,-1.0,-1.0,PASS,2.0,0.0
1126,24.454832077026367,-0.19847449660301208,0.023085659369826317,0.0,3.4800000190734863,0.9866436719894409,0.999999463558197,0.9962027072906494,0.9808095693588257,1.0,1.0,1.0,0.7293940186500549,-0.19847449660301208,-0.1788184940814972,1.3227108716964722,0.0,0.9866436719894409,3.4800000190734863,0.0,0.8512864112854004,0.9866436719894409,1127.0,-1.0,-1.0,PASS,2.0,0.0
1127,24.40786361694336,-0.19773176312446594,0.021940458565950394,0.0,3.4800000190734863,0.9860386848449707,0.999999463558197,0.9921388626098633,0.9877035021781921,1.0,1.0,1.0,0.7363259792327881,-0.19773176312446594,-0.17905114591121674,1.2570956945419312,0.0,0.9860386848449707,3.4800000190734863,0.0,0.8512864112854004,0.9860386848449707,1128.0,-1.0,-1.0,PASS,2.0,0.0
1128,27.837276458740234,-0.1847240924835205,0.020534159615635872,0.0,3.4800000190734863,0.9865910410881042,0.999999463558197,0.9945237636566162,0.9840477108955383,1.0,1.0,1.0,0.8545259833335876,-0.1847240924835205,-0.1672411859035492,1.1765207052230835,0.0,0.9865910410881042,3.4800000190734863,0.0,0.8512864112854004,0.9865910410881042,1129.0,-1.0,-1.0,PASS,2.0,0.0
1129,24.767160415649414,-0.19808661937713623,0.02198062278330326,0.0,3.4800000190734863,0.9860438704490662,0.999999463558197,0.9942968487739563,0.9833999276161194,1.0,1.0,1.0,0.7257869839668274,-0.19808661937713623,-0.17937180399894714,1.2593969106674194,0.0,0.9860438704490662,3.4800000190734863,0.0,0.8512864112854004,0.9860438704490662,1130.0,-1.0,-1.0,PASS,2.0,0.0
1130,23.889541625976562,-0.19883280992507935,0.022407470270991325,0.0,3.4800000190734863,0.9859041571617126,0.999999463558197,0.9940856099128723,0.9835402369499207,1.0,1.0,1.0,0.7530180215835571,-0.19883280992507935,-0.17975443601608276,1.283853530883789,0.0,0.9859041571617126,3.4800000190734863,0.0,0.8512864112854004,0.9859041571617126,1131.0,-1.0,-1.0,PASS,2.0,0.0
1131,23.630857467651367,-0.19978749752044678,0.022172978147864342,0.0,3.4800000190734863,0.9864245057106018,0.999999463558197,0.9941348433494568,0.984488844871521,1.0,1.0,1.0,0.7503929734230042,-0.19978749752044678,-0.18090884387493134,1.2704180479049683,0.0,0.9864245057106018,3.4800000190734863,0.0,0.8512864112854004,0.9864245057106018,1132.0,-1.0,-1.0,PASS,2.0,0.0
1132,24.20806884765625,-0.19938835501670837,0.021826105192303658,0.0,3.4800000190734863,0.9862783551216125,0.999999463558197,0.9938958883285522,0.9846718311309814,1.0,1.0,1.0,0.7491509914398193,-0.19938835501670837,-0.18080513179302216,1.2505437135696411,0.0,0.9862783551216125,3.4800000190734863,0.0,0.8512864112854004,0.9862783551216125,1133.0,-1.0,-1.0,PASS,2.0,0.0
1133,26.30472183227539,-0.19964446127414703,0.022645244374871254,0.0,3.4800000190734863,0.986858069896698,0.999999463558197,0.9941307902336121,0.9853692054748535,1.0,1.0,1.0,0.7260370254516602,-0.19964446127414703,-0.18036358058452606,1.297476887702942,0.0,0.986858069896698,3.4800000190734863,0.0,0.8512864112854004,0.986858069896698,1134.0,-1.0,-1.0,PASS,2.0,0.0
1134,27.144908905029297,-0.18478207290172577,0.02127651311457157,0.0,3.4800000190734863,0.986530065536499,0.999999463558197,0.9954434633255005,0.9820920825004578,1.0,1.0,1.0,0.7317780256271362,-0.18478207290172577,-0.1666669398546219,1.2190544605255127,0.0,0.986530065536499,3.4800000190734863,0.0,0.8512864112854004,0.986530065536499,1135.0,-1.0,-1.0,PASS,2.0,0.0
1135,28.75804901123047,-0.19957800209522247,0.022113870829343796,0.0,3.4800000190734863,0.9869889616966248,0.999999463558197,0.9946865439414978,0.9845231175422668,1.0,1.0,1.0,0.7080540060997009,-0.19957800209522247,-0.18074969947338104,1.2670314311981201,0.0,0.9869889616966248,3.4800000190734863,0.0,0.8512864112854004,0.9869889616966248,1136.0,-1.0,-1.0,PASS,2.0,0.0
1136,32.215118408203125,-0.20033667981624603,0.022435711696743965,0.0,3.4800000190734863,0.9864227175712585,0.999999463558197,0.994329571723938,0.9840965867042542,1.0,1.0,1.0,0.7209979891777039,-0.20033667981624603,-0.18123425543308258,1.2854715585708618,0.0,0.9864227175712585,3.4800000190734863,0.0,0.8512864112854004,0.9864227175712585,1137.0,-1.0,-1.0,PASS,2.0,0.0
1137,32.73344039916992,-0.1858975887298584,0.021718159317970276,0.0,3.4800000190734863,0.9867034554481506,0.999999463558197,0.9947212934494019,0.9838797450065613,1.0,1.0,1.0,0.7884740233421326,-0.1858975887298584,-0.16740630567073822,1.2443588972091675,0.0,0.9867034554481506,3.4800000190734863,0.0,0.8512864112854004,0.9867034554481506,1138.0,-1.0,-1.0,PASS,2.0,0.0
1138,34.490346908569336,-0.20006433129310608,0.022089971229434013,0.0,3.4800000190734863,0.9862987399101257,0.999999463558197,0.9940962791442871,0.9843128323554993,1.0,1.0,1.0,0.7367770075798035,-0.20006433129310608,-0.18125638365745544,1.2656620740890503,0.0,0.9862987399101257,3.4800000190734863,0.0,0.8512864112854004,0.9862987399101257,1139.0,-1.0,-1.0,PASS,2.0,0.0
1139,36.827802658081055,-0.18507283926010132,0.02162405289709568,0.0,3.4800000190734863,0.9865161180496216,0.999999463558197,0.9948512315750122,0.9832439422607422,1.0,1.0,1.0,0.7454730272293091,-0.18507283926010132,-0.16666170954704285,1.238966941833496,0.0,0.9865161180496216,3.4800000190734863,0.0,0.8512864112854004,0.9865161180496216,1140.0,-1.0,-1.0,PASS,2.0,0.0
1140,39.626121520996094,-0.1849425882101059,0.0214089248329401,0.0,3.4800000190734863,0.9865138530731201,0.999999463558197,0.9947142004966736,0.9835126399993896,1.0,1.0,0.0,1.7314729690551758,-0.1849425882101059,-0.16671468317508698,1.226641058921814,0.0,0.9865138530731201,3.4800000190734863,0.0,0.8512864112854004,0.9865138530731201,1141.0,-1.0,-1.0,PASS,2.0,0.0
1141,40.71211814880371,-0.19913536310195923,0.021870482712984085,0.0,3.4800000190734863,0.9866797924041748,0.999999463558197,0.9942811727523804,0.9847103357315063,1.0,1.0,1.0,0.725275993347168,-0.19913536310195923,-0.1805143505334854,1.2530863285064697,0.0,0.9866797924041748,3.4800000190734863,0.0,0.8512864112854004,0.9866797924041748,1142.0,-1.0,-1.0,PASS,2.0,0.0
1142,44.37589645385742,-0.18378019332885742,0.02081065997481346,0.0,3.4800000190734863,0.9864950776100159,0.999999463558197,0.9959433674812317,0.9810270071029663,1.0,1.0,1.0,0.7151470184326172,-0.18378019332885742,-0.16606180369853973,1.1923630237579346,0.0,0.9864950776100159,3.4800000190734863,0.0,0.8512864112854004,0.9864950776100159,1143.0,-1.0,-1.0,PASS,2.0,0.0
1143,25.678396224975586,-0.1983325332403183,0.022225579246878624,0.0,3.4800000190734863,0.9862040281295776,0.999999463558197,0.9962953925132751,0.9797426462173462,1.0,1.0,1.0,0.7433090209960938,-0.1983325332403183,-0.17940908670425415,1.2734318971633911,0.0,0.9862040281295776,3.4800000190734863,0.0,0.8512864112854004,0.9862040281295776,1144.0,-1.0,-1.0,PASS,2.0,0.0
1144,24.748802185058594,-0.1846390664577484,0.02064020000398159,0.0,3.4800000190734863,0.9864245653152466,0.999999463558197,0.9941368103027344,0.9844849705696106,1.0,1.0,1.0,0.8015580177307129,-0.1846390664577484,-0.1670658439397812,1.1825963258743286,0.0,0.9864245653152466,3.4800000190734863,0.0,0.8512864112854004,0.9864245653152466,1145.0,-1.0,-1.0,PASS,2.0,0.0
1145,24.45673942565918,-0.18485110998153687,0.021506108343601227,0.0,3.4800000190734863,0.9864770174026489,0.999999463558197,0.9947773814201355,0.983312726020813,1.0,1.0,1.0,0.7245640158653259,-0.18485110998153687,-0.16654042899608612,1.2322092056274414,0.0,0.9864770174026489,3.4800000190734863,0.0,0.8512864112854004,0.9864770174026489,1146.0,-1.0,-1.0,PASS,2.0,0.0
1146,24.49512481689453,-0.1850222796201706,0.02126844972372055,0.0,3.4800000190734863,0.9863092303276062,0.999999463558197,0.9944241046905518,0.9836797714233398,1.0,1.0,1.0,0.7414860129356384,-0.1850222796201706,-0.16691400110721588,1.2185924053192139,0.0,0.9863092303276062,3.4800000190734863,0.0,0.8512864112854004,0.9863092303276062,1147.0,-1.0,-1.0,PASS,2.0,0.0
1147,24.013042449951172,-0.1850866973400116,0.0204674880951643,0.0,3.4800000190734863,0.9864165186882019,0.999999463558197,0.9943162798881531,0.9841107130050659,1.0,1.0,1.0,0.753699004650116,-0.1850866973400116,-0.16766056418418884,1.1727006435394287,0.0,0.9864165186882019,3.4800000190734863,0.0,0.8512864112854004,0.9864165186882019,1148.0,-1.0,-1.0,PASS,2.0,0.0
1148,25.275707244873047,-0.19987109303474426,0.022393880411982536,0.0,3.4800000190734863,0.9868927001953125,0.999999463558197,0.9947631359100342,0.984176754951477,1.0,1.0,1.0,0.7547609806060791,-0.19987109303474426,-0.1808042973279953,1.2830748558044434,0.0,0.9868927001953125,3.4800000190734863,0.0,0.8512864112854004,0.9868927001953125,1149.0,-1.0,-1.0,PASS,2.0,0.0
1149,24.33943748474121,-0.1854534149169922,0.020599013194441795,0.0,3.4800000190734863,0.9864223003387451,0.999999463558197,0.9946185946464539,0.9835193157196045,1.0,1.0,1.0,0.7376189827919006,-0.1854534149169922,-0.16791526973247528,1.1802364587783813,0.0,0.9864223003387451,3.4800000190734863,0.0,0.8512864112854004,0.9864223003387451,1150.0,-1.0,-1.0,PASS,2.0,0.0
1150,23.944616317749023,-0.18418879806995392,0.02106359414756298,0.0,3.4800000190734863,0.986530065536499,0.999999463558197,0.9954016804695129,0.982175350189209,1.0,1.0,1.0,0.7219200134277344,-0.18418879806995392,-0.16625499725341797,1.206855058670044,0.0,0.986530065536499,3.4800000190734863,0.0,0.8512864112854004,0.986530065536499,1151.0,-1.0,-1.0,PASS,2.0,0.0
1151,24.370670318603516,-0.20004452764987946,0.02184666134417057,0.0,3.4800000190734863,0.9866756200790405,0.999999463558197,0.9955030679702759,0.9822658896446228,1.0,1.0,1.0,0.7423880100250244,-0.20004452764987946,-0.18144379556179047,1.2517215013504028,0.0,0.9866756200790405,3.4800000190734863,0.0,0.8512864112854004,0.9866756200790405,1152.0,-1.0,-1.0,PASS,2.0,0.0
1152,24.000167846679688,-0.19988852739334106,0.021866450086236,0.0,3.4800000190734863,0.9866793751716614,0.999999463558197,0.9945484399795532,0.9841762185096741,1.0,1.0,1.0,0.7329400181770325,-0.19988852739334106,-0.18127094209194183,1.2528553009033203,0.0,0.9866793751716614,3.4800000190734863,0.0,0.8512864112854004,0.9866793751716614,1153.0,-1.0,-1.0,PASS,2.0,0.0
1153,25.783777236938477,-0.1983666867017746,0.023189492523670197,0.0,3.4800000190734863,0.986883819103241,0.999999463558197,0.996676504611969,0.9803498387336731,1.0,1.0,1.0,0.7583270072937012,-0.1983666867017746,-0.17862224578857422,1.328660011291504,0.0,0.986883819103241,3.4800000190734863,0.0,0.8512864112854004,0.986883819103241,1154.0,-1.0,-1.0,PASS,2.0,0.0
1154,24.53470230102539,-0.2000971883535385,0.02277613990008831,0.0,3.4800000190734863,0.9864712953567505,0.999999463558197,0.9944345951080322,0.9839848279953003,1.0,1.0,1.0,0.7391120195388794,-0.2000971883535385,-0.18070481717586517,1.3049767017364502,0.0,0.9864712953567505,3.4800000190734863,0.0,0.8512864112854004,0.9864712953567505,1155.0,-1.0,-1.0,PASS,2.0,0.0
1155,27.393341064453125,-0.1979166716337204,0.022820796817541122,0.0,3.4800000190734863,0.9860291481018066,0.999999463558197,0.9961254596710205,0.9797293543815613,1.0,1.0,0.0,1.7023789882659912,-0.1979166716337204,-0.17848625779151917,1.3075352907180786,0.0,0.9860291481018066,3.4800000190734863,0.0,0.8512864112854004,0.9860291481018066,1156.0,-1.0,-1.0,PASS,2.0,0.0
1156,29.747724533081055,-0.19943460822105408,0.022687580436468124,0.0,3.4800000190734863,0.9870039224624634,0.999999463558197,0.9946739673614502,0.9845782518386841,1.0,1.0,1.0,0.7237929701805115,-0.19943460822105408,-0.180117666721344,1.2999025583267212,0.0,0.9870039224624634,3.4800000190734863,0.0,0.8512864112854004,0.9870039224624634,1157.0,-1.0,-1.0,PASS,2.0,0.0
1157,32.17577934265137,-0.1989888846874237,0.022510215640068054,0.0,3.4800000190734863,0.986699104309082,0.999999463558197,0.9945014119148254,0.9843096137046814,1.0,1.0,1.0,0.7280110120773315,-0.1989888846874237,-0.17982301115989685,1.2897403240203857,0.0,0.986699104309082,3.4800000190734863,0.0,0.8512864112854004,0.986699104309082,1158.0,-1.0,-1.0,PASS,2.0,0.0
1158,35.05396842956543,-0.19851450622081757,0.02341708168387413,0.0,3.4800000190734863,0.9864528179168701,0.999999463558197,0.9965550899505615,0.9797261357307434,1.0,1.0,1.0,0.7435699701309204,-0.19851450622081757,-0.17857621610164642,1.3416999578475952,0.0,0.9864528179168701,3.4800000190734863,0.0,0.8512864112854004,0.9864528179168701,1159.0,-1.0,-1.0,PASS,2.0,0.0
1159,37.12201118469238,-0.18529075384140015,0.021518059074878693,0.0,3.4800000190734863,0.9864829182624817,0.999999463558197,0.995513916015625,0.9818570017814636,1.0,1.0,1.0,0.7307969927787781,-0.18529075384140015,-0.166969895362854,1.232893943786621,0.0,0.9864829182624817,3.4800000190734863,0.0,0.8512864112854004,0.9864829182624817,1160.0,-1.0,-1.0,PASS,2.0,0.0
1160,39.995431900024414,-0.198200523853302,0.022739920765161514,0.0,3.4800000190734863,0.985960066318512,0.999999463558197,0.9961297512054443,0.9795821905136108,1.0,1.0,1.0,0.7083140015602112,-0.198200523853302,-0.17883899807929993,1.3029015064239502,0.0,0.985960066318512,3.4800000190734863,0.0,0.8512864112854004,0.985960066318512,1161.0,-1.0,-1.0,PASS,2.0,0.0
1161,41.574954986572266,-0.19850285351276398,0.023579386994242668,0.0,3.4800000190734863,0.9861679077148438,0.999999463558197,0.9955787062644958,0.9810953140258789,1.0,1.0,1.0,0.8258029818534851,-0.19850285351276398,-0.1784263253211975,1.350999355316162,0.0,0.9861679077148438,3.4800000190734863,0.0,0.8512864112854004,0.9861679077148438,1162.0,-1.0,-1.0,PASS,2.0,0.0
1162,43.00332069396973,-0.19924050569534302,0.024628961458802223,0.0,3.4800000190734863,0.9861254692077637,0.999999463558197,0.994120717048645,0.983915388584137,1.0,1.0,1.0,0.8452590107917786,-0.19924050569534302,-0.17826996743679047,1.4111355543136597,0.0,0.9861254692077637,3.4800000190734863,0.0,0.8512864112854004,0.9861254692077637,1163.0,-1.0,-1.0,PASS,2.0,0.0
1163,46.84019088745117,-0.1987801492214203,0.02362355776131153,0.0,3.4800000190734863,0.9863750338554382,0.999999463558197,0.995990514755249,0.9806920886039734,1.0,1.0,1.0,0.7612429857254028,-0.1987801492214203,-0.17866599559783936,1.3535301685333252,0.0,0.9863750338554382,3.4800000190734863,0.0,0.8512864112854004,0.9863750338554382,1164.0,-1.0,-1.0,PASS,2.0,0.0
1164,24.517059326171875,-0.18545745313167572,0.02080724947154522,0.0,3.4800000190734863,0.9866189360618591,0.999999463558197,0.9947611093521118,0.9836304187774658,1.0,1.0,1.0,0.7258470058441162,-0.18545745313167572,-0.16774196922779083,1.1921675205230713,0.0,0.9866189360618591,3.4800000190734863,0.0,0.8512864112854004,0.9866189360618591,1165.0,-1.0,-1.0,PASS,2.0,0.0
1165,24.003267288208008,-0.20005451142787933,0.02196519449353218,0.0,3.4800000190734863,0.9866642951965332,0.999999463558197,0.9949255585670471,0.9833937287330627,1.0,1.0,1.0,0.7143160104751587,-0.20005451142787933,-0.18135283887386322,1.2585129737854004,0.0,0.9866642951965332,3.4800000190734863,0.0,0.8512864112854004,0.9866642951965332,1166.0,-1.0,-1.0,PASS,2.0,0.0
1166,26.54552459716797,-0.20063035190105438,0.022673362866044044,0.0,3.4800000190734863,0.9862874150276184,0.999999463558197,0.9943133592605591,0.983856737613678,1.0,1.0,1.0,0.8134599924087524,-0.20063035190105438,-0.1813255250453949,1.2990880012512207,0.0,0.9862874150276184,3.4800000190734863,0.0,0.8512864112854004,0.9862874150276184,1167.0,-1.0,-1.0,PASS,2.0,0.0
1167,24.419069290161133,-0.18615029752254486,0.02165067568421364,0.0,3.4800000190734863,0.9863336086273193,0.999999463558197,0.9947066903114319,0.9831653237342834,1.0,1.0,1.0,0.7174819707870483,-0.18615029752254486,-0.16771648824214935,1.240492343902588,0.0,0.9863336086273193,3.4800000190734863,0.0,0.8512864112854004,0.9863336086273193,1168.0,-1.0,-1.0,PASS,2.0,0.0
1168,26.03292465209961,-0.19866836071014404,0.023049503564834595,0.0,3.4800000190734863,0.9866374731063843,0.999999463558197,0.9967503547668457,0.979708731174469,1.0,1.0,1.0,2.5888049602508545,-0.19866836071014404,-0.17904315888881683,1.3206392526626587,0.0,0.9866374731063843,3.4800000190734863,0.0,0.8512864112854004,0.9866374731063843,1169.0,-1.0,-1.0,PASS,2.0,0.0
1169,24.5821475982666,-0.19973617792129517,0.02313719503581524,0.0,3.4800000190734863,0.9867954850196838,0.999999463558197,0.9961650371551514,0.9811892509460449,1.0,1.0,1.0,0.772072970867157,-0.19973617792129517,-0.1800362765789032,1.3256635665893555,0.0,0.9867954850196838,3.4800000190734863,0.0,0.8512864112854004,0.9867954850196838,1170.0,-1.0,-1.0,PASS,2.0,0.0
1170,25.539398193359375,-0.1998966783285141,0.021885186433792114,0.0,3.4800000190734863,0.9867380857467651,0.999999463558197,0.9948095679283142,0.9837732911109924,1.0,1.0,0.0,1.7378959655761719,-0.1998966783285141,-0.18126314878463745,1.253928780555725,0.0,0.9867380857467651,3.4800000190734863,0.0,0.8512864112854004,0.9867380857467651,1171.0,-1.0,-1.0,PASS,2.0,0.0
1171,24.190187454223633,-0.1982240229845047,0.02296227216720581,0.0,3.4800000190734863,0.9861419796943665,0.999999463558197,0.9960628151893616,0.9800804257392883,1.0,1.0,1.0,0.711260974407196,-0.1982240229845047,-0.17867311835289001,1.3156412839889526,0.0,0.9861419796943665,3.4800000190734863,0.0,0.8512864112854004,0.9861419796943665,1172.0,-1.0,-1.0,PASS,2.0,0.0
1172,24.082660675048828,-0.19851261377334595,0.02391611784696579,0.0,3.4800000190734863,0.9858907461166382,0.999999463558197,0.995121419429779,0.9814486503601074,1.0,1.0,1.0,0.7184230089187622,-0.19851261377334595,-0.1781492680311203,1.3702926635742188,0.0,0.9858907461166382,3.4800000190734863,0.0,0.8512864112854004,0.9858907461166382,1173.0,-1.0,-1.0,PASS,2.0,0.0
1173,25.938034057617188,-0.18537913262844086,0.021204093471169472,0.0,3.4800000190734863,0.9863410592079163,0.999999463558197,0.9948676824569702,0.9828593134880066,1.0,1.0,1.0,0.815854012966156,-0.18537913262844086,-0.1673256754875183,1.214905023574829,0.0,0.9863410592079163,3.4800000190734863,0.0,0.8512864112854004,0.9863410592079163,1174.0,-1.0,-1.0,PASS,2.0,0.0
1174,24.372577667236328,-0.19887149333953857,0.022831641137599945,0.0,3.4800000190734863,0.9864766597747803,0.999999463558197,0.9959741234779358,0.9809288382530212,1.0,1.0,1.0,0.7716019749641418,-0.19887149333953857,-0.17943185567855835,1.3081567287445068,0.0,0.9864766597747803,3.4800000190734863,0.0,0.8512864112854004,0.9864766597747803,1175.0,-1.0,-1.0,PASS,2.0,0.0
1175,23.53835105895996,-0.19839446246623993,0.023015787824988365,0.0,3.4800000190734863,0.985668420791626,0.999999463558197,0.9959591031074524,0.9793356657028198,1.0,1.0,1.0,0.7318779826164246,-0.19839446246623993,-0.17879797518253326,1.3187074661254883,0.0,0.985668420791626,3.4800000190734863,0.0,0.8512864112854004,0.985668420791626,1176.0,-1.0,-1.0,PASS,2.0,0.0
1176,26.470661163330078,-0.1996014416217804,0.022533152252435684,0.0,3.4800000190734863,0.9861728549003601,0.999999463558197,0.9924443364143372,0.9873619675636292,1.0,1.0,1.0,0.7591090202331543,-0.1996014416217804,-0.1804160326719284,1.2910544872283936,0.0,0.9861728549003601,3.4800000190734863,0.0,0.8512864112854004,0.9861728549003601,1177.0,-1.0,-1.0,PASS,2.0,0.0
1177,27.640581130981445,-0.18572135269641876,0.020542940124869347,0.0,3.4800000190734863,0.9864324927330017,0.999999463558197,0.9942758083343506,0.9842236042022705,1.0,1.0,1.0,0.7103790044784546,-0.18572135269641876,-0.16823096573352814,1.1770237684249878,0.0,0.9864324927330017,3.4800000190734863,0.0,0.8512864112854004,0.9864324927330017,1178.0,-1.0,-1.0,PASS,2.0,0.0
1178,31.007051467895508,-0.18493370711803436,0.020994985476136208,0.0,3.4800000190734863,0.9864054918289185,0.999999463558197,0.9950910210609436,0.9825437664985657,1.0,1.0,1.0,0.7302550077438354,-0.18493370711803436,-0.1670583337545395,1.2029240131378174,0.0,0.9864054918289185,3.4800000190734863,0.0,0.8512864112854004,0.9864054918289185,1179.0,-1.0,-1.0,PASS,2.0,0.0
1179,32.19461441040039,-0.18581083416938782,0.02135697565972805,0.0,3.4800000190734863,0.9864489436149597,0.999999463558197,0.9951298832893372,0.9825536608695984,1.0,1.0,1.0,0.7244150042533875,-0.18581083416938782,-0.16762717068195343,1.2236645221710205,0.0,0.9864489436149597,3.4800000190734863,0.0,0.8512864112854004,0.9864489436149597,1180.0,-1.0,-1.0,PASS,2.0,0.0
1180,35.18080711364746,-0.19925977289676666,0.021914320066571236,0.0,3.4800000190734863,0.9859023690223694,0.999999463558197,0.9935213923454285,0.9846631288528442,1.0,1.0,1.0,0.7070819735527039,-0.19925977289676666,-0.18060141801834106,1.2555980682373047,0.0,0.9859023690223694,3.4800000190734863,0.0,0.8512864112854004,0.9859023690223694,1181.0,-1.0,-1.0,PASS,2.0,0.0
1181,38.451433181762695,-0.2003047913312912,0.022843262180685997,0.0,3.4800000190734863,0.9860177636146545,0.999999463558197,0.9933480620384216,0.9852417707443237,1.0,1.0,1.0,0.7214999794960022,-0.2003047913312912,-0.18085524439811707,1.308822512626648,0.0,0.9860177636146545,3.4800000190734863,0.0,0.8512864112854004,0.9860177636146545,1182.0,-1.0,-1.0,PASS,2.0,0.0
1182,39.92033004760742,-0.20008765161037445,0.022021200507879257,0.0,3.4800000190734863,0.986585259437561,0.999999463558197,0.9945970773696899,0.9838898181915283,1.0,1.0,1.0,0.7442709803581238,-0.20008765161037445,-0.18133826553821564,1.2617218494415283,0.0,0.986585259437561,3.4800000190734863,0.0,0.8512864112854004,0.986585259437561,1183.0,-1.0,-1.0,PASS,2.0,0.0
1183,43.40815544128418,-0.19786515831947327,0.023770717903971672,0.0,3.4800000190734863,0.9865362048149109,0.999999463558197,0.9957621693611145,0.9814701080322266,1.0,1.0,1.0,0.7188439965248108,-0.19786515831947327,-0.1776256561279297,1.361961841583252,0.0,0.9865362048149109,3.4800000190734863,0.0,0.8512864112854004,0.9865362048149109,1184.0,-1.0,-1.0,PASS,2.0,0.0
1184,24.361848831176758,-0.1993858516216278,0.023919643834233284,0.0,3.4800000190734863,0.9862391352653503,0.999999463558197,0.9950587153434753,0.9822737574577332,1.0,1.0,1.0,0.7270500063896179,-0.1993858516216278,-0.179019495844841,1.3704946041107178,0.0,0.9862391352653503,3.4800000190734863,0.0,0.8512864112854004,0.9862391352653503,1185.0,-1.0,-1.0,PASS,2.0,0.0
1185,25.50339698791504,-0.1987844705581665,0.022920450195670128,0.0,3.4800000190734863,0.9866865277290344,0.999999463558197,0.9961397647857666,0.9810208082199097,1.0,1.0,0.0,1.7569609880447388,-0.1987844705581665,-0.17926917970180511,1.3132450580596924,0.0,0.9866865277290344,3.4800000190734863,0.0,0.8512864112854004,0.9866865277290344,1186.0,-1.0,-1.0,PASS,2.0,0.0
1186,24.33180809020996,-0.2006533294916153,0.022775031626224518,0.0,3.4800000190734863,0.9860188961029053,0.999999463558197,0.9925306439399719,0.9868790507316589,1.0,1.0,1.0,0.7125120162963867,-0.2006533294916153,-0.18126189708709717,1.3049131631851196,0.0,0.9860188961029053,3.4800000190734863,0.0,0.8512864112854004,0.9860188961029053,1187.0,-1.0,-1.0,PASS,2.0,0.0
1187,24.04952049255371,-0.18583683669567108,0.021666361019015312,0.0,3.4800000190734863,0.9866226315498352,0.999999463558197,0.995047390460968,0.9830672144889832,1.0,1.0,1.0,0.7109289765357971,-0.18583683669567108,-0.1673896759748459,1.2413910627365112,0.0,0.9866226315498352,3.4800000190734863,0.0,0.8512864112854004,0.9866226315498352,1188.0,-1.0,-1.0,PASS,2.0,0.0
1188,23.947715759277344,-0.18532757461071014,0.021625211462378502,0.0,3.4800000190734863,0.9863826632499695,0.999999463558197,0.9938496947288513,0.9849739074707031,1.0,1.0,1.0,0.706741988658905,-0.18532757461071014,-0.16691546142101288,1.2390333414077759,0.0,0.9863826632499695,3.4800000190734863,0.0,0.8512864112854004,0.9863826632499695,1189.0,-1.0,-1.0,PASS,2.0,0.0
1189,24.256467819213867,-0.18499955534934998,0.021186761558055878,0.0,3.4800000190734863,0.986621081829071,0.999999463558197,0.9947893619537354,0.9835783243179321,1.0,1.0,1.0,0.7295640110969543,-0.18499955534934998,-0.16696085035800934,1.213912010192871,0.0,0.986621081829071,3.4800000190734863,0.0,0.8512864112854004,0.986621081829071,1190.0,-1.0,-1.0,PASS,2.0,0.0
1190,24.463176727294922,-0.18535752594470978,0.021625900641083717,0.0,3.4800000190734863,0.9864804744720459,0.999999463558197,0.9946563243865967,0.9835609793663025,1.0,1.0,1.0,0.7755489945411682,-0.18535752594470978,-0.16694481670856476,1.2390727996826172,0.0,0.9864804744720459,3.4800000190734863,0.0,0.8512864112854004,0.9864804744720459,1191.0,-1.0,-1.0,PASS,2.0,0.0
1191,26.43728256225586,-0.19851692020893097,0.02294166013598442,0.0,3.4800000190734863,0.985871434211731,0.999999463558197,0.9950619339942932,0.9815282821655273,1.0,1.0,1.0,0.7322890162467957,-0.19851692020893097,-0.17898356914520264,1.314460277557373,0.0,0.985871434211731,3.4800000190734863,0.0,0.8512864112854004,0.985871434211731,1192.0,-1.0,-1.0,PASS,2.0,0.0
1192,23.964881896972656,-0.19928531348705292,0.023981861770153046,0.0,3.4800000190734863,0.9868746995925903,0.999999463558197,0.995664119720459,0.9823449850082397,1.0,1.0,1.0,0.7204369902610779,-0.19928531348705292,-0.1788659691810608,1.3740594387054443,0.0,0.9868746995925903,3.4800000190734863,0.0,0.8512864112854004,0.9868746995925903,1193.0,-1.0,-1.0,PASS,2.0,0.0
1193,23.6663818359375,-0.18544484674930573,0.021601973101496696,0.0,3.4800000190734863,0.9866799712181091,0.999999463558197,0.9952006936073303,0.9828767776489258,1.0,1.0,1.0,0.7326499819755554,-0.18544484674930573,-0.1670525223016739,1.2377018928527832,0.0,0.9866799712181091,3.4800000190734863,0.0,0.8512864112854004,0.9866799712181091,1194.0,-1.0,-1.0,PASS,2.0,0.0
1194,24.73592758178711,-0.19944414496421814,0.022033706307411194,0.0,3.4800000190734863,0.9858691692352295,0.999999463558197,0.993934690952301,0.9837710857391357,1.0,1.0,1.0,0.7205569744110107,-0.19944414496421814,-0.18068411946296692,1.262438416481018,0.0,0.9858691692352295,3.4800000190734863,0.0,0.8512864112854004,0.9858691692352295,1195.0,-1.0,-1.0,PASS,2.0,0.0
1195,24.29676055908203,-0.19909903407096863,0.022308606654405594,0.0,3.4800000190734863,0.9861535429954529,0.999999463558197,0.9934514164924622,0.9853085875511169,1.0,1.0,1.0,0.7451120018959045,-0.19909903407096863,-0.18010486662387848,1.2781890630722046,0.0,0.9861535429954529,3.4800000190734863,0.0,0.8512864112854004,0.9861535429954529,1196.0,-1.0,-1.0,PASS,2.0,0.0
1196,24.83081817626953,-0.18571098148822784,0.021735426038503647,0.0,3.4800000190734863,0.9862744808197021,0.999999463558197,0.9939214587211609,0.9846130013465881,1.0,1.0,1.0,0.7665330171585083,-0.18571098148822784,-0.16720499098300934,1.2453482151031494,0.0,0.9862744808197021,3.4800000190734863,0.0,0.8512864112854004,0.9862744808197021,1197.0,-1.0,-1.0,PASS,2.0,0.0
1197,25.18320083618164,-0.19900456070899963,0.023130323737859726,0.0,3.4800000190734863,0.9864551424980164,0.999999463558197,0.9962403178215027,0.9803563356399536,1.0,1.0,1.0,0.7508440017700195,-0.19900456070899963,-0.17931051552295685,1.3252699375152588,0.0,0.9864551424980164,3.4800000190734863,0.0,0.8512864112854004,0.9864551424980164,1198.0,-1.0,-1.0,PASS,2.0,0.0
1198,27.671098709106445,-0.19837915897369385,0.023215731605887413,0.0,3.4800000190734863,0.9861333966255188,0.999999463558197,0.9956673383712769,0.9808496236801147,1.0,1.0,1.0,0.7421479821205139,-0.19837915897369385,-0.1786123663187027,1.3301634788513184,0.0,0.9861333966255188,3.4800000190734863,0.0,0.8512864112854004,0.9861333966255188,1199.0,-1.0,-1.0,PASS,2.0,0.0
1199,29.043197631835938,-0.1982429474592209,0.023004017770290375,0.0,3.4800000190734863,0.9859618544578552,0.999999463558197,0.9961435198783875,0.9795584082603455,1.0,1.0,1.0,0.7508739829063416,-0.1982429474592209,-0.17865648865699768,1.3180330991744995,0.0,0.9859618544578552,3.4800000190734863,0.0,0.8512864112854004,0.9859618544578552,1200.0,-1.0,-1.0,PASS,2.0,0.0
1200,32.84573554992676,-0.18485359847545624,0.021519597619771957,0.0,3.4800000190734863,0.9863763451576233,0.999999463558197,0.9950603246688843,0.9825463891029358,1.0,1.0,0.0,1.7413320541381836,-0.18485359847545624,-0.16653142869472504,1.2329821586608887,0.0,0.9863763451576233,3.4800000190734863,0.0,0.8512864112854004,0.9863763451576233,1201.0,-1.0,-1.0,PASS,2.0,0.0
1201,34.99913215637207,-0.20045514404773712,0.022479252889752388,0.0,3.4800000190734863,0.9864362478256226,0.999999463558197,0.9939779043197632,0.9848257303237915,1.0,1.0,1.0,0.7391319870948792,-0.20045514404773712,-0.18131563067436218,1.2879663705825806,0.0,0.9864362478256226,3.4800000190734863,0.0,0.8512864112854004,0.9864362478256226,1202.0,-1.0,-1.0,PASS,2.0,0.0
1202,36.287546157836914,-0.20023418962955475,0.022399796172976494,0.0,3.4800000190734863,0.986624538898468,0.999999463558197,0.9946028590202332,0.9839572310447693,1.0,1.0,1.0,0.750423014163971,-0.20023418962955475,-0.18116235733032227,1.2834137678146362,0.0,0.986624538898468,3.4800000190734863,0.0,0.8512864112854004,0.986624538898468,1203.0,-1.0,-1.0,PASS,2.0,0.0
1203,39.806365966796875,-0.20161069929599762,0.023902179673314095,0.0,3.4800000190734863,0.9865736365318298,0.999999463558197,0.9890573024749756,0.9949782490730286,1.0,1.0,1.0,0.7587980031967163,-0.20161069929599762,-0.18125922977924347,1.3694939613342285,0.0,0.9865736365318298,3.4800000190734863,0.0,0.8512864112854004,0.9865736365318298,1204.0,-1.0,-1.0,PASS,2.0,0.0
1204,41.16249084472656,-0.20084096491336823,0.022321181371808052,0.0,3.4800000190734863,0.9866405725479126,0.999999463558197,0.9943920373916626,0.9844101071357727,1.0,1.0,1.0,0.781279981136322,-0.20084096491336823,-0.1818360835313797,1.27890944480896,0.0,0.9866405725479126,3.4800000190734863,0.0,0.8512864112854004,0.9866405725479126,1205.0,-1.0,-1.0,PASS,2.0,0.0
1205,44.53015327453613,-0.18463318049907684,0.021771468222141266,0.0,3.4800000190734863,0.985985279083252,0.999999463558197,0.994574248790741,0.9827289581298828,1.0,1.0,1.0,0.7270299792289734,-0.18463318049907684,-0.166096493601799,1.2474132776260376,0.0,0.985985279083252,3.4800000190734863,0.0,0.8512864112854004,0.985985279083252,1206.0,-1.0,-1.0,PASS,2.0,0.0
1206,24.674177169799805,-0.20124603807926178,0.02313605695962906,0.0,3.4800000190734863,0.9866159558296204,0.999999463558197,0.9922003746032715,0.9887439608573914,1.0,1.0,1.0,0.7270389795303345,-0.20124603807926178,-0.1815471053123474,1.3255983591079712,0.0,0.9866159558296204,3.4800000190734863,0.0,0.8512864112854004,0.9866159558296204,1207.0,-1.0,-1.0,PASS,2.0,0.0
1207,24.921178817749023,-0.18738755583763123,0.02086169831454754,0.0,3.4800000190734863,0.9863265752792358,0.999999463558197,0.9932044148445129,0.9861506223678589,1.0,1.0,1.0,0.731357991695404,-0.18738755583763123,-0.16962569952011108,1.1952872276306152,0.0,0.9863265752792358,3.4800000190734863,0.0,0.8512864112854004,0.9863265752792358,1208.0,-1.0,-1.0,PASS,2.0,0.0
1208,25.31909942626953,-0.18639366328716278,0.021718868985772133,0.0,3.4800000190734863,0.9864547848701477,0.999999463558197,0.9940561056137085,0.9847069978713989,1.0,1.0,1.0,0.7474979758262634,-0.18639366328716278,-0.16790178418159485,1.2443995475769043,0.0,0.9864547848701477,3.4800000190734863,0.0,0.8512864112854004,0.9864547848701477,1209.0,-1.0,-1.0,PASS,2.0,0.0
1209,24.590492248535156,-0.18552935123443604,0.02153128571808338,0.0,3.4800000190734863,0.9864463210105896,0.999999463558197,0.9942013621330261,0.9843999743461609,1.0,1.0,1.0,0.7343729734420776,-0.18552935123443604,-0.16719722747802734,1.2336517572402954,0.0,0.9864463210105896,3.4800000190734863,0.0,0.8512864112854004,0.9864463210105896,1210.0,-1.0,-1.0,PASS,2.0,0.0
1210,24.858474731445312,-0.20164084434509277,0.02356736734509468,0.0,3.4800000190734863,0.9861484169960022,0.999999463558197,0.9887192845344543,0.9948000907897949,1.0,1.0,1.0,0.7156590223312378,-0.20164084434509277,-0.18157455325126648,1.3503106832504272,0.0,0.9861484169960022,3.4800000190734863,0.0,0.8512864112854004,0.9861484169960022,1211.0,-1.0,-1.0,PASS,2.0,0.0
1211,27.545690536499023,-0.18687273561954498,0.021644005551934242,0.0,3.4800000190734863,0.9864740967750549,0.999999463558197,0.9924268126487732,0.9880041480064392,1.0,1.0,1.0,0.7425280213356018,-0.18687273561954498,-0.16844460368156433,1.240110158920288,0.0,0.9864740967750549,3.4800000190734863,0.0,0.8512864112854004,0.9864740967750549,1212.0,-1.0,-1.0,PASS,2.0,0.0
1212,27.54688262939453,-0.18393313884735107,0.021529491990804672,0.0,3.4800000190734863,0.9864783883094788,0.999999463558197,0.9944210648536682,0.9840260148048401,1.0,1.0,1.0,0.7970290184020996,-0.18393313884735107,-0.16560254991054535,1.2335489988327026,0.0,0.9864783883094788,3.4800000190734863,0.0,0.8512864112854004,0.9864783883094788,1213.0,-1.0,-1.0,PASS,2.0,0.0
1213,24.343252182006836,-0.18586814403533936,0.021740540862083435,0.0,3.4800000190734863,0.9866676926612854,0.999999463558197,0.9947993755340576,0.9836521148681641,1.0,1.0,1.0,0.7346230149269104,-0.18586814403533936,-0.16735780239105225,1.2456412315368652,0.0,0.9866676926612854,3.4800000190734863,0.0,0.8512864112854004,0.9866676926612854,1214.0,-1.0,-1.0,PASS,2.0,0.0
1214,24.6732234954834,-0.18593767285346985,0.021316872909665108,0.0,3.4800000190734863,0.9866323471069336,0.999999463558197,0.9938799142837524,0.985416054725647,1.0,1.0,1.0,0.7325900197029114,-0.18593767285346985,-0.16778816282749176,1.2213668823242188,0.0,0.9866323471069336,3.4800000190734863,0.0,0.8512864112854004,0.9866323471069336,1215.0,-1.0,-1.0,PASS,2.0,0.0
1215,26.81899070739746,-0.18613731861114502,0.02132006548345089,0.0,3.4800000190734863,0.9866421818733215,0.999999463558197,0.9956631064414978,0.9818800091743469,1.0,1.0,0.0,1.7136000394821167,-0.18613731861114502,-0.16798508167266846,1.2215497493743896,0.0,0.9866421818733215,3.4800000190734863,0.0,0.8512864112854004,0.9866421818733215,1216.0,-1.0,-1.0,PASS,2.0,0.0
1216,24.275541305541992,-0.1997184157371521,0.022814977914094925,0.0,3.4800000190734863,0.9864791035652161,0.999999463558197,0.9925527572631836,0.9877620935440063,1.0,1.0,1.0,0.720346987247467,-0.1997184157371521,-0.18029296398162842,1.3072019815444946,0.0,0.9864791035652161,3.4800000190734863,0.0,0.8512864112854004,0.9864791035652161,1217.0,-1.0,-1.0,PASS,2.0,0.0
1217,23.789167404174805,-0.1998005360364914,0.02217816188931465,0.0,3.4800000190734863,0.9860357642173767,0.999999463558197,0.9942054152488708,0.9835659265518188,1.0,1.0,1.0,0.7297239899635315,-0.1998005360364914,-0.18091747164726257,1.2707151174545288,0.0,0.9860357642173767,3.4800000190734863,0.0,0.8512864112854004,0.9860357642173767,1218.0,-1.0,-1.0,PASS,2.0,0.0
1218,24.03712272644043,-0.20040099322795868,0.022590696811676025,0.0,3.4800000190734863,0.9860116839408875,0.999999463558197,0.9925388693809509,0.986847996711731,1.0,1.0,1.0,0.7021229863166809,-0.20040099322795868,-0.18116657435894012,1.294351577758789,0.0,0.9860116839408875,3.4800000190734863,0.0,0.8512864112854004,0.9860116839408875,1219.0,-1.0,-1.0,PASS,2.0,0.0
1219,26.866674423217773,-0.19994893670082092,0.02203320898115635,0.0,3.4800000190734863,0.9860776662826538,0.999999463558197,0.9946545362472534,0.982754647731781,1.0,1.0,1.0,0.7293540239334106,-0.19994893670082092,-0.18118932843208313,1.2624099254608154,0.0,0.9860776662826538,3.4800000190734863,0.0,0.8512864112854004,0.9860776662826538,1220.0,-1.0,-1.0,PASS,2.0,0.0
1220,29.783248901367188,-0.19991415739059448,0.02252133935689926,0.0,3.4800000190734863,0.9855704307556152,0.999999463558197,0.9927825927734375,0.9854713678359985,1.0,1.0,1.0,0.7249150276184082,-0.19991415739059448,-0.18073880672454834,1.2903777360916138,0.0,0.9855704307556152,3.4800000190734863,0.0,0.8512864112854004,0.9855704307556152,1221.0,-1.0,-1.0,PASS,2.0,0.0
1221,33.97631645202637,-0.18583333492279053,0.021658770740032196,0.0,3.4800000190734863,0.9863241314888,0.999999463558197,0.9942914843559265,0.983974277973175,1.0,1.0,1.0,0.7417169809341431,-0.18583333492279053,-0.16739264130592346,1.24095618724823,0.0,0.9863241314888,3.4800000190734863,0.0,0.8512864112854004,0.9863241314888,1222.0,-1.0,-1.0,PASS,2.0,0.0
1222,34.322500228881836,-0.1994202733039856,0.0218831654638052,0.0,3.4800000190734863,0.9862987399101257,0.999999463558197,0.9946703910827637,0.9831674695014954,1.0,1.0,1.0,0.7379999756813049,-0.1994202733039856,-0.18078845739364624,1.2538130283355713,0.0,0.9862987399101257,3.4800000190734863,0.0,0.8512864112854004,0.9862987399101257,1223.0,-1.0,-1.0,PASS,2.0,0.0
1223,37.63294219970703,-0.20019131898880005,0.022955559194087982,0.0,3.4800000190734863,0.9857024550437927,0.999999463558197,0.9932917952537537,0.9847192764282227,1.0,1.0,1.0,0.7122020125389099,-0.20019131898880005,-0.1806461364030838,1.3152567148208618,0.0,0.9857024550437927,3.4800000190734863,0.0,0.8512864112854004,0.9857024550437927,1224.0,-1.0,-1.0,PASS,2.0,0.0
1224,40.81559181213379,-0.18401895463466644,0.02035306580364704,0.0,3.4800000190734863,0.9862764477729797,0.999999463558197,0.993980348110199,0.984499454498291,1.0,1.0,1.0,0.7184240221977234,-0.18401895463466644,-0.16669027507305145,1.1661447286605835,0.0,0.9862764477729797,3.4800000190734863,0.0,0.8512864112854004,0.9862764477729797,1225.0,-1.0,-1.0,PASS,2.0,0.0
1225,43.27249526977539,-0.2001792937517166,0.02213314175605774,0.0,3.4800000190734863,0.9866241812705994,0.999999463558197,0.9947795867919922,0.9836041331291199,1.0,1.0,1.0,0.7192050218582153,-0.2001792937517166,-0.18133457005023956,1.268135666847229,0.0,0.9866241812705994,3.4800000190734863,0.0,0.8512864112854004,0.9866241812705994,1226.0,-1.0,-1.0,PASS,2.0,0.0
1226,46.24652862548828,-0.19868752360343933,0.0225059911608696,0.0,3.4800000190734863,0.9866200685501099,0.999999463558197,0.9958268404006958,0.9815097451210022,1.0,1.0,1.0,0.7375389933586121,-0.19868752360343933,-0.1795252412557602,1.2894983291625977,0.0,0.9866200685501099,3.4800000190734863,0.0,0.8512864112854004,0.9866200685501099,1227.0,-1.0,-1.0,PASS,2.0,0.0
1227,46.880245208740234,-0.18436193466186523,0.020714830607175827,0.0,3.4800000190734863,0.9866139888763428,0.999999463558197,0.9954602718353271,0.9822272062301636,1.0,1.0,1.0,0.7326599955558777,-0.18436193466186523,-0.16672515869140625,1.1868723630905151,0.0,0.9866139888763428,3.4800000190734863,0.0,0.8512864112854004,0.9866139888763428,1228.0,-1.0,-1.0,PASS,2.0,0.0
1228,24.15299415588379,-0.18482539057731628,0.021705541759729385,0.0,3.4800000190734863,0.9863662719726562,0.999999463558197,0.9949359893798828,0.9827737212181091,1.0,1.0,1.0,0.7185630202293396,-0.18482539057731628,-0.16634485125541687,1.243635892868042,0.0,0.9863662719726562,3.4800000190734863,0.0,0.8512864112854004,0.9863662719726562,1229.0,-1.0,-1.0,PASS,2.0,0.0
1229,24.081945419311523,-0.1847655475139618,0.021521123126149178,0.0,3.4800000190734863,0.9863442778587341,0.999999463558197,0.994981050491333,0.9826399087905884,1.0,1.0,1.0,0.7452030181884766,-0.1847655475139618,-0.16644208133220673,1.2330695390701294,0.0,0.9863442778587341,3.4800000190734863,0.0,0.8512864112854004,0.9863442778587341,1230.0,-1.0,-1.0,PASS,2.0,0.0
1230,25.165081024169922,-0.1980341225862503,0.023139266297221184,0.0,3.4800000190734863,0.9864752888679504,0.999999463558197,0.9959495663642883,0.9809748530387878,1.0,1.0,0.0,1.719972014427185,-0.1980341225862503,-0.17833246290683746,1.325782299041748,0.0,0.9864752888679504,3.4800000190734863,0.0,0.8512864112854004,0.9864752888679504,1231.0,-1.0,-1.0,PASS,2.0,0.0
1231,24.196624755859375,-0.19823527336120605,0.022716587409377098,0.0,3.4800000190734863,0.9866766929626465,0.999999463558197,0.9964512586593628,0.9803817868232727,1.0,1.0,1.0,0.7144960165023804,-0.19823527336120605,-0.17889362573623657,1.3015645742416382,0.0,0.9866766929626465,3.4800000190734863,0.0,0.8512864112854004,0.9866766929626465,1232.0,-1.0,-1.0,PASS,2.0,0.0
1232,24.805068969726562,-0.18453536927700043,0.021395644173026085,0.0,3.4800000190734863,0.9866183400154114,0.999999463558197,0.9947138428688049,0.9837234020233154,1.0,1.0,1.0,0.7168909907341003,-0.18453536927700043,-0.16631877422332764,1.2258801460266113,0.0,0.9866183400154114,3.4800000190734863,0.0,0.8512864112854004,0.9866183400154114,1233.0,-1.0,-1.0,PASS,2.0,0.0
1233,24.17612075805664,-0.18418939411640167,0.020973362028598785,0.0,3.4800000190734863,0.9865968823432922,0.999999463558197,0.9954937696456909,0.9821262359619141,1.0,1.0,1.0,0.7028449773788452,-0.18418939411640167,-0.1663324385881424,1.2016850709915161,0.0,0.9865968823432922,3.4800000190734863,0.0,0.8512864112854004,0.9865968823432922,1234.0,-1.0,-1.0,PASS,2.0,0.0
1234,26.331424713134766,-0.19948846101760864,0.022123463451862335,0.0,3.4800000190734863,0.9864720702171326,0.999999463558197,0.9941439628601074,0.984566330909729,1.0,1.0,1.0,0.7283520102500916,-0.19948846101760864,-0.1806519776582718,1.2675811052322388,0.0,0.9864720702171326,3.4800000190734863,0.0,0.8512864112854004,0.9864720702171326,1235.0,-1.0,-1.0,PASS,2.0,0.0
1235,23.89812469482422,-0.19821658730506897,0.021994588896632195,0.0,3.4800000190734863,0.9859254956245422,0.999999463558197,0.9943124651908875,0.9831306338310242,1.0,1.0,1.0,0.7233530282974243,-0.19821658730506897,-0.179489865899086,1.2601971626281738,0.0,0.9859254956245422,3.4800000190734863,0.0,0.8512864112854004,0.9859254956245422,1236.0,-1.0,-1.0,PASS,2.0,0.0
1236,27.00018882751465,-0.1845250427722931,0.021082591265439987,0.0,3.4800000190734863,0.9863755106925964,0.999999463558197,0.9950077533721924,0.9826494455337524,1.0,1.0,1.0,0.7413560152053833,-0.1845250427722931,-0.16657505929470062,1.2079435586929321,0.0,0.9863755106925964,3.4800000190734863,0.0,0.8512864112854004,0.9863755106925964,1237.0,-1.0,-1.0,PASS,2.0,0.0
1237,23.751497268676758,-0.19962967932224274,0.022533807903528214,0.0,3.4800000190734863,0.9860419034957886,0.999999463558197,0.9932898879051208,0.9854065775871277,1.0,1.0,1.0,0.7441710233688354,-0.19962967932224274,-0.18044370412826538,1.291092038154602,0.0,0.9860419034957886,3.4800000190734863,0.0,0.8512864112854004,0.9860419034957886,1238.0,-1.0,-1.0,PASS,2.0,0.0
1238,24.332046508789062,-0.2007099837064743,0.02227545715868473,0.0,3.4800000190734863,0.9863054156303406,0.999999463558197,0.9909645915031433,0.9905971884727478,1.0,1.0,1.0,0.7099980115890503,-0.2007099837064743,-0.1817440539598465,1.276289701461792,0.0,0.9863054156303406,3.4800000190734863,0.0,0.8512864112854004,0.9863054156303406,1239.0,-1.0,-1.0,PASS,2.0,0.0
1239,28.00464630126953,-0.1842518299818039,0.021308790892362595,0.0,3.4800000190734863,0.9862723350524902,0.999999463558197,0.9944151043891907,0.9836234450340271,1.0,1.0,1.0,0.7217699885368347,-0.1842518299818039,-0.16610920429229736,1.220903754234314,0.0,0.9862723350524902,3.4800000190734863,0.0,0.8512864112854004,0.9862723350524902,1240.0,-1.0,-1.0,PASS,2.0,0.0
1240,27.562618255615234,-0.18613430857658386,0.02178374119102955,0.0,3.4800000190734863,0.9863280653953552,0.999999463558197,0.9936740398406982,0.9852150082588196,1.0,1.0,1.0,0.7189149856567383,-0.18613430857658386,-0.16758717596530914,1.248116374015808,0.0,0.9863280653953552,3.4800000190734863,0.0,0.8512864112854004,0.9863280653953552,1241.0,-1.0,-1.0,PASS,2.0,0.0
1241,30.498743057250977,-0.18436138331890106,0.02160298451781273,0.0,3.4800000190734863,0.9863636493682861,0.999999463558197,0.9943621754646301,0.9839127063751221,1.0,1.0,1.0,0.7369980216026306,-0.18436138331890106,-0.16596819460391998,1.2377598285675049,0.0,0.9863636493682861,3.4800000190734863,0.0,0.8512864112854004,0.9863636493682861,1242.0,-1.0,-1.0,PASS,2.0,0.0
1242,33.429861068725586,-0.184642031788826,0.021238524466753006,0.0,3.4800000190734863,0.9862936735153198,0.999999463558197,0.9946524500846863,0.9831930994987488,1.0,1.0,1.0,0.7228019833564758,-0.184642031788826,-0.16655924916267395,1.216877818107605,0.0,0.9862936735153198,3.4800000190734863,0.0,0.8512864112854004,0.9862936735153198,1243.0,-1.0,-1.0,PASS,2.0,0.0
1243,36.995649337768555,-0.18453729152679443,0.021251291036605835,0.0,3.4800000190734863,0.986192524433136,0.999999463558197,0.994326651096344,0.9836393594741821,1.0,1.0,1.0,0.7232919931411743,-0.18453729152679443,-0.1664436310529709,1.2176092863082886,0.0,0.986192524433136,3.4800000190734863,0.0,0.8512864112854004,0.986192524433136,1244.0,-1.0,-1.0,PASS,2.0,0.0
1244,39.74342346191406,-0.19892922043800354,0.0229167677462101,0.0,3.4800000190734863,0.9859144687652588,0.999999463558197,0.9909600615501404,0.9898173213005066,1.0,1.0,1.0,0.7533079981803894,-0.19892922043800354,-0.17941707372665405,1.3130340576171875,0.0,0.9859144687652588,3.4800000190734863,0.0,0.8512864112854004,0.9859144687652588,1245.0,-1.0,-1.0,PASS,2.0,0.0
1245,41.39876365661621,-0.18571150302886963,0.02149905636906624,0.0,3.4800000190734863,0.986253559589386,0.999999463558197,0.9938188791275024,0.9847756624221802,1.0,1.0,0.0,1.7350499629974365,-0.18571150302886963,-0.16740682721138,1.2318052053451538,0.0,0.986253559589386,3.4800000190734863,0.0,0.8512864112854004,0.986253559589386,1246.0,-1.0,-1.0,PASS,2.0,0.0
1246,44.57449913024902,-0.18440057337284088,0.02138364501297474,0.0,3.4800000190734863,0.9862325191497803,0.999999463558197,0.9940783381462097,0.9842154383659363,1.0,1.0,1.0,0.7124029994010925,-0.18440057337284088,-0.16619418561458588,1.225192666053772,0.0,0.9862325191497803,3.4800000190734863,0.0,0.8512864112854004,0.9862325191497803,1247.0,-1.0,-1.0,PASS,2.0,0.0
1247,24.073362350463867,-0.19948576390743256,0.022686900570988655,0.0,3.4800000190734863,0.9862591028213501,0.999999463558197,0.9919283390045166,0.9885697960853577,1.0,1.0,1.0,0.7054799795150757,-0.19948576390743256,-0.18016940355300903,1.2998636960983276,0.0,0.9862591028213501,3.4800000190734863,0.0,0.8512864112854004,0.9862591028213501,1248.0,-1.0,-1.0,PASS,2.0,0.0
1248,24.359941482543945,-0.19886620342731476,0.02328258380293846,0.0,3.4800000190734863,0.9863273501396179,0.999999463558197,0.9894192814826965,0.9937505125999451,1.0,1.0,1.0,0.7049890160560608,-0.19886620342731476,-0.17904247343540192,1.3339937925338745,0.0,0.9863273501396179,3.4800000190734863,0.0,0.8512864112854004,0.9863273501396179,1249.0,-1.0,-1.0,PASS,2.0,0.0
1249,26.493310928344727,-0.1981906145811081,0.024116739630699158,0.0,3.4800000190734863,0.9862493872642517,0.999999463558197,0.9897900223731995,0.9928462505340576,1.0,1.0,1.0,0.744903028011322,-0.1981906145811081,-0.1776563823223114,1.3817874193191528,0.0,0.9862493872642517,3.4800000190734863,0.0,0.8512864112854004,0.9862493872642517,1250.0,-1.0,-1.0,PASS,2.0,0.0
1250,24.311542510986328,-0.19864490628242493,0.023427924141287804,0.0,3.4800000190734863,0.9867106676101685,0.999999463558197,0.9962955713272095,0.9807593822479248,1.0,1.0,1.0,0.7298849821090698,-0.19864490628242493,-0.1786973774433136,1.3423211574554443,0.0,0.9867106676101685,3.4800000190734863,0.0,0.8512864112854004,0.9867106676101685,1251.0,-1.0,-1.0,PASS,2.0,0.0
1251,24.23858642578125,-0.1835002899169922,0.021125763654708862,0.0,3.4800000190734863,0.9863994121551514,0.999999463558197,0.9950279593467712,0.9826571345329285,1.0,1.0,1.0,0.702003002166748,-0.1835002899169922,-0.1655135452747345,1.2104171514511108,0.0,0.9863994121551514,3.4800000190734863,0.0,0.8512864112854004,0.9863994121551514,1252.0,-1.0,-1.0,PASS,2.0,0.0
1252,24.713993072509766,-0.19812218844890594,0.022907406091690063,0.0,3.4800000190734863,0.9863663911819458,0.999999463558197,0.9961962103843689,0.980265736579895,1.0,1.0,1.0,0.7257270216941833,-0.19812218844890594,-0.17861801385879517,1.3124977350234985,0.0,0.9863663911819458,3.4800000190734863,0.0,0.8512864112854004,0.9863663911819458,1253.0,-1.0,-1.0,PASS,2.0,0.0
1253,23.871183395385742,-0.19910509884357452,0.02234293892979622,0.0,3.4800000190734863,0.986173152923584,0.999999463558197,0.9938154220581055,0.9846209287643433,1.0,1.0,1.0,0.7331010103225708,-0.19910509884357452,-0.18008169531822205,1.280156135559082,0.0,0.986173152923584,3.4800000190734863,0.0,0.8512864112854004,0.986173152923584,1254.0,-1.0,-1.0,PASS,2.0,0.0
1254,24.47676658630371,-0.19932834804058075,0.02249828539788723,0.0,3.4800000190734863,0.9862402081489563,0.999999463558197,0.9937983751296997,0.9847899079322815,1.0,1.0,1.0,0.800216019153595,-0.19932834804058075,-0.1801726371049881,1.2890567779541016,0.0,0.9862402081489563,3.4800000190734863,0.0,0.8512864112854004,0.9862402081489563,1255.0,-1.0,-1.0,PASS,2.0,0.0
1255,24.667978286743164,-0.18494535982608795,0.021781792864203453,0.0,3.4800000190734863,0.9863061904907227,0.999999463558197,0.9938924908638,0.9847347140312195,1.0,1.0,1.0,0.7265779972076416,-0.18494535982608795,-0.16639988124370575,1.2480047941207886,0.0,0.9863061904907227,3.4800000190734863,0.0,0.8512864112854004,0.9863061904907227,1256.0,-1.0,-1.0,PASS,2.0,0.0
1256,27.339458465576172,-0.1844102442264557,0.02074958197772503,0.0,3.4800000190734863,0.9861270189285278,0.999999463558197,0.9952324032783508,0.9817025661468506,1.0,1.0,1.0,0.7101479768753052,-0.1844102442264557,-0.16674387454986572,1.1888635158538818,0.0,0.9861270189285278,3.4800000190734863,0.0,0.8512864112854004,0.9861270189285278,1257.0,-1.0,-1.0,PASS,2.0,0.0
1257,31.327009201049805,-0.18407240509986877,0.020623700693249702,0.0,3.4800000190734863,0.986115038394928,0.999999463558197,0.994705855846405,0.9827273488044739,1.0,1.0,1.0,0.7335209846496582,-0.18407240509986877,-0.16651323437690735,1.181650996208191,0.0,0.986115038394928,3.4800000190734863,0.0,0.8512864112854004,0.986115038394928,1258.0,-1.0,-1.0,PASS,2.0,0.0
1258,34.80887413024902,-0.18417146801948547,0.020816676318645477,0.0,3.4800000190734863,0.9860870242118835,0.999999463558197,0.9951503276824951,0.9817855954170227,1.0,1.0,1.0,0.7380300164222717,-0.18417146801948547,-0.1664479523897171,1.1927076578140259,0.0,0.9860870242118835,3.4800000190734863,0.0,0.8512864112854004,0.9860870242118835,1259.0,-1.0,-1.0,PASS,2.0,0.0
1259,37.68634796142578,-0.1849161833524704,0.02075703628361225,0.0,3.4800000190734863,0.986061692237854,0.999999463558197,0.9951526522636414,0.981730043888092,1.0,1.0,1.0,2.50335693359375,-0.1849161833524704,-0.16724346578121185,1.1892905235290527,0.0,0.986061692237854,3.4800000190734863,0.0,0.8512864112854004,0.986061692237854,1260.0,-1.0,-1.0,PASS,2.0,0.0
1260,38.11311721801758,-0.19860762357711792,0.022171150892972946,0.0,3.4800000190734863,0.9857150316238403,0.999999463558197,0.9940689206123352,0.983193039894104,1.0,1.0,0.0,1.7456899881362915,-0.19860762357711792,-0.17973053455352783,1.2703133821487427,0.0,0.9857150316238403,3.4800000190734863,0.0,0.8512864112854004,0.9857150316238403,1261.0,-1.0,-1.0,PASS,2.0,0.0
1261,40.97795486450195,-0.18473809957504272,0.02036301977932453,0.0,3.4800000190734863,0.9862068891525269,0.999999463558197,0.9944552183151245,0.9834119081497192,1.0,1.0,1.0,0.721189022064209,-0.18473809957504272,-0.16740094125270844,1.166715145111084,0.0,0.9862068891525269,3.4800000190734863,0.0,0.8512864112854004,0.9862068891525269,1262.0,-1.0,-1.0,PASS,2.0,0.0
1262,41.20135307312012,-0.18399910628795624,0.021355928853154182,0.0,3.4800000190734863,0.9862266778945923,0.999999463558197,0.9948018193244934,0.9827606081962585,1.0,1.0,1.0,0.7159889936447144,-0.18399910628795624,-0.16581633687019348,1.2236045598983765,0.0,0.9862266778945923,3.4800000190734863,0.0,0.8512864112854004,0.9862266778945923,1263.0,-1.0,-1.0,PASS,2.0,0.0
1263,45.13120651245117,-0.18538130819797516,0.021680530160665512,0.0,3.4800000190734863,0.9862112998962402,0.999999463558197,0.9943693280220032,0.9835919737815857,1.0,1.0,1.0,0.7051489949226379,-0.18538130819797516,-0.16692207753658295,1.242202877998352,0.0,0.9862112998962402,3.4800000190734863,0.0,0.8512864112854004,0.9862112998962402,1264.0,-1.0,-1.0,PASS,2.0,0.0
1264,25.873661041259766,-0.1995733678340912,0.022203639149665833,0.0,3.4800000190734863,0.9857341051101685,0.999999463558197,0.9936009049415588,0.9841655492782593,1.0,1.0,1.0,0.7508339881896973,-0.1995733678340912,-0.18066860735416412,1.2721748352050781,0.0,0.9857341051101685,3.4800000190734863,0.0,0.8512864112854004,0.9857341051101685,1265.0,-1.0,-1.0,PASS,2.0,0.0
1265,24.379491806030273,-0.18410629034042358,0.021261395886540413,0.0,3.4800000190734863,0.9861301183700562,0.999999463558197,0.9947514533996582,0.9826669096946716,1.0,1.0,1.0,0.7494310140609741,-0.18410629034042358,-0.1660040318965912,1.2181882858276367,0.0,0.9861301183700562,3.4800000190734863,0.0,0.8512864112854004,0.9861301183700562,1266.0,-1.0,-1.0,PASS,2.0,0.0
1266,24.532794952392578,-0.1994045227766037,0.022770695388317108,0.0,3.4800000190734863,0.9858760237693787,0.999999463558197,0.9918491244316101,0.9879561066627502,1.0,1.0,1.0,0.7347840070724487,-0.1994045227766037,-0.18001678586006165,1.3046647310256958,0.0,0.9858760237693787,3.4800000190734863,0.0,0.8512864112854004,0.9858760237693787,1267.0,-1.0,-1.0,PASS,2.0,0.0
1267,26.299238204956055,-0.19821986556053162,0.023355064913630486,0.0,3.4800000190734863,0.9855235815048218,0.999999463558197,0.995600163936615,0.9797582626342773,1.0,1.0,1.0,0.7222409844398499,-0.19821986556053162,-0.17833440005779266,1.338146686553955,0.0,0.9855235815048218,3.4800000190734863,0.0,0.8512864112854004,0.9855235815048218,1268.0,-1.0,-1.0,PASS,2.0,0.0
1268,24.428367614746094,-0.19870908558368683,0.022277140989899635,0.0,3.4800000190734863,0.9855285882949829,0.999999463558197,0.9937224984169006,0.9835091829299927,1.0,1.0,1.0,0.7157679796218872,-0.19870908558368683,-0.1797417253255844,1.2763861417770386,0.0,0.9855285882949829,3.4800000190734863,0.0,0.8512864112854004,0.9855285882949829,1269.0,-1.0,-1.0,PASS,2.0,0.0
1269,24.491071701049805,-0.1983659565448761,0.023810094222426414,0.0,3.4800000190734863,0.9856690764427185,0.999999463558197,0.9954321384429932,0.9803848266601562,1.0,1.0,1.0,0.7615939974784851,-0.1983659565448761,-0.17809291183948517,1.3642178773880005,0.0,0.9856690764427185,3.4800000190734863,0.0,0.8512864112854004,0.9856690764427185,1270.0,-1.0,-1.0,PASS,2.0,0.0
1270,24.109601974487305,-0.1990364044904709,0.022119980305433273,0.0,3.4800000190734863,0.9854545593261719,0.999999463558197,0.993346631526947,0.9841105341911316,1.0,1.0,1.0,0.7322490215301514,-0.1990364044904709,-0.1802029013633728,1.2673815488815308,0.0,0.9854545593261719,3.4800000190734863,0.0,0.8512864112854004,0.9854545593261719,1271.0,-1.0,-1.0,PASS,2.0,0.0
1271,24.026870727539062,-0.19890327751636505,0.022035429254174232,0.0,3.4800000190734863,0.9854098558425903,0.999999463558197,0.9928768873214722,0.9849593043327332,1.0,1.0,1.0,0.7227219939231873,-0.19890327751636505,-0.18014177680015564,1.2625371217727661,0.0,0.9854098558425903,3.4800000190734863,0.0,0.8512864112854004,0.9854098558425903,1272.0,-1.0,-1.0,PASS,2.0,0.0
1272,27.341127395629883,-0.19720731675624847,0.022736048325896263,0.0,3.4800000190734863,0.9854243397712708,0.999999463558197,0.9958378076553345,0.9790865778923035,1.0,1.0,1.0,0.7460749745368958,-0.19720731675624847,-0.17784909904003143,1.3026796579360962,0.0,0.9854243397712708,3.4800000190734863,0.0,0.8512864112854004,0.9854243397712708,1273.0,-1.0,-1.0,PASS,2.0,0.0
1273,24.8105525970459,-0.19759926199913025,0.022910138592123985,0.0,3.4800000190734863,0.9854698181152344,0.999999463558197,0.996033787727356,0.978788435459137,1.0,1.0,1.0,0.7168909907341003,-0.19759926199913025,-0.17809276282787323,1.3126542568206787,0.0,0.9854698181152344,3.4800000190734863,0.0,0.8512864112854004,0.9854698181152344,1274.0,-1.0,-1.0,PASS,2.0,0.0
1274,24.036169052124023,-0.18348142504692078,0.0212879441678524,0.0,3.4800000190734863,0.9860715270042419,0.999999463558197,0.9949560165405273,0.9821414947509766,1.0,1.0,1.0,0.7459750175476074,-0.18348142504692078,-0.16535654664039612,1.2197093963623047,0.0,0.9860715270042419,3.4800000190734863,0.0,0.8512864112854004,0.9860715270042419,1275.0,-1.0,-1.0,PASS,2.0,0.0
1275,26.106595993041992,-0.18434245884418488,0.021641988307237625,0.0,3.4800000190734863,0.9860087633132935,0.999999463558197,0.9946318864822388,0.9826613068580627,1.0,1.0,0.0,1.7765380144119263,-0.18434245884418488,-0.1659160554409027,1.2399946451187134,0.0,0.9860087633132935,3.4800000190734863,0.0,0.8512864112854004,0.9860087633132935,1276.0,-1.0,-1.0,PASS,2.0,0.0
1276,27.154207229614258,-0.1981555074453354,0.02197769097983837,0.0,3.4800000190734863,0.9853928685188293,0.999999463558197,0.9941537976264954,0.9823755621910095,1.0,1.0,1.0,0.7048190236091614,-0.1981555074453354,-0.17944318056106567,1.2592289447784424,0.0,0.9853928685188293,3.4800000190734863,0.0,0.8512864112854004,0.9853928685188293,1277.0,-1.0,-1.0,PASS,2.0,0.0
1277,28.4421443939209,-0.19756875932216644,0.022700684145092964,0.0,3.4800000190734863,0.9854013323783875,0.999999463558197,0.9958224296569824,0.9790708422660828,1.0,1.0,1.0,0.7331510186195374,-0.19756875932216644,-0.17824065685272217,1.300653338432312,0.0,0.9854013323783875,3.4800000190734863,0.0,0.8512864112854004,0.9854013323783875,1278.0,-1.0,-1.0,PASS,2.0,0.0
1278,27.731657028198242,-0.19803202152252197,0.02341555617749691,0.0,3.4800000190734863,0.9853240251541138,0.999999463558197,0.9950223565101624,0.9805067777633667,1.0,1.0,1.0,1.1617670059204102,-0.19803202152252197,-0.1780950278043747,1.3416125774383545,0.0,0.9853240251541138,3.4800000190734863,0.0,0.8512864112854004,0.9853240251541138,1279.0,-1.0,-1.0,PASS,2.0,0.0
1279,29.999256134033203,-0.1970401406288147,0.022799871861934662,0.0,3.4800000190734863,0.9853101968765259,0.999999463558197,0.9950429201126099,0.9804381132125854,1.0,1.0,1.0,0.7388820052146912,-0.1970401406288147,-0.1776275485754013,1.3063364028930664,0.0,0.9853101968765259,3.4800000190734863,0.0,0.8512864112854004,0.9853101968765259,1280.0,-1.0,-1.0,PASS,2.0,0.0
1280,33.067941665649414,-0.19797927141189575,0.02270025573670864,0.0,3.4800000190734863,0.9855600595474243,0.999999463558197,0.9958311319351196,0.9793723821640015,1.0,1.0,1.0,0.7325599789619446,-0.19797927141189575,-0.17865152657032013,1.300628900527954,0.0,0.9855600595474243,3.4800000190734863,0.0,0.8512864112854004,0.9855600595474243,1281.0,-1.0,-1.0,PASS,2.0,0.0
1281,37.73927688598633,-0.19759178161621094,0.022912612184882164,0.0,3.4800000190734863,0.9857679605484009,0.999999463558197,0.9957724213600159,0.9799066185951233,1.0,1.0,1.0,0.7252259850502014,-0.19759178161621094,-0.1780831664800644,1.3127959966659546,0.0,0.9857679605484009,3.4800000190734863,0.0,0.8512864112854004,0.9857679605484009,1282.0,-1.0,-1.0,PASS,2.0,0.0
1282,41.22614860534668,-0.19837777316570282,0.02420691028237343,0.0,3.4800000190734863,0.9857707023620605,0.999999463558197,0.995444118976593,0.9805651903152466,1.0,1.0,1.0,0.735755980014801,-0.19837777316570282,-0.17776674032211304,1.3869538307189941,0.0,0.9857707023620605,3.4800000190734863,0.0,0.8512864112854004,0.9857707023620605,1283.0,-1.0,-1.0,PASS,2.0,0.0
1283,41.0153865814209,-0.19769783318042755,0.022471711039543152,0.0,3.4800000190734863,0.9857800006866455,0.999999463558197,0.9961310625076294,0.9792179465293884,1.0,1.0,1.0,0.7160189747810364,-0.19769783318042755,-0.17856475710868835,1.287534236907959,0.0,0.9857800006866455,3.4800000190734863,0.0,0.8512864112854004,0.9857800006866455,1284.0,-1.0,-1.0,PASS,2.0,0.0
1284,42.192935943603516,-0.19915834069252014,0.022333642467856407,0.0,3.4800000190734863,0.9859312176704407,0.999999463558197,0.99370276927948,0.9843589067459106,1.0,1.0,1.0,0.7263879776000977,-0.19915834069252014,-0.1801428496837616,1.2796235084533691,0.0,0.9859312176704407,3.4800000190734863,0.0,0.8512864112854004,0.9859312176704407,1285.0,-1.0,-1.0,PASS,2.0,0.0
1285,46.915531158447266,-0.1847994178533554,0.0213868860155344,0.0,3.4800000190734863,0.986285388469696,0.999999463558197,0.9947348833084106,0.9830121397972107,1.0,1.0,1.0,0.7479079961776733,-0.1847994178533554,-0.16659027338027954,1.2253782749176025,0.0,0.986285388469696,3.4800000190734863,0.0,0.8512864112854004,0.986285388469696,1286.0,-1.0,-1.0,PASS,2.0,0.0
1286,23.871421813964844,-0.19932633638381958,0.022622589021921158,0.0,3.4800000190734863,0.9857286214828491,0.999999463558197,0.9937596917152405,0.9838375449180603,1.0,1.0,1.0,0.7168409824371338,-0.19932633638381958,-0.18006475269794464,1.2961788177490234,0.0,0.9857286214828491,3.4800000190734863,0.0,0.8512864112854004,0.9857286214828491,1287.0,-1.0,-1.0,PASS,2.0,0.0
1287,26.530027389526367,-0.19988715648651123,0.023450933396816254,0.0,3.4800000190734863,0.985710859298706,0.999999463558197,0.9924564361572266,0.9864068031311035,1.0,1.0,1.0,0.7316979765892029,-0.19988715648651123,-0.17992003262043,1.3436394929885864,0.0,0.985710859298706,3.4800000190734863,0.0,0.8512864112854004,0.985710859298706,1288.0,-1.0,-1.0,PASS,2.0,0.0
1288,24.02973175048828,-0.1976819783449173,0.022088168188929558,0.0,3.4800000190734863,0.9846047163009644,0.999999463558197,0.9934659004211426,0.9821615219116211,1.0,1.0,1.0,0.7263180017471313,-0.1976819783449173,-0.17887556552886963,1.2655588388442993,0.0,0.9846047163009644,3.4800000190734863,0.0,0.8512864112854004,0.9846047163009644,1289.0,-1.0,-1.0,PASS,2.0,0.0
1289,23.654937744140625,-0.19731490314006805,0.023290807381272316,0.0,3.4800000190734863,0.984381377696991,0.999999463558197,0.9937343001365662,0.9811766743659973,1.0,1.0,1.0,0.7142860293388367,-0.19731490314006805,-0.1774841696023941,1.3344649076461792,0.0,0.984381377696991,3.4800000190734863,0.0,0.8512864112854004,0.984381377696991,1290.0,-1.0,-1.0,PASS,2.0,0.0
1290,25.112628936767578,-0.20078936219215393,0.023959048092365265,0.0,3.4800000190734863,0.9850777983665466,0.999999463558197,0.9892559051513672,0.9915534853935242,1.0,1.0,0.0,1.765707015991211,-0.20078936219215393,-0.18038944900035858,1.37275230884552,0.0,0.9850777983665466,3.4800000190734863,0.0,0.8512864112854004,0.9850777983665466,1291.0,-1.0,-1.0,PASS,2.0,0.0
1291,6593.525648117065,-0.200700581073761,0.02335904911160469,0.0,3.4800000190734863,0.9849043488502502,0.999999463558197,0.9884836673736572,0.9927584528923035,1.0,1.0,1.0,0.7234330177307129,-0.200700581073761,-0.18081171810626984,1.3383749723434448,0.0,0.9849043488502502,3.4800000190734863,0.0,0.8512864112854004,0.9849043488502502,1292.0,-1.0,-1.0,PASS,2.0,0.0
