frame,latency_ms,vote_d,vote_psi,vote_kappa,vote_width,conf,vote_sep,vote_mag,vote_bal,left_ok,right_ok,vote_mode,solve_ms,cte_rear_m,cte_near_m,theta_deg,curvature,conf_eff,lane_width_m,flags,d_near_m,conf_raw,seq,stop_line_dist,crosswalk_dist,judgment_state,cmd_speed,cmd_steer
5,54.14843559265137,-0.030869299545884132,-0.05633445456624031,0.0,3.4800000190734863,0.96951824426651,0.999999463558197,0.9861581325531006,0.9662535786628723,1.0,1.0,1.0,0.8796859979629517,-0.030869299545884132,-0.07887685298919678,-3.227726459503174,0.0,0.96951824426651,3.4800000190734863,0.0,0.8512864112854004,0.96951824426651,6.0,-1.0,-1.0,PASS,2.0,0.0
6,56.80131912231445,-0.03020520694553852,-0.05398355424404144,0.0,3.4800000190734863,0.9709782004356384,0.999999463558197,0.9877171516418457,0.9661062955856323,1.0,1.0,1.0,0.8872399926185608,-0.03020520694553852,-0.07620536535978317,-3.093029737472534,0.0,0.9709782004356384,3.4800000190734863,0.0,0.8512864112854004,0.9709782004356384,7.0,-1.0,-1.0,PASS,2.0,0.0
7,70.56522369384766,-0.03139622509479523,-0.05635688826441765,0.0,3.4800000190734863,0.9651800394058228,0.999999463558197,0.9870169162750244,0.9557523131370544,1.0,1.0,1.0,0.8661400079727173,-0.03139622509479523,-0.07942293584346771,-3.2290117740631104,0.0,0.9651800394058228,3.4800000190734863,0.0,0.8512864112854004,0.9651800394058228,8.0,-1.0,-1.0,PASS,2.0,0.0
8,43.935537338256836,-0.019101183861494064,-0.058731675148010254,0.0,3.4800000190734863,0.9676126837730408,0.999999463558197,0.9863356351852417,0.9620358943939209,1.0,1.0,1.0,0.7565460205078125,-0.019101183861494064,-0.0691562294960022,-3.365077018737793,0.0,0.9676126837730408,3.4800000190734863,0.0,0.8512864112854004,0.9676126837730408,9.0,-1.0,-1.0,PASS,2.0,0.0
9,46.442270278930664,-0.029479175806045532,-0.055688586086034775,0.0,3.4800000190734863,0.9707853198051453,0.999999463558197,0.988219141960144,0.9647170901298523,1.0,1.0,1.0,0.8153349757194519,-0.029479175806045532,-0.07693517953157425,-3.190721035003662,0.0,0.9707853198051453,3.4800000190734863,0.0,0.8512864112854004,0.9707853198051453,10.0,-1.0,-1.0,PASS,2.0,0.0
10,46.15354537963867,-0.01742546074092388,-0.056948222219944,0.0,3.4800000190734863,0.9668508172035217,0.999999463558197,0.9869586825370789,0.9592534303665161,1.0,1.0,1.0,0.7483609914779663,-0.01742546074092388,-0.06595718115568161,-3.262892723083496,0.0,0.9668508172035217,3.4800000190734863,0.0,0.8512864112854004,0.9668508172035217,11.0,-1.0,-1.0,PASS,2.0,0.0
11,25.3450870513916,-0.018301699310541153,-0.05721553415060043,0.0,3.4800000190734863,0.9667213559150696,0.999999463558197,0.9861783981323242,0.9605410099029541,1.0,1.0,1.0,0.7589499950408936,-0.018301699310541153,-0.06706172227859497,-3.2782087326049805,0.0,0.9667213559150696,3.4800000190734863,0.0,0.8512864112854004,0.9667213559150696,12.0,-1.0,-1.0,PASS,2.0,0.0
12,34.97004508972168,-0.01986934430897236,-0.05688280984759331,0.0,3.4800000190734863,0.9686013460159302,0.999999463558197,0.9866217374801636,0.9634710550308228,1.0,1.0,1.0,0.7772849798202515,-0.01986934430897236,-0.06834520399570465,-3.2591450214385986,0.0,0.9686013460159302,3.4800000190734863,0.0,0.8512864112854004,0.9686013460159302,13.0,-1.0,-1.0,PASS,2.0,0.0
13,27.11772918701172,-0.018674250692129135,-0.05795827880501747,0.0,3.4800000190734863,0.9667587876319885,0.999999463558197,0.9859535098075867,0.9610641598701477,1.0,1.0,1.0,0.7641900181770325,-0.018674250692129135,-0.06806866824626923,-3.3207647800445557,0.0,0.9667587876319885,3.4800000190734863,0.0,0.8512864112854004,0.9667587876319885,14.0,-1.0,-1.0,PASS,2.0,0.0
14,25.25496482849121,-0.030102485790848732,-0.05615748092532158,0.0,3.4800000190734863,0.9698036313056946,0.999999463558197,0.9864272475242615,0.9662957787513733,1.0,1.0,1.0,0.7560949921607971,-0.030102485790848732,-0.07795890420675278,-3.2175867557525635,0.0,0.9698036313056946,3.4800000190734863,0.0,0.8512864112854004,0.9698036313056946,15.0,-1.0,-1.0,PASS,2.0,0.0
15,27.415752410888672,-0.02874009869992733,-0.05617804452776909,0.0,3.4800000190734863,0.9675360918045044,0.999999463558197,0.9855943322181702,0.9633561372756958,1.0,1.0,0.0,1.7267400026321411,-0.02874009869992733,-0.07661407440900803,-3.2187647819519043,0.0,0.9675360918045044,3.4800000190734863,0.0,0.8512864112854004,0.9675360918045044,16.0,-1.0,-1.0,PASS,2.0,0.0
16,25.351524353027344,-0.029055064544081688,-0.055918287485837936,0.0,3.4800000190734863,0.9688911437988281,0.999999463558197,0.9864624738693237,0.9643754959106445,1.0,1.0,1.0,0.7630379796028137,-0.029055064544081688,-0.07670722156763077,-3.2038819789886475,0.0,0.9688911437988281,3.4800000190734863,0.0,0.8512864112854004,0.9688911437988281,17.0,-1.0,-1.0,PASS,2.0,0.0
17,24.714946746826172,-0.029478343203663826,-0.05623135715723038,0.0,3.4800000190734863,0.9699576497077942,0.999999463558197,0.9872588515281677,0.9649515748023987,1.0,1.0,1.0,0.7703719735145569,-0.029478343203663826,-0.07739785313606262,-3.2218194007873535,0.0,0.9699576497077942,3.4800000190734863,0.0,0.8512864112854004,0.9699576497077942,18.0,-1.0,-1.0,PASS,2.0,0.0
18,27.509450912475586,-0.02960461750626564,-0.056628283113241196,0.0,3.4800000190734863,0.9697325229644775,0.999999463558197,0.9868901371955872,0.9652293920516968,1.0,1.0,1.0,2.2437899112701416,-0.02960461750626564,-0.07786309719085693,-3.2445616722106934,0.0,0.9697325229644775,3.4800000190734863,0.0,0.8512864112854004,0.9697325229644775,19.0,-1.0,-1.0,PASS,2.0,0.0
19,25.20895004272461,-0.01880280300974846,-0.05765967816114426,0.0,3.4800000190734863,0.9659801721572876,0.999999463558197,0.9851438999176025,0.9610951542854309,1.0,1.0,1.0,0.7958890199661255,-0.01880280300974846,-0.06794217228889465,-3.3036561012268066,0.0,0.9659801721572876,3.4800000190734863,0.0,0.8512864112854004,0.9659801721572876,20.0,-1.0,-1.0,PASS,2.0,0.0
20,24.703264236450195,-0.0194107498973608,-0.05739041045308113,0.0,3.4800000190734863,0.9666224122047424,0.999999463558197,0.9849765300750732,0.9627323746681213,1.0,1.0,1.0,0.7470790147781372,-0.0194107498973608,-0.068320132791996,-3.2882282733917236,0.0,0.9666224122047424,3.4800000190734863,0.0,0.8512864112854004,0.9666224122047424,21.0,-1.0,-1.0,PASS,2.0,0.0
21,25.59971809387207,-0.029162868857383728,-0.056068893522024155,0.0,3.4800000190734863,0.9664346575737,0.999999463558197,0.9839000701904297,0.9644981622695923,1.0,1.0,1.0,0.7364180088043213,-0.029162868857383728,-0.07694363594055176,-3.2125110626220703,0.0,0.9664346575737,3.4800000190734863,0.0,0.8512864112854004,0.9664346575737,22.0,-1.0,-1.0,PASS,2.0,0.0
22,24.79243278503418,-0.01922752894461155,-0.0572616383433342,0.0,3.4800000190734863,0.9668380618095398,0.999999463558197,0.9853594303131104,0.9624073505401611,1.0,1.0,1.0,1.0059200525283813,-0.01922752894461155,-0.06802693009376526,-3.2808501720428467,0.0,0.9668380618095398,3.4800000190734863,0.0,0.8512864112854004,0.9668380618095398,23.0,-1.0,-1.0,PASS,2.0,0.0
23,24.67203140258789,-0.0289421696215868,-0.05493497848510742,0.0,3.4800000190734863,0.9694111347198486,0.999999463558197,0.9870789647102356,0.964202344417572,1.0,1.0,1.0,0.766323983669281,-0.0289421696215868,-0.07575467228889465,-3.1475424766540527,0.0,0.9694111347198486,3.4800000190734863,0.0,0.8512864112854004,0.9694111347198486,24.0,-1.0,-1.0,PASS,2.0,0.0
24,27.81081199645996,-0.030040614306926727,-0.05585241690278053,0.0,3.4800000190734863,0.966730535030365,0.999999463558197,0.9827780723571777,0.9673430323600769,1.0,1.0,1.0,0.7455350160598755,-0.030040614306926727,-0.07763651758432388,-3.2001078128814697,0.0,0.966730535030365,3.4800000190734863,0.0,0.8512864112854004,0.966730535030365,25.0,-1.0,-1.0,PASS,2.0,0.0
25,30.11322021484375,-0.030664697289466858,-0.05527343228459358,0.0,3.4800000190734863,0.9682173132896423,0.999999463558197,0.9836105108261108,0.9687010645866394,1.0,1.0,1.0,0.7490220069885254,-0.030664697289466858,-0.07776619493961334,-3.1669344902038574,0.0,0.9682173132896423,3.4800000190734863,0.0,0.8512864112854004,0.9682173132896423,26.0,-1.0,-1.0,PASS,2.0,0.0
26,31.82816505432129,-0.018446188420057297,-0.056761566549539566,0.0,3.4800000190734863,0.9649158120155334,0.999999463558197,0.9842151403427124,0.9607827067375183,1.0,1.0,1.0,0.7941759824752808,-0.018446188420057297,-0.06681849807500839,-3.2521982192993164,0.0,0.9649158120155334,3.4800000190734863,0.0,0.8512864112854004,0.9649158120155334,27.0,-1.0,-1.0,PASS,2.0,0.0
27,33.58888626098633,-0.029172489419579506,-0.05659060925245285,0.0,3.4800000190734863,0.9659419655799866,0.999999463558197,0.983364999294281,0.9645650386810303,1.0,1.0,1.0,0.725479006767273,-0.029172489419579506,-0.07739879935979843,-3.242403030395508,0.0,0.9659419655799866,3.4800000190734863,0.0,0.8512864112854004,0.9659419655799866,28.0,-1.0,-1.0,PASS,2.0,0.0
28,36.015987396240234,-0.029149044305086136,-0.05594823136925697,0.0,3.4800000190734863,0.9688616394996643,0.999999463558197,0.9862722754478455,0.9646945595741272,1.0,1.0,1.0,0.7605230212211609,-0.029149044305086136,-0.07682677358388901,-3.2055976390838623,0.0,0.9688616394996643,3.4800000190734863,0.0,0.8512864112854004,0.9688616394996643,29.0,-1.0,-1.0,PASS,2.0,0.0
29,35.50863265991211,-0.030263932421803474,-0.05644958093762398,0.0,3.4800000190734863,0.9668585658073425,0.999999463558197,0.9828780293464661,0.9674033522605896,1.0,1.0,1.0,0.763759970664978,-0.030263932421803474,-0.07836980372667313,-3.2343227863311768,0.0,0.9668585658073425,3.4800000190734863,0.0,0.8512864112854004,0.9668585658073425,30.0,-1.0,-1.0,PASS,2.0,0.0
30,37.076711654663086,-0.01930912584066391,-0.05728938803076744,0.0,3.4800000190734863,0.9658532738685608,0.999999463558197,0.9844052791595459,0.9623087048530579,1.0,1.0,0.0,1.7415469884872437,-0.01930912584066391,-0.06813222914934158,-3.282440185546875,0.0,0.9658532738685608,3.4800000190734863,0.0,0.8512864112854004,0.9658532738685608,31.0,-1.0,-1.0,PASS,2.0,0.0
31,37.390708923339844,-0.018869269639253616,-0.05745590850710869,0.0,3.4800000190734863,0.9669206142425537,0.999999463558197,0.9858465790748596,0.9616051316261292,1.0,1.0,1.0,0.7638900279998779,-0.018869269639253616,-0.06783459335565567,-3.2919809818267822,0.0,0.9669206142425537,3.4800000190734863,0.0,0.8512864112854004,0.9669206142425537,32.0,-1.0,-1.0,PASS,2.0,0.0
32,39.62087631225586,-0.019717441871762276,-0.05810064822435379,0.0,3.4800000190734863,0.9651659727096558,0.999999463558197,0.9837169647216797,0.9622843265533447,1.0,1.0,1.0,0.7497029900550842,-0.019717441871762276,-0.06923346221446991,-3.3289220333099365,0.0,0.9651659727096558,3.4800000190734863,0.0,0.8512864112854004,0.9651659727096558,33.0,-1.0,-1.0,PASS,2.0,0.0
33,42.943716049194336,-0.031802013516426086,-0.056386664509773254,0.0,3.4800000190734863,0.9614667892456055,0.999999463558197,0.9840513467788696,0.9540992975234985,1.0,1.0,1.0,0.965936005115509,-0.031802013516426086,-0.07985415309667587,-3.230717897415161,0.0,0.9614667892456055,3.4800000190734863,0.0,0.8512864112854004,0.9614667892456055,34.0,-1.0,-1.0,PASS,2.0,0.0
34,44.13437843322754,-0.03079904057085514,-0.05582857131958008,0.0,3.4800000190734863,0.969556450843811,0.999999463558197,0.9854654669761658,0.9677131772041321,1.0,1.0,1.0,0.7306380271911621,-0.03079904057085514,-0.07837457954883575,-3.1987414360046387,0.0,0.969556450843811,3.4800000190734863,0.0,0.8512864112854004,0.969556450843811,35.0,-1.0,-1.0,PASS,2.0,0.0
35,24.981021881103516,-0.01864154264330864,-0.05699777603149414,0.0,3.4800000190734863,0.966168999671936,0.999999463558197,0.9853914976119995,0.9609856009483337,1.0,1.0,1.0,0.7681879997253418,-0.01864154264330864,-0.06721558421850204,-3.2657320499420166,0.0,0.966168999671936,3.4800000190734863,0.0,0.8512864112854004,0.966168999671936,36.0,-1.0,-1.0,PASS,2.0,0.0
36,26.8557071685791,-0.0326375849545002,-0.05654120817780495,0.0,3.4800000190734863,0.9654190540313721,0.999999463558197,0.9865339994430542,0.9571940898895264,1.0,1.0,1.0,1.024003028869629,-0.0326375849545002,-0.08082170784473419,-3.239572525024414,0.0,0.9654190540313721,3.4800000190734863,0.0,0.8512864112854004,0.9654190540313721,37.0,-1.0,-1.0,PASS,2.0,0.0
37,25.05183219909668,-0.03255041688680649,-0.05606187507510185,0.0,3.4800000190734863,0.9637021422386169,0.999999463558197,0.9852693676948547,0.9562212228775024,1.0,1.0,1.0,0.7479599714279175,-0.03255041688680649,-0.08032519370317459,-3.212108850479126,0.0,0.9637021422386169,3.4800000190734863,0.0,0.8512864112854004,0.9637021422386169,38.0,-1.0,-1.0,PASS,2.0,0.0
38,24.46889877319336,-0.019735563546419144,-0.05775853991508484,0.0,3.4800000190734863,0.9670113325119019,0.999999463558197,0.9853456616401672,0.9627864956855774,1.0,1.0,1.0,0.7385029792785645,-0.019735563546419144,-0.06895937025547028,-3.3093204498291016,0.0,0.9670113325119019,3.4800000190734863,0.0,0.8512864112854004,0.9670113325119019,39.0,-1.0,-1.0,PASS,2.0,0.0
39,25.892257690429688,-0.020039167255163193,-0.057880353182554245,0.0,3.4800000190734863,0.9684616923332214,0.999999463558197,0.986396074295044,0.9636369943618774,1.0,1.0,1.0,0.7376610040664673,-0.020039167255163193,-0.06936702132225037,-3.3162999153137207,0.0,0.9684616923332214,3.4800000190734863,0.0,0.8512864112854004,0.9684616923332214,40.0,-1.0,-1.0,PASS,2.0,0.0
40,24.958133697509766,-0.032266054302453995,-0.056681953370571136,0.0,3.4800000190734863,0.962878406047821,0.999999463558197,0.9848865866661072,0.9553086757659912,1.0,1.0,1.0,0.7341650128364563,-0.032266054302453995,-0.08057036995887756,-3.2476367950439453,0.0,0.962878406047821,3.4800000190734863,0.0,0.8512864112854004,0.962878406047821,41.0,-1.0,-1.0,PASS,2.0,0.0
41,25.045394897460938,-0.031247396022081375,-0.05604046583175659,0.0,3.4800000190734863,0.9705745577812195,0.999999463558197,0.9862895607948303,0.9681336283683777,1.0,1.0,1.0,0.7914109826087952,-0.031247396022081375,-0.07900388538837433,-3.2108821868896484,0.0,0.9705745577812195,3.4800000190734863,0.0,0.8512864112854004,0.9705745577812195,42.0,-1.0,-1.0,PASS,2.0,0.0
42,25.41518211364746,-0.020365437492728233,-0.056991785764694214,0.0,3.4800000190734863,0.9681123495101929,0.999999463558197,0.985676646232605,0.9643614888191223,1.0,1.0,1.0,0.7453359961509705,-0.020365437492728233,-0.068934366106987,-3.2653887271881104,0.0,0.9681123495101929,3.4800000190734863,0.0,0.8512864112854004,0.9681123495101929,43.0,-1.0,-1.0,PASS,2.0,0.0
43,26.638269424438477,-0.020218634977936745,-0.057771869003772736,0.0,3.4800000190734863,0.9680784344673157,0.999999463558197,0.9858101010322571,0.9640267491340637,1.0,1.0,1.0,0.7669060230255127,-0.020218634977936745,-0.06945382803678513,-3.310084342956543,0.0,0.9680784344673157,3.4800000190734863,0.0,0.8512864112854004,0.9680784344673157,44.0,-1.0,-1.0,PASS,2.0,0.0
44,24.89924430847168,-0.03298170492053032,-0.05612560734152794,0.0,3.4800000190734863,0.9633451700210571,0.999999463558197,0.9847313165664673,0.9565650224685669,1.0,1.0,1.0,0.7487919926643372,-0.03298170492053032,-0.08081090450286865,-3.2157604694366455,0.0,0.9633451700210571,3.4800000190734863,0.0,0.8512864112854004,0.9633451700210571,45.0,-1.0,-1.0,PASS,2.0,0.0
45,27.124881744384766,-0.02096439152956009,-0.056740470230579376,0.0,3.4800000190734863,0.9684990644454956,0.999999463558197,0.9855149388313293,0.9654686450958252,1.0,1.0,0.0,2.076630115509033,-0.02096439152956009,-0.06931868195533752,-3.2509894371032715,0.0,0.9684990644454956,3.4800000190734863,0.0,0.8512864112854004,0.9684990644454956,46.0,-1.0,-1.0,PASS,2.0,0.0
46,25.105714797973633,-0.021412905305624008,-0.057196520268917084,0.0,3.4800000190734863,0.9695395827293396,0.999999463558197,0.9865118861198425,0.9655917286872864,1.0,1.0,1.0,0.7563760280609131,-0.021412905305624008,-0.07015669345855713,-3.2771191596984863,0.0,0.9695395827293396,3.4800000190734863,0.0,0.8512864112854004,0.9695395827293396,47.0,-1.0,-1.0,PASS,2.0,0.0
47,24.595022201538086,-0.03405372053384781,-0.056258268654346466,0.0,3.4800000190734863,0.966484546661377,0.999999463558197,0.9864954948425293,0.9594306945800781,1.0,1.0,1.0,0.7703409790992737,-0.03405372053384781,-0.08199620991945267,-3.2233612537384033,0.0,0.966484546661377,3.4800000190734863,0.0,0.8512864112854004,0.966484546661377,48.0,-1.0,-1.0,PASS,2.0,0.0
48,27.736186981201172,-0.033017463982105255,-0.05536244809627533,0.0,3.4800000190734863,0.965326726436615,0.999999463558197,0.9862245321273804,0.9576210379600525,1.0,1.0,1.0,0.761355996131897,-0.033017463982105255,-0.08019497245550156,-3.172034502029419,0.0,0.965326726436615,3.4800000190734863,0.0,0.8512864112854004,0.965326726436615,49.0,-1.0,-1.0,PASS,2.0,0.0
49,24.92809295654297,-0.033430520445108414,-0.055609531700611115,0.0,3.4800000190734863,0.9651647210121155,0.999999463558197,0.9858925938606262,0.9579514861106873,1.0,1.0,1.0,0.7831559777259827,-0.033430520445108414,-0.0808190181851387,-3.1861915588378906,0.0,0.9651647210121155,3.4800000190734863,0.0,0.8512864112854004,0.9651647210121155,50.0,-1.0,-1.0,PASS,2.0,0.0
50,24.397611618041992,-0.03355615958571434,-0.056362103670835495,0.0,3.4800000190734863,0.9667093753814697,0.999999463558197,0.9871047735214233,0.9586768746376038,1.0,1.0,1.0,0.7402560114860535,-0.03355615958571434,-0.08158732205629349,-3.2293107509613037,0.0,0.9667093753814697,3.4800000190734863,0.0,0.8512864112854004,0.9667093753814697,51.0,-1.0,-1.0,PASS,2.0,0.0
51,27.402400970458984,-0.033981092274188995,-0.05537101626396179,0.0,3.4800000190734863,0.9657456278800964,0.999999463558197,0.9859517216682434,0.9590125679969788,1.0,1.0,1.0,0.7814220190048218,-0.033981092274188995,-0.08116591721773148,-3.172525644302368,0.0,0.9657456278800964,3.4800000190734863,0.0,0.8512864112854004,0.9657456278800964,52.0,-1.0,-1.0,PASS,2.0,0.0
52,28.713464736938477,-0.03385800123214722,-0.05536213889718056,0.0,3.4800000190734863,0.9656167030334473,0.999999463558197,0.9858871102333069,0.9588794112205505,1.0,1.0,1.0,0.7549530267715454,-0.03385800123214722,-0.08103524893522263,-3.1720168590545654,0.0,0.9656167030334473,3.4800000190734863,0.0,0.8512864112854004,0.9656167030334473,53.0,-1.0,-1.0,PASS,2.0,0.0
53,32.29522705078125,-0.034664835780858994,-0.054806869477033615,0.0,3.4800000190734863,0.9654174447059631,0.999999463558197,0.9850555658340454,0.9601284265518188,1.0,1.0,1.0,0.7422099709510803,-0.034664835780858994,-0.08136794716119766,-3.140202283859253,0.0,0.9654174447059631,3.4800000190734863,0.0,0.8512864112854004,0.9654174447059631,54.0,-1.0,-1.0,PASS,2.0,0.0
54,35.5224609375,-0.03515557199716568,-0.05502692610025406,0.0,3.4800000190734863,0.966175377368927,0.999999463558197,0.9853229522705078,0.9611349105834961,1.0,1.0,1.0,0.7532309889793396,-0.03515557199716568,-0.08204658329486847,-3.152810573577881,0.0,0.966175377368927,3.4800000190734863,0.0,0.8512864112854004,0.966175377368927,55.0,-1.0,-1.0,PASS,2.0,0.0
55,35.51340103149414,-0.03404329717159271,-0.054614320397377014,0.0,3.4800000190734863,0.9667226076126099,0.999999463558197,0.9866889715194702,0.9595291018486023,1.0,1.0,1.0,0.7339239716529846,-0.03404329717159271,-0.08058200776576996,-3.1291699409484863,0.0,0.9667226076126099,3.4800000190734863,0.0,0.8512864112854004,0.9667226076126099,56.0,-1.0,-1.0,PASS,2.0,0.0
56,39.292097091674805,-0.034516528248786926,-0.05552428588271141,0.0,3.4800000190734863,0.9667245745658875,0.999999463558197,0.9863590598106384,0.9601885080337524,1.0,1.0,1.0,0.7576789855957031,-0.034516528248786926,-0.08183223009109497,-3.181307315826416,0.0,0.9667245745658875,3.4800000190734863,0.0,0.8512864112854004,0.9667245745658875,57.0,-1.0,-1.0,PASS,2.0,0.0
57,41.55755043029785,-0.034386374056339264,-0.05487147718667984,0.0,3.4800000190734863,0.967065691947937,0.999999463558197,0.9867674708366394,0.9600685238838196,1.0,1.0,1.0,0.7515469789505005,-0.034386374056339264,-0.08114465326070786,-3.143903970718384,0.0,0.967065691947937,3.4800000190734863,0.0,0.8512864112854004,0.967065691947937,58.0,-1.0,-1.0,PASS,2.0,0.0
58,42.455196380615234,-0.0347171425819397,-0.054544027894735336,0.0,3.4800000190734863,0.9671375751495361,0.999999463558197,0.9865644574165344,0.9606175422668457,1.0,1.0,1.0,0.7634389996528625,-0.0347171425819397,-0.08119583129882812,-3.1251425743103027,0.0,0.9671375751495361,3.4800000190734863,0.0,0.8512864112854004,0.9671375751495361,59.0,-1.0,-1.0,PASS,2.0,0.0
59,44.189453125,-0.03480469062924385,-0.055117666721343994,0.0,3.4800000190734863,0.968315601348877,0.999999463558197,0.9876006841659546,0.9609460830688477,1.0,1.0,1.0,0.8599889874458313,-0.03480469062924385,-0.08177318423986435,-3.1580097675323486,0.0,0.968315601348877,3.4800000190734863,0.0,0.8512864112854004,0.968315601348877,60.0,-1.0,-1.0,PASS,2.0,0.0
60,45.903682708740234,-0.03624148666858673,-0.05493568629026413,0.0,3.4800000190734863,0.9659062623977661,0.999999463558197,0.9847426414489746,0.9617440700531006,1.0,1.0,0.0,1.7190849781036377,-0.03624148666858673,-0.08305459469556808,-3.1475830078125,0.0,0.9659062623977661,3.4800000190734863,0.0,0.8512864112854004,0.9659062623977661,61.0,-1.0,-1.0,PASS,2.0,0.0
61,47.498226165771484,-0.03526514768600464,-0.05521556735038757,0.0,3.4800000190734863,0.9674919247627258,0.999999463558197,0.9864615201950073,0.9615405797958374,1.0,1.0,1.0,0.7600129842758179,-0.03526514768600464,-0.08231723308563232,-3.163619041442871,0.0,0.9674919247627258,3.4800000190734863,0.0,0.8512864112854004,0.9674919247627258,62.0,-1.0,-1.0,PASS,2.0,0.0
62,24.66607093811035,-0.03570179641246796,-0.05604686588048935,0.0,3.4800000190734863,0.9674626588821411,0.999999463558197,0.9862735867500305,0.9618549942970276,1.0,1.0,1.0,0.7276219725608826,-0.03570179641246796,-0.08346375077962875,-3.2112488746643066,0.0,0.9674626588821411,3.4800000190734863,0.0,0.8512864112854004,0.9674626588821411,63.0,-1.0,-1.0,PASS,2.0,0.0
63,28.533220291137695,-0.03559974581003189,-0.0550595186650753,0.0,3.4800000190734863,0.9680877923965454,0.999999463558197,0.986774206161499,0.9621267914772034,1.0,1.0,1.0,0.7780370116233826,-0.03559974581003189,-0.08251858502626419,-3.1546781063079834,0.0,0.9680877923965454,3.4800000190734863,0.0,0.8512864112854004,0.9680877923965454,64.0,-1.0,-1.0,PASS,2.0,0.0
64,25.042295455932617,-0.03522851690649986,-0.055295176804065704,0.0,3.4800000190734863,0.9679545164108276,0.999999463558197,0.987019419670105,0.9613691568374634,1.0,1.0,1.0,0.767225980758667,-0.03522851690649986,-0.08234858512878418,-3.168180227279663,0.0,0.9679545164108276,3.4800000190734863,0.0,0.8512864112854004,0.9679545164108276,65.0,-1.0,-1.0,PASS,2.0,0.0
65,25.510072708129883,-0.03736758977174759,-0.05654769018292427,0.0,3.4800000190734863,0.9690585732460022,0.999999463558197,0.9862635731697083,0.9651111960411072,1.0,1.0,1.0,0.8038939833641052,-0.03736758977174759,-0.0855572447180748,-3.2399439811706543,0.0,0.9690585732460022,3.4800000190734863,0.0,0.8512864112854004,0.9690585732460022,66.0,-1.0,-1.0,PASS,2.0,0.0
66,26.499271392822266,-0.03616733103990555,-0.056312933564186096,0.0,3.4800000190734863,0.9692952632904053,0.999999463558197,0.9876590371131897,0.9628140330314636,1.0,1.0,1.0,0.7913910150527954,-0.03616733103990555,-0.08415650576353073,-3.2264933586120605,0.0,0.9692952632904053,3.4800000190734863,0.0,0.8512864112854004,0.9692952632904053,67.0,-1.0,-1.0,PASS,2.0,0.0
67,25.39849281311035,-0.03711666539311409,-0.056683365255594254,0.0,3.4800000190734863,0.9678915739059448,0.999999463558197,0.9857329726219177,0.9638012647628784,1.0,1.0,1.0,0.7756320238113403,-0.03711666539311409,-0.08542218804359436,-3.2477176189422607,0.0,0.9678915739059448,3.4800000190734863,0.0,0.8512864112854004,0.9678915739059448,68.0,-1.0,-1.0,PASS,2.0,0.0
68,24.9025821685791,-0.03742543235421181,-0.05618322640657425,0.0,3.4800000190734863,0.9695504307746887,0.999999463558197,0.9868068099021912,0.9650262594223022,1.0,1.0,1.0,0.7636299729347229,-0.03742543235421181,-0.08530383557081223,-3.219061851501465,0.0,0.9695504307746887,3.4800000190734863,0.0,0.8512864112854004,0.9695504307746887,69.0,-1.0,-1.0,PASS,2.0,0.0
69,25.959253311157227,-0.0369231142103672,-0.05576205626130104,0.0,3.4800000190734863,0.9690629243850708,0.999999463558197,0.9870143532752991,0.9636253118515015,1.0,1.0,1.0,0.7519569993019104,-0.0369231142103672,-0.08444185554981232,-3.1949305534362793,0.0,0.9690629243850708,3.4800000190734863,0.0,0.8512864112854004,0.9690629243850708,70.0,-1.0,-1.0,PASS,2.0,0.0
70,25.131940841674805,-0.037854742258787155,-0.05559886619448662,0.0,3.4800000190734863,0.9701232314109802,0.999999463558197,0.9873460531234741,0.9651134014129639,1.0,1.0,1.0,0.7188460230827332,-0.037854742258787155,-0.0852341279387474,-3.1855804920196533,0.0,0.9701232314109802,3.4800000190734863,0.0,0.8512864112854004,0.9701232314109802,71.0,-1.0,-1.0,PASS,2.0,0.0
71,25.176286697387695,-0.03801675885915756,-0.056715063750743866,0.0,3.4800000190734863,0.9694881439208984,0.999999463558197,0.9868633151054382,0.9647876024246216,1.0,1.0,1.0,0.7406569719314575,-0.03801675885915756,-0.08634935319423676,-3.2495338916778564,0.0,0.9694881439208984,3.4800000190734863,0.0,0.8512864112854004,0.9694881439208984,72.0,-1.0,-1.0,PASS,2.0,0.0
72,25.491714477539062,-0.02861609123647213,-0.05763159319758415,0.0,3.4800000190734863,0.9705719947814941,0.999999463558197,0.988163411617279,0.9643962979316711,1.0,1.0,1.0,0.750756025314331,-0.02861609123647213,-0.07773147523403168,-3.30204701423645,0.0,0.9705719947814941,3.4800000190734863,0.0,0.8512864112854004,0.9705719947814941,73.0,-1.0,-1.0,PASS,2.0,0.0
73,27.357816696166992,-0.028539573773741722,-0.056796569377183914,0.0,3.4800000190734863,0.9703759551048279,0.999999463558197,0.9879132509231567,0.9644968509674072,1.0,1.0,1.0,0.7712939977645874,-0.028539573773741722,-0.07694178074598312,-3.2542037963867188,0.0,0.9703759551048279,3.4800000190734863,0.0,0.8512864112854004,0.9703759551048279,74.0,-1.0,-1.0,PASS,2.0,0.0
74,46.91457748413086,-0.04037071764469147,-0.05487958341836929,0.0,3.4800000190734863,0.966037392616272,0.999999463558197,0.9870733618736267,0.9573776721954346,1.0,1.0,1.0,0.8108879923820496,-0.04037071764469147,-0.0871359184384346,-3.1443684101104736,0.0,0.966037392616272,3.4800000190734863,0.0,0.8512864112854004,0.966037392616272,75.0,-1.0,-1.0,PASS,2.0,0.0
75,27.010202407836914,-0.04071950167417526,-0.056034352630376816,0.0,3.4800000190734863,0.9672139286994934,0.999999463558197,0.9878573417663574,0.9582061767578125,1.0,1.0,0.0,1.854377031326294,-0.04071950167417526,-0.08847077190876007,-3.2105319499969482,0.0,0.9672139286994934,3.4800000190734863,0.0,0.8512864112854004,0.9672139286994934,76.0,-1.0,-1.0,PASS,2.0,0.0
76,27.064085006713867,-0.04164304584264755,-0.05443766713142395,0.0,3.4800000190734863,0.9685879945755005,0.999999463558197,0.988483190536499,0.9597465395927429,1.0,1.0,1.0,0.7378720045089722,-0.04164304584264755,-0.08803092688322067,-3.119048595428467,0.0,0.9685879945755005,3.4800000190734863,0.0,0.8512864112854004,0.9685879945755005,77.0,-1.0,-1.0,PASS,2.0,0.0
77,24.683475494384766,-0.04275490716099739,-0.05477457493543625,0.0,3.4800000190734863,0.9695125818252563,0.999999463558197,0.9888677000999451,0.9608544707298279,1.0,1.0,1.0,0.7229440212249756,-0.04275490716099739,-0.08943044394254684,-3.1383519172668457,0.0,0.9695125818252563,3.4800000190734863,0.0,0.8512864112854004,0.9695125818252563,78.0,-1.0,-1.0,PASS,2.0,0.0
78,28.140783309936523,-0.042176615446805954,-0.054071929305791855,0.0,3.4800000190734863,0.9693337678909302,0.999999463558197,0.9889218807220459,0.9603853821754456,1.0,1.0,1.0,0.7523390054702759,-0.042176615446805954,-0.0882522240281105,-3.098093271255493,0.0,0.9693337678909302,3.4800000190734863,0.0,0.8512864112854004,0.9693337678909302,79.0,-1.0,-1.0,PASS,2.0,0.0
79,24.553537368774414,-0.04358417168259621,-0.05363033339381218,0.0,3.4800000190734863,0.9695737361907959,0.999999463558197,0.9885247349739075,0.9616585373878479,1.0,1.0,1.0,0.748661994934082,-0.04358417168259621,-0.08928276598453522,-3.072791814804077,0.0,0.9695737361907959,3.4800000190734863,0.0,0.8512864112854004,0.9695737361907959,80.0,-1.0,-1.0,PASS,2.0,0.0
80,24.511098861694336,-0.043539028614759445,-0.054197296500205994,0.0,3.4800000190734863,0.9695165157318115,0.999999463558197,0.9884122014045715,0.9617661237716675,1.0,1.0,1.0,0.7746899724006653,-0.043539028614759445,-0.0897216796875,-3.105276346206665,0.0,0.9695165157318115,3.4800000190734863,0.0,0.8512864112854004,0.9695165157318115,81.0,-1.0,-1.0,PASS,2.0,0.0
81,26.11565589904785,-0.042297448962926865,-0.053114622831344604,0.0,3.4800000190734863,0.9689138531684875,0.999999463558197,0.9882798790931702,0.9608091115951538,1.0,1.0,1.0,0.7644510269165039,-0.042297448962926865,-0.08755577355623245,-3.043243646621704,0.0,0.9689138531684875,3.4800000190734863,0.0,0.8512864112854004,0.9689138531684875,82.0,-1.0,-1.0,PASS,2.0,0.0
82,24.852991104125977,-0.042061079293489456,-0.05312668904662132,0.0,3.4800000190734863,0.9685533046722412,0.999999463558197,0.9880868196487427,0.9604624509811401,1.0,1.0,1.0,0.7585899829864502,-0.042061079293489456,-0.08732970803976059,-3.0439350605010986,0.0,0.9685533046722412,3.4800000190734863,0.0,0.8512864112854004,0.9685533046722412,83.0,-1.0,-1.0,PASS,2.0,0.0
83,24.763822555541992,-0.04297972470521927,-0.05260170251131058,0.0,3.4800000190734863,0.9677473902702332,0.999999463558197,0.9875408411026001,0.9599141478538513,1.0,1.0,1.0,0.7288339734077454,-0.04297972470521927,-0.08780018240213394,-3.013855457305908,0.0,0.9677473902702332,3.4800000190734863,0.0,0.8512864112854004,0.9677473902702332,84.0,-1.0,-1.0,PASS,2.0,0.0
84,26.418685913085938,-0.04194515198469162,-0.05249623581767082,0.0,3.4800000190734863,0.9684501886367798,0.999999463558197,0.988014817237854,0.9603966474533081,1.0,1.0,1.0,0.731128990650177,-0.04194515198469162,-0.08667558431625366,-3.007812738418579,0.0,0.9684501886367798,3.4800000190734863,0.0,0.8512864112854004,0.9684501886367798,85.0,-1.0,-1.0,PASS,2.0,0.0
85,28.702735900878906,-0.04088960215449333,-0.053440771996974945,0.0,3.4800000190734863,0.9666722416877747,0.999999463558197,0.9875008463859558,0.9578160047531128,1.0,1.0,1.0,0.7917219996452332,-0.04088960215449333,-0.08642636239528656,-3.0619306564331055,0.0,0.9666722416877747,3.4800000190734863,0.0,0.8512864112854004,0.9666722416877747,86.0,-1.0,-1.0,PASS,2.0,0.0
86,30.61652183532715,-0.04346098005771637,-0.053054798394441605,0.0,3.4800000190734863,0.9695176482200623,0.999999463558197,0.9880819916725159,0.9624239802360535,1.0,1.0,1.0,0.7694910168647766,-0.04346098005771637,-0.08866823464632034,-3.03981614112854,0.0,0.9695176482200623,3.4800000190734863,0.0,0.8512864112854004,0.9695176482200623,87.0,-1.0,-1.0,PASS,2.0,0.0
87,32.00650215148926,-0.04387123882770538,-0.05281517654657364,0.0,3.4800000190734863,0.970623791217804,0.999999463558197,0.9889113306999207,0.9630153179168701,1.0,1.0,1.0,0.7662349939346313,-0.04387123882770538,-0.08887393027544022,-3.0260868072509766,0.0,0.970623791217804,3.4800000190734863,0.0,0.8512864112854004,0.970623791217804,88.0,-1.0,-1.0,PASS,2.0,0.0
88,32.75942802429199,-0.04136131703853607,-0.05209919810295105,0.0,3.4800000190734863,0.9680482745170593,0.999999463558197,0.9878957867622375,0.9598190784454346,1.0,1.0,1.0,0.7671759724617004,-0.04136131703853607,-0.08575282990932465,-2.9850642681121826,0.0,0.9680482745170593,3.4800000190734863,0.0,0.8512864112854004,0.9680482745170593,89.0,-1.0,-1.0,PASS,2.0,0.0
89,36.106109619140625,-0.038261234760284424,-0.05020501837134361,0.0,3.4800000190734863,0.9711073040962219,0.999999463558197,0.9875330328941345,0.9667343497276306,1.0,1.0,1.0,0.7559959888458252,-0.038261234760284424,-0.0810360312461853,-2.876535654067993,0.0,0.9711073040962219,3.4800000190734863,0.0,0.8512864112854004,0.9711073040962219,90.0,-1.0,-1.0,PASS,2.0,0.0
90,38.22040557861328,-0.03752610459923744,-0.04989122599363327,0.0,3.4800000190734863,0.9703575372695923,0.999999463558197,0.9871498942375183,0.9659786224365234,1.0,1.0,0.0,1.8178189992904663,-0.03752610459923744,-0.08003310114145279,-2.8585567474365234,0.0,0.9703575372695923,3.4800000190734863,0.0,0.8512864112854004,0.9703575372695923,91.0,-1.0,-1.0,PASS,2.0,0.0
91,35.98189353942871,-0.03566756471991539,-0.04995545372366905,0.0,3.4800000190734863,0.9690269231796265,0.999999463558197,0.9872281551361084,0.9631271362304688,1.0,1.0,1.0,0.7767639756202698,-0.03566756471991539,-0.0782293751835823,-2.862236738204956,0.0,0.9690269231796265,3.4800000190734863,0.0,0.8512864112854004,0.9690269231796265,92.0,-1.0,-1.0,PASS,2.0,0.0
92,37.43386268615723,-0.03647969663143158,-0.049371570348739624,0.0,3.4800000190734863,0.9699122905731201,0.999999463558197,0.9870571494102478,0.9652611613273621,1.0,1.0,1.0,0.7487519979476929,-0.03647969663143158,-0.07854322344064713,-2.828782558441162,0.0,0.9699122905731201,3.4800000190734863,0.0,0.8512864112854004,0.9699122905731201,93.0,-1.0,-1.0,PASS,2.0,0.0
93,37.49656677246094,-0.03638583794236183,-0.048649031668901443,0.0,3.4800000190734863,0.9702649116516113,0.999999463558197,0.9877186417579651,0.9646589756011963,1.0,1.0,1.0,0.7608649730682373,-0.03638583794236183,-0.07783280313014984,-2.787384271621704,0.0,0.9702649116516113,3.4800000190734863,0.0,0.8512864112854004,0.9702649116516113,94.0,-1.0,-1.0,PASS,2.0,0.0
94,39.37721252441406,-0.036212049424648285,-0.048413172364234924,0.0,3.4800000190734863,0.9686986207962036,0.999999463558197,0.9860252737998962,0.9648560285568237,1.0,1.0,1.0,0.7345259785652161,-0.036212049424648285,-0.07745775580406189,-2.7738704681396484,0.0,0.9686986207962036,3.4800000190734863,0.0,0.8512864112854004,0.9686986207962036,95.0,-1.0,-1.0,PASS,2.0,0.0
95,39.6733283996582,-0.04996836185455322,-0.04787903279066086,0.0,3.4800000190734863,0.9651757478713989,0.999999463558197,0.9849956035614014,0.9597570300102234,1.0,1.0,1.0,0.7589100003242493,-0.04996836185455322,-0.0907583087682724,-2.7432665824890137,0.0,0.9651757478713989,3.4800000190734863,0.0,0.8512864112854004,0.9651757478713989,96.0,-1.0,-1.0,PASS,2.0,0.0
96,39.724111557006836,-0.04996905475854874,-0.046522799879312515,0.0,3.4800000190734863,0.9666599035263062,0.999999463558197,0.9863045811653137,0.9601656198501587,1.0,1.0,1.0,0.7460070252418518,-0.04996905475854874,-0.08960188180208206,-2.665560007095337,0.0,0.9666599035263062,3.4800000190734863,0.0,0.8512864112854004,0.9666599035263062,97.0,-1.0,-1.0,PASS,2.0,0.0
97,39.90054130554199,-0.033637695014476776,-0.04821603745222092,0.0,3.4800000190734863,0.9689119458198547,0.999999463558197,0.988136351108551,0.961090087890625,1.0,1.0,1.0,0.7423200011253357,-0.033637695014476776,-0.07471518963575363,-2.762575387954712,0.0,0.9689119458198547,3.4800000190734863,0.0,0.8512864112854004,0.9689119458198547,98.0,-1.0,-1.0,PASS,2.0,0.0
98,43.097496032714844,-0.04838746786117554,-0.04588881880044937,0.0,3.4800000190734863,0.9629517197608948,0.999999463558197,0.9842935800552368,0.9566357135772705,1.0,1.0,1.0,0.7566059827804565,-0.04838746786117554,-0.08747944235801697,-2.6292357444763184,0.0,0.9629517197608948,3.4800000190734863,0.0,0.8512864112854004,0.9629517197608948,99.0,-1.0,-1.0,PASS,2.0,0.0
99,46.87905311584473,-0.04897448793053627,-0.045642782002687454,0.0,3.4800000190734863,0.9650967121124268,0.999999463558197,0.9856016635894775,0.9583914875984192,1.0,1.0,1.0,0.7372099757194519,-0.04897448793053627,-0.08785656839609146,-2.6151387691497803,0.0,0.9650967121124268,3.4800000190734863,0.0,0.8512864112854004,0.9650967121124268,100.0,-1.0,-1.0,PASS,2.0,0.0
100,47.9123592376709,-0.046942126005887985,-0.04347458854317665,0.0,3.4800000190734863,0.9690696597099304,0.999999463558197,0.9834493398666382,0.9707571268081665,1.0,1.0,1.0,0.7570880055427551,-0.046942126005887985,-0.08397478610277176,-2.490910530090332,0.0,0.9690696597099304,3.4800000190734863,0.0,0.8512864112854004,0.9690696597099304,101.0,-1.0,-1.0,PASS,2.0,0.0
101,25.99191665649414,-0.048370592296123505,-0.04550538957118988,0.0,3.4800000190734863,0.9631975293159485,0.999999463558197,0.9844735860824585,0.9567773342132568,1.0,1.0,1.0,0.7520679831504822,-0.048370592296123505,-0.08713547140359879,-2.607266664505005,0.0,0.9631975293159485,3.4800000190734863,0.0,0.8512864112854004,0.9631975293159485,102.0,-1.0,-1.0,PASS,2.0,0.0
102,28.27286720275879,-0.04441136494278908,-0.04237201809883118,0.0,3.4800000190734863,0.9690874218940735,0.999999463558197,0.9865630269050598,0.9645732641220093,1.0,1.0,1.0,0.7807120084762573,-0.04441136494278908,-0.0805036872625351,-2.4277377128601074,0.0,0.9690874218940735,3.4800000190734863,0.0,0.8512864112854004,0.9690874218940735,103.0,-1.0,-1.0,PASS,2.0,0.0
103,25.87890625,-0.04385479539632797,-0.04275357350707054,0.0,3.4800000190734863,0.9673956036567688,0.999999463558197,0.9852136969566345,0.9638293981552124,1.0,1.0,1.0,0.7566459774971008,-0.04385479539632797,-0.08027252554893494,-2.449599266052246,0.0,0.9673956036567688,3.4800000190734863,0.0,0.8512864112854004,0.9673956036567688,104.0,-1.0,-1.0,PASS,2.0,0.0
104,26.793479919433594,-0.04066320136189461,-0.04145755618810654,0.0,3.4800000190734863,0.9574805498123169,0.999999463558197,0.9793902635574341,0.9552589058876038,1.0,1.0,1.0,0.7505549788475037,-0.04066320136189461,-0.0759756863117218,-2.375343084335327,0.0,0.9574805498123169,3.4800000190734863,0.0,0.8512864112854004,0.9574805498123169,105.0,-1.0,-1.0,PASS,2.0,0.0
105,28.014421463012695,-0.040198951959609985,-0.04091960936784744,0.0,3.4800000190734863,0.9580156207084656,0.999999463558197,0.9806076288223267,0.9539229273796082,1.0,1.0,0.0,1.7896759510040283,-0.040198951959609985,-0.07505271583795547,-2.3445208072662354,0.0,0.9580156207084656,3.4800000190734863,0.0,0.8512864112854004,0.9580156207084656,106.0,-1.0,-1.0,PASS,2.0,0.0
106,25.415658950805664,-0.05221780762076378,-0.03695676475763321,0.0,3.4800000190734863,0.9655882716178894,0.999999463558197,0.9829975366592407,0.964579701423645,1.0,1.0,1.0,0.7655529975891113,-0.05221780762076378,-0.08369293063879013,-2.117466688156128,0.0,0.9655882716178894,3.4800000190734863,0.0,0.8512864112854004,0.9655882716178894,107.0,-1.0,-1.0,PASS,2.0,0.0
107,26.27396583557129,-0.051354143768548965,-0.037217963486909866,0.0,3.4800000190734863,0.9658524990081787,0.999999463558197,0.9848966598510742,0.9613282084465027,1.0,1.0,1.0,0.8369259834289551,-0.051354143768548965,-0.08305192738771439,-2.132432222366333,0.0,0.9658524990081787,3.4800000190734863,0.0,0.8512864112854004,0.9658524990081787,108.0,-1.0,-1.0,PASS,2.0,0.0
108,27.009963989257812,-0.051063958555459976,-0.037138938903808594,0.0,3.4800000190734863,0.9669870138168335,0.999999463558197,0.9861727356910706,0.9610910415649414,1.0,1.0,1.0,0.7388830184936523,-0.051063958555459976,-0.08269437402486801,-2.1279044151306152,0.0,0.9669870138168335,3.4800000190734863,0.0,0.8512864112854004,0.9669870138168335,109.0,-1.0,-1.0,PASS,2.0,0.0
109,25.890588760375977,-0.04845729097723961,-0.034789279103279114,0.0,3.4800000190734863,0.9664614796638489,0.999999463558197,0.9870178699493408,0.958346962928772,1.0,1.0,1.0,0.7680379748344421,-0.04845729097723961,-0.07808488607406616,-1.9932788610458374,0.0,0.9664614796638489,3.4800000190734863,0.0,0.8512864112854004,0.9664614796638489,110.0,-1.0,-1.0,PASS,2.0,0.0
110,26.409387588500977,-0.04816281422972679,-0.03737219050526619,0.0,3.4800000190734863,0.9654651284217834,0.999999463558197,0.9866976737976074,0.9569628834724426,1.0,1.0,1.0,0.7432219982147217,-0.04816281422972679,-0.07999207079410553,-2.141268730163574,0.0,0.9654651284217834,3.4800000190734863,0.0,0.8512864112854004,0.9654651284217834,111.0,-1.0,-1.0,PASS,2.0,0.0
111,26.826858520507812,-0.04681641235947609,-0.03422652557492256,0.0,3.4800000190734863,0.9711070656776428,0.999999463558197,0.9879074096679688,0.9659885764122009,1.0,1.0,1.0,0.7542420029640198,-0.04681641235947609,-0.07596436887979507,-1.9610354900360107,0.0,0.9711070656776428,3.4800000190734863,0.0,0.8512864112854004,0.9711070656776428,112.0,-1.0,-1.0,PASS,2.0,0.0
112,25.60734748840332,-0.04725382477045059,-0.034669701009988785,0.0,3.4800000190734863,0.9661079049110413,0.999999463558197,0.9874319434165955,0.9568095803260803,1.0,1.0,1.0,0.7988049983978271,-0.04725382477045059,-0.07677949965000153,-1.9864275455474854,0.0,0.9661079049110413,3.4800000190734863,0.0,0.8512864112854004,0.9661079049110413,113.0,-1.0,-1.0,PASS,2.0,0.0
113,25.185585021972656,-0.04700005054473877,-0.035416193306446075,0.0,3.4800000190734863,0.9712346196174622,0.999999463558197,0.9866453409194946,0.9687619209289551,1.0,1.0,1.0,0.7858409881591797,-0.04700005054473877,-0.07716198265552521,-2.029198408126831,0.0,0.9712346196174622,3.4800000190734863,0.0,0.8512864112854004,0.9712346196174622,114.0,-1.0,-1.0,PASS,2.0,0.0
114,26.211023330688477,-0.044592443853616714,-0.032805196940898895,0.0,3.4800000190734863,0.9708190560340881,0.999999463558197,0.9884806871414185,0.9642655253410339,1.0,1.0,1.0,0.7365689873695374,-0.044592443853616714,-0.07252908498048782,-1.8795993328094482,0.0,0.9708190560340881,3.4800000190734863,0.0,0.8512864112854004,0.9708190560340881,115.0,-1.0,-1.0,PASS,2.0,0.0
115,48.78711700439453,-0.04640202969312668,-0.03228548541665077,0.0,3.4800000190734863,0.9723021984100342,0.999999463558197,0.9887281060218811,0.9667741060256958,1.0,1.0,1.0,0.7846480011940002,-0.04640202969312668,-0.07389577478170395,-1.8498220443725586,0.0,0.9723021984100342,3.4800000190734863,0.0,0.8512864112854004,0.9723021984100342,116.0,-1.0,-1.0,PASS,2.0,0.0
116,25.556564331054688,-0.059217702597379684,-0.030333606526255608,0.0,3.4800000190734863,0.9711945056915283,0.999999463558197,0.9896858930587769,0.9626322984695435,1.0,1.0,1.0,0.7538710236549377,-0.059217702597379684,-0.08504821360111237,-1.7379876375198364,0.0,0.9711945056915283,3.4800000190734863,0.0,0.8512864112854004,0.9711945056915283,117.0,-1.0,-1.0,PASS,2.0,0.0
117,27.167081832885742,-0.05896216630935669,-0.02984756976366043,0.0,3.4800000190734863,0.9695212244987488,0.999999463558197,0.9881303310394287,0.9623352289199829,1.0,1.0,1.0,0.8351929783821106,-0.05896216630935669,-0.08437854796648026,-1.7101397514343262,0.0,0.9695212244987488,3.4800000190734863,0.0,0.8512864112854004,0.9695212244987488,118.0,-1.0,-1.0,PASS,2.0,0.0
118,25.658845901489258,-0.05758966878056526,-0.029826194047927856,0.0,3.4800000190734863,0.9681903123855591,0.999999463558197,0.9878683686256409,0.9601611495018005,1.0,1.0,1.0,0.763018012046814,-0.05758966878056526,-0.08298783749341965,-1.7089149951934814,0.0,0.9681903123855591,3.4800000190734863,0.0,0.8512864112854004,0.9681903123855591,119.0,-1.0,-1.0,PASS,2.0,0.0
119,25.237321853637695,-0.05891438201069832,-0.02917901799082756,0.0,3.4800000190734863,0.9704840779304504,0.999999463558197,0.9891572594642639,0.9622448086738586,1.0,1.0,1.0,0.7409369945526123,-0.05891438201069832,-0.08376113325357437,-1.6718345880508423,0.0,0.9704840779304504,3.4800000190734863,0.0,0.8512864112854004,0.9704840779304504,120.0,-1.0,-1.0,PASS,2.0,0.0
120,27.432918548583984,-0.05796203017234802,-0.028169529512524605,0.0,3.4800000190734863,0.9709771275520325,0.999999463558197,0.9903030395507812,0.9609702229499817,1.0,1.0,0.0,1.8285889625549316,-0.05796203017234802,-0.08194871246814728,-1.6139951944351196,0.0,0.9709771275520325,3.4800000190734863,0.0,0.8512864112854004,0.9709771275520325,121.0,-1.0,-1.0,PASS,2.0,0.0
121,25.319337844848633,-0.05570504814386368,-0.029152942821383476,0.0,3.4800000190734863,0.967150866985321,0.999999463558197,0.9881995916366577,0.957400381565094,1.0,1.0,1.0,0.7588300108909607,-0.05570504814386368,-0.08052958548069,-1.6703405380249023,0.0,0.967150866985321,3.4800000190734863,0.0,0.8512864112854004,0.967150866985321,122.0,-1.0,-1.0,PASS,2.0,0.0
122,27.613401412963867,-0.055943407118320465,-0.02854391373693943,0.0,3.4800000190734863,0.9660448431968689,0.999999463558197,0.9870476126670837,0.9574438333511353,1.0,1.0,1.0,0.7660139799118042,-0.055943407118320465,-0.08024905622005463,-1.6354458332061768,0.0,0.9660448431968689,3.4800000190734863,0.0,0.8512864112854004,0.9660448431968689,123.0,-1.0,-1.0,PASS,2.0,0.0
123,26.08346939086914,-0.05509989708662033,-0.0273576807230711,0.0,3.4800000190734863,0.9655647873878479,0.999999463558197,0.9872573614120483,0.9560553431510925,1.0,1.0,1.0,0.7499840259552002,-0.05509989708662033,-0.07839492708444595,-1.5674796104431152,0.0,0.9655647873878479,3.4800000190734863,0.0,0.8512864112854004,0.9655647873878479,124.0,-1.0,-1.0,PASS,2.0,0.0
124,24.57451820373535,-0.05242347717285156,-0.025876708328723907,0.0,3.4800000190734863,0.9701749682426453,0.999999463558197,0.987693190574646,0.9645275473594666,1.0,1.0,1.0,0.7447239756584167,-0.05242347717285156,-0.07445688545703888,-1.48262619972229,0.0,0.9701749682426453,3.4800000190734863,0.0,0.8512864112854004,0.9701749682426453,125.0,-1.0,-1.0,PASS,2.0,0.0
125,24.672269821166992,-0.0532706193625927,-0.027540944516658783,0.0,3.4800000190734863,0.9711833000183105,0.999999463558197,0.9881609082221985,0.9656383991241455,1.0,1.0,1.0,0.9070960283279419,-0.0532706193625927,-0.07672178000211716,-1.5779799222946167,0.0,0.9711833000183105,3.4800000190734863,0.0,0.8512864112854004,0.9711833000183105,126.0,-1.0,-1.0,PASS,2.0,0.0
126,28.537750244140625,-0.05108403414487839,-0.02512221410870552,0.0,3.4800000190734863,0.9695418477058411,0.999999463558197,0.9881014227867126,0.9624342918395996,1.0,1.0,1.0,0.741146981716156,-0.05108403414487839,-0.07247473299503326,-1.439396858215332,0.0,0.9695418477058411,3.4800000190734863,0.0,0.8512864112854004,0.9695418477058411,127.0,-1.0,-1.0,PASS,2.0,0.0
127,24.548053741455078,-0.049401383846998215,-0.02380663901567459,0.0,3.4800000190734863,0.9644507765769958,0.999999463558197,0.9850108027458191,0.9582546353340149,1.0,1.0,1.0,0.7790279984474182,-0.049401383846998215,-0.06967148184776306,-1.3640199899673462,0.0,0.9644507765769958,3.4800000190734863,0.0,0.8512864112854004,0.9644507765769958,128.0,-1.0,-1.0,PASS,2.0,0.0
128,24.79696273803711,-0.047057583928108215,-0.02315598353743553,0.0,3.4800000190734863,0.9695614576339722,0.999999463558197,0.9850745797157288,0.9685041904449463,1.0,1.0,1.0,0.7097989916801453,-0.047057583928108215,-0.06677348166704178,-1.3267401456832886,0.0,0.9695614576339722,3.4800000190734863,0.0,0.8512864112854004,0.9695614576339722,129.0,-1.0,-1.0,PASS,2.0,0.0
129,28.415679931640625,-0.04671933129429817,-0.02379123494029045,0.0,3.4800000190734863,0.9707695841789246,0.999999463558197,0.9873250722885132,0.9664645195007324,1.0,1.0,1.0,0.7224929928779602,-0.04671933129429817,-0.06697630882263184,-1.3631373643875122,0.0,0.9707695841789246,3.4800000190734863,0.0,0.8512864112854004,0.9707695841789246,130.0,-1.0,-1.0,PASS,2.0,0.0
130,29.746294021606445,-0.045968230813741684,-0.0232585109770298,0.0,3.4800000190734863,0.9707050919532776,0.999999463558197,0.987570583820343,0.965844988822937,1.0,1.0,1.0,0.7289659976959229,-0.045968230813741684,-0.06577145308256149,-1.332614541053772,0.0,0.9707050919532776,3.4800000190734863,0.0,0.8512864112854004,0.9707050919532776,131.0,-1.0,-1.0,PASS,2.0,0.0
131,31.91351890563965,-0.04549437761306763,-0.022308770567178726,0.0,3.4800000190734863,0.9705778956413269,0.999999463558197,0.987430989742279,0.9658652544021606,1.0,1.0,1.0,1.5090349912643433,-0.04549437761306763,-0.06448867917060852,-1.2781983613967896,0.0,0.9705778956413269,3.4800000190734863,0.0,0.8512864112854004,0.9705778956413269,132.0,-1.0,-1.0,PASS,2.0,0.0
132,32.96184539794922,-0.044998545199632645,-0.022806264460086823,0.0,3.4800000190734863,0.970578670501709,0.999999463558197,0.9881143569946289,0.9645071625709534,1.0,1.0,1.0,0.7294960021972656,-0.044998545199632645,-0.06441657245159149,-1.306702733039856,0.0,0.970578670501709,3.4800000190734863,0.0,0.8512864112854004,0.970578670501709,133.0,-1.0,-1.0,PASS,2.0,0.0
133,32.10306167602539,-0.059146698564291,-0.021439649164676666,0.0,3.4800000190734863,0.9696745872497559,0.999999463558197,0.9880607724189758,0.962783694267273,1.0,1.0,1.0,0.7620769739151001,-0.059146698564291,-0.07740077376365662,-1.2284014225006104,0.0,0.9696745872497559,3.4800000190734863,0.0,0.8512864112854004,0.9696745872497559,134.0,-1.0,-1.0,PASS,2.0,0.0
134,33.910512924194336,-0.0569189228117466,-0.01953510381281376,0.0,3.4800000190734863,0.9695563912391663,0.999999463558197,0.9893205761909485,0.9600454568862915,1.0,1.0,1.0,0.7345150113105774,-0.0569189228117466,-0.0735510066151619,-1.1192790269851685,0.0,0.9695563912391663,3.4800000190734863,0.0,0.8512864112854004,0.9695563912391663,135.0,-1.0,-1.0,PASS,2.0,0.0
135,37.046194076538086,-0.0573604442179203,-0.018760422244668007,0.0,3.4800000190734863,0.9695667624473572,0.999999463558197,0.9891228079795837,0.9604583382606506,1.0,1.0,0.0,1.787822961807251,-0.0573604442179203,-0.07333280891180038,-1.0748929977416992,0.0,0.9695667624473572,3.4800000190734863,0.0,0.8512864112854004,0.9695667624473572,136.0,-1.0,-1.0,PASS,2.0,0.0
136,38.83981704711914,-0.05688386783003807,-0.01912752352654934,0.0,3.4800000190734863,0.9694903492927551,0.999999463558197,0.9892690181732178,0.9600140452384949,1.0,1.0,1.0,0.7480800151824951,-0.05688386783003807,-0.07316885143518448,-1.0959264039993286,0.0,0.9694903492927551,3.4800000190734863,0.0,0.8512864112854004,0.9694903492927551,137.0,-1.0,-1.0,PASS,2.0,0.0
137,38.4824275970459,-0.05538912117481232,-0.017569778487086296,0.0,3.4800000190734863,0.9686077237129211,0.999999463558197,0.9892562031745911,0.9582550525665283,1.0,1.0,1.0,0.7969419956207275,-0.05538912117481232,-0.07034757733345032,-1.0066741704940796,0.0,0.9686077237129211,3.4800000190734863,0.0,0.8512864112854004,0.9686077237129211,138.0,-1.0,-1.0,PASS,2.0,0.0
138,36.812782287597656,-0.05401723086833954,-0.01626083254814148,0.0,3.4800000190734863,0.9717313647270203,0.999999463558197,0.9895443916320801,0.963998019695282,1.0,1.0,1.0,0.7467089891433716,-0.05401723086833954,-0.06786108016967773,-0.9316771030426025,0.0,0.9717313647270203,3.4800000190734863,0.0,0.8512864112854004,0.9717313647270203,139.0,-1.0,-1.0,PASS,2.0,0.0
139,39.17956352233887,-0.053267791867256165,-0.015105421654880047,0.0,3.4800000190734863,0.9719208478927612,0.999999463558197,0.9902668595314026,0.9629478454589844,1.0,1.0,1.0,0.8124099969863892,-0.053267791867256165,-0.06612780690193176,-0.8654769062995911,0.0,0.9719208478927612,3.4800000190734863,0.0,0.8512864112854004,0.9719208478927612,140.0,-1.0,-1.0,PASS,2.0,0.0
140,41.64481163024902,-0.05290808156132698,-0.014806846156716347,0.0,3.4800000190734863,0.9717769622802734,0.999999463558197,0.9902614951133728,0.9626678824424744,1.0,1.0,1.0,0.7707930207252502,-0.05290808156132698,-0.06551387161016464,-0.8483697772026062,0.0,0.9717769622802734,3.4800000190734863,0.0,0.8512864112854004,0.9717769622802734,141.0,-1.0,-1.0,PASS,2.0,0.0
141,43.67184638977051,-0.04941754788160324,-0.013852805830538273,0.0,3.4800000190734863,0.9707924723625183,0.999999463558197,0.9908732175827026,0.9594691395759583,1.0,1.0,1.0,0.7510560154914856,-0.04941754788160324,-0.061211008578538895,-0.7937073111534119,0.0,0.9707924723625183,3.4800000190734863,0.0,0.8512864112854004,0.9707924723625183,142.0,-1.0,-1.0,PASS,2.0,0.0
142,44.53921318054199,-0.046629033982753754,-0.013743462041020393,0.0,3.4800000190734863,0.9738926291465759,0.999999463558197,0.9912532567977905,0.9649728536605835,1.0,1.0,1.0,0.7353770136833191,-0.046629033982753754,-0.05832939222455025,-0.7874423861503601,0.0,0.9738926291465759,3.4800000190734863,0.0,0.8512864112854004,0.9738926291465759,143.0,-1.0,-1.0,PASS,2.0,0.0
143,46.04959487915039,-0.06266824156045914,-0.012217570096254349,0.0,3.4800000190734863,0.9733067154884338,0.999999463558197,0.9905896782875061,0.965106189250946,1.0,1.0,1.0,0.7405760288238525,-0.06266824156045914,-0.07306940853595734,-0.7000151872634888,0.0,0.9733067154884338,3.4800000190734863,0.0,0.8512864112854004,0.9733067154884338,144.0,-1.0,-1.0,PASS,2.0,0.0
144,27.39405632019043,-0.060387179255485535,-0.012448648922145367,0.0,3.4800000190734863,0.9738641977310181,0.999999463558197,0.9920084476470947,0.9634195566177368,1.0,1.0,1.0,0.7931240200996399,-0.060387179255485535,-0.0709850937128067,-0.7132550477981567,0.0,0.9738641977310181,3.4800000190734863,0.0,0.8512864112854004,0.9738641977310181,145.0,-1.0,-1.0,PASS,2.0,0.0
145,25.504589080810547,-0.060160018503665924,-0.013009782880544662,0.0,3.4800000190734863,0.9729930758476257,0.999999463558197,0.9910734295845032,0.9635142087936401,1.0,1.0,1.0,0.7783870100975037,-0.060160018503665924,-0.07123569399118423,-0.7454056739807129,0.0,0.9729930758476257,3.4800000190734863,0.0,0.8512864112854004,0.9729930758476257,146.0,-1.0,-1.0,PASS,2.0,0.0
146,24.72853660583496,-0.06042909622192383,-0.012451842427253723,0.0,3.4800000190734863,0.9729764461517334,0.999999463558197,0.9909489154815674,0.9637271761894226,1.0,1.0,1.0,0.7385029792785645,-0.06042909622192383,-0.07102973014116287,-0.7134380340576172,0.0,0.9729764461517334,3.4800000190734863,0.0,0.8512864112854004,0.9729764461517334,147.0,-1.0,-1.0,PASS,2.0,0.0
147,27.596712112426758,-0.05918249115347862,-0.011943649500608444,0.0,3.4800000190734863,0.9731999039649963,0.999999463558197,0.9915826320648193,0.962922990322113,1.0,1.0,1.0,0.7726370096206665,-0.05918249115347862,-0.06935044378042221,-0.6843206882476807,0.0,0.9731999039649963,3.4800000190734863,0.0,0.8512864112854004,0.9731999039649963,148.0,-1.0,-1.0,PASS,2.0,0.0
148,26.252269744873047,-0.058761779218912125,-0.011393429711461067,0.0,3.4800000190734863,0.9738564491271973,0.999999463558197,0.9923925995826721,0.9626439809799194,1.0,1.0,1.0,0.7520679831504822,-0.058761779218912125,-0.06846126914024353,-0.6527954339981079,0.0,0.9738564491271973,3.4800000190734863,0.0,0.8512864112854004,0.9738564491271973,149.0,-1.0,-1.0,PASS,2.0,0.0
149,26.496410369873047,-0.06018746644258499,-0.011661392636597157,0.0,3.4800000190734863,0.9736911654472351,0.999999463558197,0.9917296767234802,0.9636226296424866,1.0,1.0,1.0,0.7956389784812927,-0.06018746644258499,-0.0701151043176651,-0.6681485772132874,0.0,0.9736911654472351,3.4800000190734863,0.0,0.8512864112854004,0.9736911654472351,150.0,-1.0,-1.0,PASS,2.0,0.0
150,27.266740798950195,-0.059120114892721176,-0.01208651252090931,0.0,3.4800000190734863,0.973173975944519,0.999999463558197,0.9916081428527832,0.9628201723098755,1.0,1.0,0.0,1.777124047279358,-0.059120114892721176,-0.06940969824790955,-0.6925061345100403,0.0,0.973173975944519,3.4800000190734863,0.0,0.8512864112854004,0.973173975944519,151.0,-1.0,-1.0,PASS,2.0,0.0
151,25.46548843383789,-0.05912937968969345,-0.011516223661601543,0.0,3.4800000190734863,0.973275899887085,0.999999463558197,0.9916914701461792,0.9628608822822571,1.0,1.0,1.0,0.7427899837493896,-0.05912937968969345,-0.06893341988325119,-0.6598309874534607,0.0,0.973275899887085,3.4800000190734863,0.0,0.8512864112854004,0.973275899887085,152.0,-1.0,-1.0,PASS,2.0,0.0
152,25.432825088500977,-0.06087620183825493,-0.0117843858897686,0.0,3.4800000190734863,0.9731858372688293,0.999999463558197,0.9907473921775818,0.9645494818687439,1.0,1.0,1.0,0.7528589963912964,-0.06087620183825493,-0.0709085538983345,-0.675195574760437,0.0,0.9731858372688293,3.4800000190734863,0.0,0.8512864112854004,0.9731858372688293,153.0,-1.0,-1.0,PASS,2.0,0.0
153,26.226282119750977,-0.05711375176906586,-0.010051228106021881,0.0,3.4800000190734863,0.9710566997528076,0.999999463558197,0.9904651641845703,0.9608098864555359,1.0,1.0,1.0,0.7404959797859192,-0.05711375176906586,-0.06567051261663437,-0.5758929252624512,0.0,0.9710566997528076,3.4800000190734863,0.0,0.8512864112854004,0.9710566997528076,154.0,-1.0,-1.0,PASS,2.0,0.0
154,25.427818298339844,-0.056440506130456924,-0.007799435406923294,0.0,3.4800000190734863,0.9696218967437744,0.999999463558197,0.9896585941314697,0.9595083594322205,1.0,1.0,1.0,0.7596120238304138,-0.056440506130456924,-0.06308019161224365,-0.446874737739563,0.0,0.9696218967437744,3.4800000190734863,0.0,0.8512864112854004,0.9696218967437744,155.0,-1.0,-1.0,PASS,2.0,0.0
155,26.36885643005371,-0.05758960172533989,-0.008124034851789474,0.0,3.4800000190734863,0.9697296023368835,0.999999463558197,0.9896555542945862,0.9597319960594177,1.0,1.0,1.0,0.7446140050888062,-0.05758960172533989,-0.06450563669204712,-0.46547290682792664,0.0,0.9697296023368835,3.4800000190734863,0.0,0.8512864112854004,0.9697296023368835,156.0,-1.0,-1.0,PASS,2.0,0.0
156,46.43368721008301,-0.05554543435573578,-0.006317981984466314,0.0,3.4800000190734863,0.9701490998268127,0.999999463558197,0.9903694987297058,0.9591664671897888,1.0,1.0,1.0,0.7367100119590759,-0.05554543435573578,-0.06092391908168793,-0.3619937002658844,0.0,0.9701490998268127,3.4800000190734863,0.0,0.8512864112854004,0.9701490998268127,157.0,-1.0,-1.0,PASS,2.0,0.0
157,25.422334671020508,-0.054592132568359375,-0.006228578742593527,0.0,3.4800000190734863,0.9734282493591309,0.999999463558197,0.9907183647155762,0.9650962948799133,1.0,1.0,1.0,0.7401949763298035,-0.054592132568359375,-0.05989450588822365,-0.35687127709388733,0.0,0.9734282493591309,3.4800000190734863,0.0,0.8512864112854004,0.9734282493591309,158.0,-1.0,-1.0,PASS,2.0,0.0
158,23.997068405151367,-0.054749272763729095,-0.004910620860755444,0.0,3.4800000190734863,0.9718944430351257,0.999999463558197,0.9895524978637695,0.9643114805221558,1.0,1.0,1.0,0.7691900134086609,-0.054749272763729095,-0.058929651975631714,-0.28135785460472107,0.0,0.9718944430351257,3.4800000190734863,0.0,0.8512864112854004,0.9718944430351257,159.0,-1.0,-1.0,PASS,2.0,0.0
159,27.729034423828125,-0.0693180039525032,-0.002995555056259036,0.0,3.4800000190734863,0.9469747543334961,0.999999463558197,0.9761505126953125,0.9402233362197876,1.0,1.0,1.0,0.7652829885482788,-0.0693180039525032,-0.07186808437108994,-0.17163266241550446,0.0,0.9469747543334961,3.4800000190734863,0.0,0.8512864112854004,0.9469747543334961,160.0,-1.0,-1.0,PASS,2.0,0.0
160,24.58357810974121,-0.05531245470046997,-0.005055821966379881,0.0,3.4800000190734863,0.9381265640258789,0.999999463558197,0.9731338024139404,0.9280530214309692,1.0,1.0,1.0,0.7425709962844849,-0.05531245470046997,-0.059616442769765854,-0.2896772623062134,0.0,0.9381265640258789,3.4800000190734863,0.0,0.8512864112854004,0.9381265640258789,161.0,-1.0,-1.0,PASS,2.0,0.0
161,24.04475212097168,-0.05496210977435112,-0.004608853254467249,0.0,3.4800000190734863,0.9385328888893127,0.999999463558197,0.9736388921737671,0.9278875589370728,1.0,1.0,1.0,0.7511860132217407,-0.05496210977435112,-0.058885592967271805,-0.2640678286552429,0.0,0.9385328888893127,3.4800000190734863,0.0,0.8512864112854004,0.9385328888893127,162.0,-1.0,-1.0,PASS,2.0,0.0
162,25.47740936279297,-0.06947802752256393,-0.003506341017782688,0.0,3.4800000190734863,0.9464973211288452,0.999999463558197,0.975460410118103,0.9406170845031738,1.0,1.0,1.0,0.7986440062522888,-0.06947802752256393,-0.07246293872594833,-0.20089854300022125,0.0,0.9464973211288452,3.4800000190734863,0.0,0.8512864112854004,0.9464973211288452,163.0,-1.0,-1.0,PASS,2.0,0.0
163,25.025367736816406,-0.0692584440112114,-0.0026099528186023235,0.0,3.4800000190734863,0.9472139477729797,0.999999463558197,0.976555585861206,0.9399083256721497,1.0,1.0,1.0,0.7794389724731445,-0.0692584440112114,-0.07148026674985886,-0.1495392769575119,0.0,0.9472139477729797,3.4800000190734863,0.0,0.8512864112854004,0.9472139477729797,164.0,-1.0,-1.0,PASS,2.0,0.0
164,27.54998207092285,-0.07012977451086044,-0.002896883524954319,0.0,3.4800000190734863,0.9471156597137451,0.999999463558197,0.975712239742279,0.9413836002349854,1.0,1.0,1.0,0.8642969727516174,-0.07012977451086044,-0.07259585708379745,-0.16597920656204224,0.0,0.9471156597137451,3.4800000190734863,0.0,0.8512864112854004,0.9471156597137451,165.0,-1.0,-1.0,PASS,2.0,0.0
165,26.377201080322266,-0.07211440801620483,-0.004010404925793409,0.0,3.4800000190734863,0.9414747953414917,0.999999463558197,0.9738896489143372,0.9334327578544617,1.0,1.0,0.0,1.7852890491485596,-0.07211440801620483,-0.07552842795848846,-0.22977927327156067,0.0,0.9414747953414917,3.4800000190734863,0.0,0.8512864112854004,0.9414747953414917,166.0,-1.0,-1.0,PASS,2.0,0.0
166,25.696992874145508,-0.07281967252492905,-0.004130357876420021,0.0,3.4800000190734863,0.942655622959137,0.999999463558197,0.974409818649292,0.9348241686820984,1.0,1.0,1.0,0.7310090065002441,-0.07281967252492905,-0.07633581012487411,-0.23665207624435425,0.0,0.942655622959137,3.4800000190734863,0.0,0.8512864112854004,0.942655622959137,167.0,-1.0,-1.0,PASS,2.0,0.0
167,29.68764305114746,-0.056151553988456726,-0.00611325167119503,0.0,3.4800000190734863,0.9456503987312317,0.999999463558197,0.977654755115509,0.9345287680625916,1.0,1.0,1.0,0.7735379934310913,-0.056151553988456726,-0.061355747282505035,-0.3502635061740875,0.0,0.9456503987312317,3.4800000190734863,0.0,0.8512864112854004,0.9456503987312317,168.0,-1.0,-1.0,PASS,2.0,0.0
168,30.142545700073242,-0.057458844035863876,-0.004594711586833,0.0,3.4800000190734863,0.946499228477478,0.999999463558197,0.9779317378997803,0.9357169270515442,1.0,1.0,1.0,0.7440239787101746,-0.057458844035863876,-0.06137028709053993,-0.26325759291648865,0.0,0.946499228477478,3.4800000190734863,0.0,0.8512864112854004,0.946499228477478,169.0,-1.0,-1.0,PASS,2.0,0.0
169,30.31015396118164,-0.05715065449476242,-0.00630026962608099,0.0,3.4800000190734863,0.9453265070915222,0.999999463558197,0.9770165085792542,0.9351295232772827,1.0,1.0,1.0,0.7571880221366882,-0.05715065449476242,-0.0625140592455864,-0.3609788715839386,0.0,0.9453265070915222,3.4800000190734863,0.0,0.8512864112854004,0.9453265070915222,170.0,-1.0,-1.0,PASS,2.0,0.0
170,31.03494644165039,-0.07234443724155426,-0.003945452626794577,0.0,3.4800000190734863,0.9074157476425171,0.999999463558197,0.9571763873100281,0.8960266709327698,1.0,1.0,1.0,0.7456459999084473,-0.07234443724155426,-0.07570316642522812,-0.22605778276920319,0.0,0.9074157476425171,3.4800000190734863,0.0,0.8512864112854004,0.9074157476425171,171.0,-1.0,-1.0,PASS,2.0,0.0
171,32.62805938720703,-0.05470513179898262,-0.004459226503968239,0.0,3.4800000190734863,0.9104139804840088,0.999999463558197,0.9576818346977234,0.9012874364852905,1.0,1.0,1.0,0.7647709846496582,-0.05470513179898262,-0.058501236140728,-0.2554948627948761,0.0,0.9104139804840088,3.4800000190734863,0.0,0.8512864112854004,0.9104139804840088,172.0,-1.0,-1.0,PASS,2.0,0.0
172,34.853458404541016,-0.06854523718357086,-0.003300352720543742,0.0,3.4800000190734863,0.9106644988059998,0.999999463558197,0.9582365155220032,0.9007096290588379,1.0,1.0,1.0,0.7323009967803955,-0.06854523718357086,-0.07135479152202606,-0.18909628689289093,0.0,0.9106644988059998,3.4800000190734863,0.0,0.8512864112854004,0.9106644988059998,173.0,-1.0,-1.0,PASS,2.0,0.0
173,37.80364990234375,-0.055488284677267075,-0.005738462787121534,0.0,3.4800000190734863,0.9101378917694092,0.999999463558197,0.9595022201538086,0.8971048593521118,1.0,1.0,1.0,0.740576982498169,-0.055488284677267075,-0.06037341430783272,-0.32878971099853516,0.0,0.9101378917694092,3.4800000190734863,0.0,0.8512864112854004,0.9101378917694092,174.0,-1.0,-1.0,PASS,2.0,0.0
174,36.6361141204834,-0.06753325462341309,-0.0024277777411043644,0.0,3.4800000190734863,0.8764854073524475,0.999999463558197,0.9403824210166931,0.8641045689582825,1.0,1.0,1.0,0.7561460137367249,-0.06753325462341309,-0.06959999352693558,-0.13910141587257385,0.0,0.8764854073524475,3.4800000190734863,0.0,0.8512864112854004,0.8764854073524475,175.0,-1.0,-1.0,PASS,2.0,0.0
175,36.219120025634766,-0.06877730786800385,-0.003920095041394234,0.0,3.4800000190734863,0.9123861193656921,0.999999463558197,0.9598595499992371,0.9010831117630005,1.0,1.0,1.0,0.7719650268554688,-0.06877730786800385,-0.07211444526910782,-0.22460490465164185,0.0,0.9123861193656921,3.4800000190734863,0.0,0.8512864112854004,0.9123861193656921,176.0,-1.0,-1.0,PASS,2.0,0.0
176,36.690473556518555,-0.0681837648153305,-0.0011237501166760921,0.0,3.4800000190734863,0.8773186802864075,0.999999463558197,0.9411218762397766,0.8644108176231384,1.0,1.0,1.0,0.7818840146064758,-0.0681837648153305,-0.06914039701223373,-0.06438613682985306,0.0,0.8773186802864075,3.4800000190734863,0.0,0.8512864112854004,0.8773186802864075,177.0,-1.0,-1.0,PASS,2.0,0.0
177,34.62100028991699,-0.06768668442964554,-8.249731035903096e-05,0.0,3.4800000190734863,0.8774487376213074,0.999999463558197,0.9414672255516052,0.8640032410621643,1.0,1.0,1.0,0.7885559797286987,-0.06768668442964554,-0.06775691360235214,-0.004726747516542673,0.0,0.8774487376213074,3.4800000190734863,0.0,0.8512864112854004,0.8774487376213074,178.0,-1.0,-1.0,PASS,2.0,0.0
178,36.70930862426758,-0.05692339688539505,-0.004645023960620165,0.0,3.4800000190734863,0.8795088529586792,0.999999463558197,0.9433917999267578,0.8645679950714111,1.0,1.0,1.0,0.7354570031166077,-0.05692339688539505,-0.06087766960263252,-0.26614028215408325,0.0,0.8795088529586792,3.4800000190734863,0.0,0.8512864112854004,0.8795088529586792,179.0,-1.0,-1.0,PASS,2.0,0.0
179,39.15667533874512,-0.058631643652915955,-0.006257165689021349,0.0,3.4800000190734863,0.8796862363815308,0.999999463558197,0.9432902336120605,0.8651449084281921,1.0,1.0,1.0,0.7542229890823364,-0.058631643652915955,-0.06395835429430008,-0.3585091829299927,0.0,0.8796862363815308,3.4800000190734863,0.0,0.8512864112854004,0.8796862363815308,180.0,-1.0,-1.0,PASS,2.0,0.0
180,41.1684513092041,-0.07294083386659622,-0.001878906972706318,0.0,3.4800000190734863,0.8424255847930908,0.999999463558197,0.9225752353668213,0.8262485265731812,1.0,1.0,0.0,1.7782560586929321,-0.07294083386659622,-0.07454032450914383,-0.10765343904495239,0.0,0.8424255847930908,3.4800000190734863,0.0,0.8512864112854004,0.8424255847930908,181.0,-1.0,-1.0,PASS,2.0,0.0
181,40.685415267944336,-0.07601942121982574,-0.002221978036686778,0.0,3.4800000190734863,0.8429621458053589,0.999999463558197,0.9220227599143982,0.828506588935852,1.0,1.0,1.0,0.757427990436554,-0.07601942121982574,-0.07791096717119217,-0.12730996310710907,0.0,0.8429621458053589,3.4800000190734863,0.0,0.8512864112854004,0.8429621458053589,182.0,-1.0,-1.0,PASS,2.0,0.0
182,40.9085750579834,-0.07675983011722565,-0.003046179423108697,0.0,3.4800000190734863,0.8425158858299255,0.999999463558197,0.9211131930351257,0.829343318939209,1.0,1.0,1.0,0.7474390268325806,-0.07675983011722565,-0.07935301214456558,-0.17453321814537048,0.0,0.8425158858299255,3.4800000190734863,0.0,0.8512864112854004,0.8425158858299255,183.0,-1.0,-1.0,PASS,2.0,0.0
183,44.05355453491211,-0.07728097587823868,-0.0040028393268585205,0.0,3.4800000190734863,0.8424946069717407,0.999999463558197,0.9206064939498901,0.8303039073944092,1.0,1.0,1.0,0.7588909864425659,-0.07728097587823868,-0.08068855851888657,-0.22934579849243164,0.0,0.8424946069717407,3.4800000190734863,0.0,0.8512864112854004,0.8424946069717407,184.0,-1.0,-1.0,PASS,2.0,0.0
184,25.24280548095703,-0.061389558017253876,-0.005292711779475212,0.0,3.4800000190734863,0.8097242712974548,0.999999463558197,0.9038771986961365,0.7916692495346069,1.0,1.0,1.0,0.7580490112304688,-0.061389558017253876,-0.065895214676857,-0.3032500445842743,0.0,0.8097242712974548,3.4800000190734863,0.0,0.8512864112854004,0.8097242712974548,185.0,-1.0,-1.0,PASS,2.0,0.0
185,24.738788604736328,-0.06175127252936363,-0.006152378395199776,0.0,3.4800000190734863,0.8095837831497192,0.999999463558197,0.9035393595695496,0.7920281887054443,1.0,1.0,1.0,0.7440329790115356,-0.06175127252936363,-0.06698877364397049,-0.35250532627105713,0.0,0.8095837831497192,3.4800000190734863,0.0,0.8512864112854004,0.8095837831497192,186.0,-1.0,-1.0,PASS,2.0,0.0
186,25.597572326660156,-0.06297412514686584,-0.0050058080814778805,0.0,3.4800000190734863,0.807295560836792,0.999999463558197,0.9036961793899536,0.7866531014442444,1.0,1.0,1.0,0.7413380146026611,-0.06297412514686584,-0.0672355368733406,-0.2868116796016693,0.0,0.807295560836792,3.4800000190734863,0.0,0.8512864112854004,0.807295560836792,187.0,-1.0,-1.0,PASS,2.0,0.0
187,28.577327728271484,-0.06361720710992813,-0.006336510647088289,0.0,3.4800000190734863,0.7705424427986145,0.9999994039535522,0.8828601241111755,0.7455599904060364,1.0,1.0,1.0,0.7602229714393616,-0.06361720710992813,-0.06901146471500397,-0.3630553185939789,0.0,0.7705424427986145,3.4800000190734863,0.0,0.8512864112854004,0.7705424427986145,188.0,-1.0,-1.0,PASS,2.0,0.0
188,24.60503578186035,-0.06444058567285538,-0.009164143353700638,0.0,3.4800000190734863,0.7732406258583069,0.9999994039535522,0.8845751881599426,0.7482762336730957,1.0,1.0,1.0,0.7229740023612976,-0.06444058567285538,-0.07224211096763611,-0.5250667333602905,0.0,0.7732406258583069,3.4800000190734863,0.0,0.8512864112854004,0.7732406258583069,189.0,-1.0,-1.0,PASS,2.0,0.0
189,26.479005813598633,-0.06441179662942886,-0.008791942149400711,0.0,3.4800000190734863,0.7733315825462341,0.9999994039535522,0.8846473693847656,0.7483391761779785,1.0,1.0,1.0,0.7607839703559875,-0.06441179662942886,-0.07189644873142242,-0.5037412047386169,0.0,0.7733315825462341,3.4800000190734863,0.0,0.8512864112854004,0.7733315825462341,190.0,-1.0,-1.0,PASS,2.0,0.0
190,25.052547454833984,-0.06583844870328903,-0.008509470149874687,0.0,3.4800000190734863,0.7751961350440979,0.9999994039535522,0.8858903050422668,0.750095546245575,1.0,1.0,1.0,0.7364490032196045,-0.06583844870328903,-0.07308261841535568,-0.48755672574043274,0.0,0.7751961350440979,3.4800000190734863,0.0,0.8512864112854004,0.7751961350440979,191.0,-1.0,-1.0,PASS,2.0,0.0
191,27.22930908203125,-0.06151656061410904,-0.006427344866096973,0.0,3.4800000190734863,0.7480269074440002,0.9999994039535522,0.8695390224456787,0.7205142378807068,1.0,1.0,1.0,0.7651219964027405,-0.06151656061410904,-0.06698814779520035,-0.3682597279548645,0.0,0.7480269074440002,3.4800000190734863,0.0,0.8512864112854004,0.7480269074440002,192.0,-1.0,-1.0,PASS,2.0,0.0
192,25.92301368713379,-0.06336504220962524,-0.005181409418582916,0.0,3.4800000190734863,0.7465949058532715,0.9999994039535522,0.8692851066589355,0.7177221179008484,1.0,1.0,1.0,0.770251989364624,-0.06336504220962524,-0.06777594238519669,-0.2968728840351105,0.0,0.7465949058532715,3.4800000190734863,0.0,0.8512864112854004,0.7465949058532715,193.0,-1.0,-1.0,PASS,2.0,0.0
193,25.057554244995117,-0.0656256452202797,-0.011172058060765266,0.0,3.4800000190734863,0.7486698031425476,0.9999994039535522,0.8704668283462524,0.7201574444770813,1.0,1.0,1.0,0.7449349761009216,-0.0656256452202797,-0.07513666152954102,-0.6401118040084839,0.0,0.7486698031425476,3.4800000190734863,0.0,0.8512864112854004,0.7486698031425476,194.0,-1.0,-1.0,PASS,2.0,0.0
194,25.104045867919922,-0.0663130134344101,-0.007415127940475941,0.0,3.4800000190734863,0.7115189433097839,0.9999994039535522,0.8486338257789612,0.6768578290939331,1.0,1.0,1.0,0.7587000131607056,-0.0663130134344101,-0.0726255252957344,-0.4248555302619934,0.0,0.7115189433097839,3.4800000190734863,0.0,0.8512864112854004,0.7115189433097839,195.0,-1.0,-1.0,PASS,2.0,0.0
195,26.897192001342773,-0.06595209985971451,-0.0060457526706159115,0.0,3.4800000190734863,0.7117498517036438,0.9999994039535522,0.8489430546760559,0.6767910122871399,1.0,1.0,0.0,1.763146996498108,-0.06595209985971451,-0.07109882682561874,-0.3463961184024811,0.0,0.7117498517036438,3.4800000190734863,0.0,0.8512864112854004,0.7117498517036438,196.0,-1.0,-1.0,PASS,2.0,0.0
196,28.394460678100586,-0.06663288921117783,-0.005212186370044947,0.0,3.4800000190734863,0.6846008896827698,0.9999994039535522,0.8323372006416321,0.6450090408325195,1.0,1.0,1.0,0.7597829699516296,-0.06663288921117783,-0.07106999307870865,-0.2986362874507904,0.0,0.6846008896827698,3.4800000190734863,0.0,0.8512864112854004,0.6846008896827698,197.0,-1.0,-1.0,PASS,2.0,0.0
197,45.69888114929199,-0.06429927796125412,-0.005457568448036909,0.0,3.4800000190734863,0.6847540140151978,0.9999994039535522,0.8326871395111084,0.6446854472160339,1.0,1.0,1.0,0.7778869867324829,-0.06429927796125412,-0.06894528120756149,-0.3126956522464752,0.0,0.6847540140151978,3.4800000190734863,0.0,0.8512864112854004,0.6847540140151978,198.0,-1.0,-1.0,PASS,2.0,0.0
198,25.62570571899414,-0.0660211592912674,-0.008152075111865997,0.0,3.4800000190734863,0.6860337257385254,0.9999994039535522,0.8335418701171875,0.6460695266723633,1.0,1.0,1.0,0.7419899702072144,-0.0660211592912674,-0.07296106219291687,-0.4670794904232025,0.0,0.6860337257385254,3.4800000190734863,0.0,0.8512864112854004,0.6860337257385254,199.0,-1.0,-1.0,PASS,2.0,0.0
199,26.369094848632812,-0.06366294622421265,-0.00479349959641695,0.0,3.4800000190734863,0.6590820550918579,0.9999994039535522,0.8170334100723267,0.6133545637130737,1.0,1.0,1.0,0.7537810206413269,-0.06366294622421265,-0.06774362176656723,-0.2746472954750061,0.0,0.6590820550918579,3.4800000190734863,0.0,0.8512864112854004,0.6590820550918579,200.0,-1.0,-1.0,PASS,2.0,0.0
200,25.09760856628418,-0.06844975054264069,-0.009183882735669613,0.0,3.4800000190734863,0.7588120102882385,0.9999994039535522,0.8766866326332092,0.7310911417007446,1.0,1.0,1.0,0.7306889891624451,-0.06844975054264069,-0.07626808434724808,-0.5261977314949036,0.0,0.7588120102882385,3.4800000190734863,0.0,0.8512864112854004,0.7588120102882385,201.0,-1.0,-1.0,PASS,2.0,0.0
201,26.697874069213867,-0.06428426504135132,-0.007547962479293346,0.0,3.4800000190734863,0.6601459980010986,0.9999994039535522,0.8177006840705872,0.6146401762962341,1.0,1.0,1.0,0.7413179874420166,-0.06428426504135132,-0.07070986181497574,-0.43246638774871826,0.0,0.6601459980010986,3.4800000190734863,0.0,0.8512864112854004,0.6601459980010986,202.0,-1.0,-1.0,PASS,2.0,0.0
202,25.59041976928711,-0.05926722288131714,-0.005037129856646061,0.0,3.4800000190734863,0.6336661577224731,0.9999993443489075,0.8009305596351624,0.5823253989219666,1.0,1.0,1.0,0.7349159717559814,-0.05926722288131714,-0.06355530023574829,-0.28860628604888916,0.0,0.6336661577224731,3.4800000190734863,0.0,0.8512864112854004,0.6336661577224731,203.0,-1.0,-1.0,PASS,2.0,0.0
203,25.758981704711914,-0.06482110917568207,-0.005876418203115463,0.0,3.4800000190734863,0.6349309682846069,0.9999993443489075,0.8018743991851807,0.5836175084114075,1.0,1.0,1.0,0.9691110253334045,-0.06482110917568207,-0.06982368230819702,-0.33669397234916687,0.0,0.6349309682846069,3.4800000190734863,0.0,0.8512864112854004,0.6349309682846069,204.0,-1.0,-1.0,PASS,2.0,0.0
204,25.52962303161621,-0.07569176703691483,-0.0039098504930734634,0.0,3.4800000190734863,0.6063847541809082,0.9999993443489075,0.7833359837532043,0.5482116341590881,1.0,1.0,1.0,0.786221981048584,-0.07569176703691483,-0.0790201872587204,-0.224017933011055,0.0,0.6063847541809082,3.4800000190734863,0.0,0.8512864112854004,0.6063847541809082,205.0,-1.0,-1.0,PASS,2.0,0.0
205,26.23152732849121,-0.2205742448568344,-0.007892661727964878,0.0,3.180000066757202,0.25323575735092163,0.9999989867210388,0.5064717531204224,0.0,0.0,1.0,1.0,0.7746989727020264,-0.2205742448568344,-0.22729329764842987,-0.4522162079811096,0.0,0.25323575735092163,3.180000066757202,16.0,0.8512864112854004,0.25323575735092163,206.0,-1.0,-1.0,PASS,2.0,0.0
206,30.03692626953125,-0.2197444587945938,-0.006966229993849993,0.0,3.180000066757202,0.2532157599925995,0.9999989867210388,0.5064317584037781,0.0,0.0,1.0,1.0,0.4264729917049408,-0.2197444587945938,-0.2256748080253601,-0.3991355895996094,0.0,0.2532157599925995,3.180000066757202,16.0,0.8512864112854004,0.2532157599925995,207.0,-1.0,-1.0,PASS,2.0,0.0
207,26.931285858154297,-0.0745370015501976,0.0,0.0,3.4800000190734863,0.5796801447868347,0.9999993443489075,0.7658517360687256,0.5138188004493713,1.0,1.0,1.0,0.41561201214790344,-0.0745370015501976,-0.0745370015501976,0.0,0.0,0.5796801447868347,3.4800000190734863,0.0,0.8512864112854004,0.5796801447868347,208.0,-1.0,-1.0,PASS,2.0,0.0
208,25.2835750579834,-0.06451001763343811,-0.0058686877600848675,0.0,3.4800000190734863,0.5525627136230469,0.9999993443489075,0.7480898499488831,0.47726356983184814,1.0,1.0,1.0,0.7788379788398743,-0.06451001763343811,-0.06950601190328598,-0.33625105023384094,0.0,0.5525627136230469,3.4800000190734863,0.0,0.8512864112854004,0.5525627136230469,209.0,-1.0,-1.0,PASS,2.0,0.0
209,25.87151527404785,-0.06412439793348312,-0.008206960745155811,0.0,3.4800000190734863,0.5255566239356995,0.9999992847442627,0.7296573519706726,0.44055789709091187,1.0,1.0,1.0,0.7587500214576721,-0.06412439793348312,-0.0711110308766365,-0.47022420167922974,0.0,0.5255566239356995,3.4800000190734863,0.0,0.8512864112854004,0.5255566239356995,210.0,-1.0,-1.0,PASS,2.0,0.0
210,26.18718147277832,-0.22083209455013275,-0.007815482094883919,0.0,3.180000066757202,0.25322747230529785,0.9999989867210388,0.5064551830291748,0.0,0.0,1.0,0.0,1.7834149599075317,-0.22083209455013275,-0.22748544812202454,-0.4477941393852234,0.0,0.25322747230529785,3.180000066757202,16.0,0.8512864112854004,0.25322747230529785,211.0,-1.0,-1.0,PASS,2.0,0.0
211,25.31123161315918,-0.22033429145812988,-0.006667060777544975,0.0,3.180000066757202,0.2531913220882416,0.9999989867210388,0.5063828825950623,0.0,0.0,1.0,1.0,0.4413110017776489,-0.22033429145812988,-0.22600995004177094,-0.38199445605278015,0.0,0.2531913220882416,3.180000066757202,16.0,0.8512864112854004,0.2531913220882416,212.0,-1.0,-1.0,PASS,2.0,0.0
212,26.938438415527344,-0.0745370015501976,0.0,0.0,3.4800000190734863,0.5046894550323486,0.9999992847442627,0.7144641876220703,0.41277793049812317,1.0,1.0,1.0,0.4405690133571625,-0.0745370015501976,-0.0745370015501976,0.0,0.0,0.5046894550323486,3.4800000190734863,0.0,0.8512864112854004,0.5046894550323486,213.0,-1.0,-1.0,PASS,2.0,0.0
213,26.014328002929688,-0.06534533202648163,-0.012218084186315536,0.0,3.4800000190734863,0.4897565245628357,0.9999992847442627,0.704170823097229,0.3910166919231415,1.0,1.0,1.0,0.7575290203094482,-0.06534533202648163,-0.07574693858623505,-0.7000446319580078,0.0,0.4897565245628357,3.4800000190734863,0.0,0.8512864112854004,0.4897565245628357,214.0,-1.0,-1.0,PASS,2.0,0.0
214,26.19457244873047,-0.2230158895254135,-0.007990946061909199,0.0,3.180000066757202,0.2532523274421692,0.9999989867210388,0.5065048933029175,0.0,0.0,1.0,1.0,0.7526999711990356,-0.2230158895254135,-0.22981861233711243,-0.4578474760055542,0.0,0.2532523274421692,3.180000066757202,16.0,0.8512864112854004,0.2532523274421692,215.0,-1.0,-1.0,PASS,2.0,0.0
215,28.79023551940918,-0.22468550503253937,-0.00790056400001049,0.0,3.180000066757202,0.2532604932785034,0.9999989867210388,0.5065212845802307,0.0,0.0,1.0,1.0,0.42045101523399353,-0.22468550503253937,-0.23141129314899445,-0.4526689648628235,0.0,0.2532604932785034,3.180000066757202,16.0,0.8512864112854004,0.2532604932785034,216.0,-1.0,-1.0,PASS,2.0,0.0
216,30.081987380981445,-0.22448523342609406,-0.007198663894087076,0.0,3.180000066757202,0.2532387375831604,0.9999989867210388,0.5064777135848999,0.0,0.0,1.0,1.0,0.4196600019931793,-0.22448523342609406,-0.23061347007751465,-0.4124530553817749,0.0,0.2532387375831604,3.180000066757202,16.0,0.8512864112854004,0.2532387375831604,217.0,-1.0,-1.0,PASS,2.0,0.0
217,32.263994216918945,-0.22710949182510376,-0.005803359672427177,0.0,3.180000066757202,0.2532154321670532,0.9999989867210388,0.5064311027526855,0.0,0.0,1.0,1.0,0.4362510144710541,-0.22710949182510376,-0.2320498675107956,-0.33250802755355835,0.0,0.2532154321670532,3.180000066757202,16.0,0.8512864112854004,0.2532154321670532,218.0,-1.0,-1.0,PASS,2.0,0.0
218,36.2248420715332,-0.08238299936056137,-0.008072382770478725,0.0,3.4800000190734863,0.2618071138858795,0.9999989867210388,0.5149474143981934,0.016830986365675926,0.0,1.0,1.0,0.413688987493515,-0.08238299936056137,-0.08925505727529526,-0.4625134766101837,0.0,0.2618071138858795,3.4800000190734863,16.0,0.8512864112854004,0.2618071138858795,219.0,-1.0,-1.0,PASS,2.0,0.0
219,36.080360412597656,-0.0652218759059906,-0.01745329238474369,0.0,3.4800000190734863,0.26188376545906067,0.9999989867210388,0.5148817300796509,0.017258433625102043,0.0,1.0,1.0,0.40611499547958374,-0.0652218759059906,-0.08008113503456116,-1.0,0.0,0.26188376545906067,3.4800000190734863,16.0,0.8512864112854004,0.26188376545906067,220.0,-1.0,-1.0,PASS,2.0,0.0
220,36.864280700683594,-0.06495529413223267,-0.013593774288892746,0.0,3.4800000190734863,0.26195695996284485,0.9999989867210388,0.515028178691864,0.017253439873456955,0.0,1.0,1.0,0.4082390069961548,-0.06495529413223267,-0.07652819901704788,-0.7788658738136292,0.0,0.26195695996284485,3.4800000190734863,16.0,0.8512864112854004,0.26195695996284485,221.0,-1.0,-1.0,PASS,2.0,0.0
221,38.34080696105957,-0.06715710461139679,-0.008726646192371845,0.0,3.4800000190734863,0.3734402060508728,0.9999991655349731,0.6145833730697632,0.21526338160037994,0.0,1.0,1.0,0.4089699983596802,-0.06715710461139679,-0.0745861679315567,-0.5,0.0,0.3734402060508728,3.4800000190734863,16.0,0.8512864112854004,0.3734402060508728,222.0,-1.0,-1.0,PASS,2.0,0.0
222,39.88909721374512,-0.0776095911860466,-0.004619100596755743,0.0,3.4800000190734863,0.2564944922924042,0.9999989867210388,0.5096840858459473,0.0064847725443542,0.0,1.0,1.0,0.7362189888954163,-0.0776095911860466,-0.08154179900884628,-0.2646549642086029,0.0,0.2564944922924042,3.4800000190734863,16.0,0.8512864112854004,0.2564944922924042,223.0,-1.0,-1.0,PASS,2.0,0.0
223,43.14875602722168,-0.07866395264863968,-0.008385746739804745,0.0,3.4800000190734863,0.25681260228157043,0.9999989867210388,0.5100604891777039,0.006989298388361931,0.0,1.0,1.0,0.4231570065021515,-0.07866395264863968,-0.08580279350280762,-0.48046788573265076,0.0,0.25681260228157043,3.4800000190734863,16.0,0.8512864112854004,0.25681260228157043,224.0,-1.0,-1.0,PASS,2.0,0.0
224,44.05689239501953,-0.0786844789981842,-0.0074289534240961075,0.0,3.4800000190734863,0.27911001443862915,0.9999990463256836,0.5317503213882446,0.049778860062360764,0.0,1.0,1.0,0.4368929862976074,-0.0786844789981842,-0.08500876277685165,-0.42564767599105835,0.0,0.27911001443862915,3.4800000190734863,16.0,0.8512864112854004,0.27911001443862915,225.0,-1.0,-1.0,PASS,2.0,0.0
225,47.27315902709961,-0.06763788312673569,-0.014130587689578533,0.0,3.4800000190734863,0.2801898121833801,0.9999990463256836,0.5326910018920898,0.05197916179895401,0.0,1.0,0.0,1.7473479509353638,-0.06763788312673569,-0.07966785877943039,-0.8096230626106262,0.0,0.2801898121833801,3.4800000190734863,16.0,0.8512864112854004,0.2801898121833801,226.0,-1.0,-1.0,PASS,2.0,0.0
226,48.38061332702637,-0.06945226341485977,-0.008726646192371845,0.0,3.4800000190734863,0.41500335931777954,0.9999992251396179,0.6475988626480103,0.281668484210968,1.0,1.0,1.0,0.43225398659706116,-0.06945226341485977,-0.07688132673501968,-0.5,0.0,0.41500335931777954,3.4800000190734863,0.0,0.8512864112854004,0.41500335931777954,227.0,-1.0,-1.0,PASS,2.0,0.0
227,25.33578872680664,-0.082916758954525,-0.005583397578448057,0.0,3.4800000190734863,0.41770005226135254,0.9999992251396179,0.6504766941070557,0.28428950905799866,1.0,1.0,1.0,0.7360879778862,-0.082916758954525,-0.08766987919807434,-0.3199051022529602,0.0,0.41770005226135254,3.4800000190734863,0.0,0.8512864112854004,0.41770005226135254,228.0,-1.0,-1.0,PASS,2.0,0.0
228,27.826309204101562,-0.06569914519786835,-0.015731079503893852,0.0,3.4800000190734863,0.28030917048454285,0.9999990463256836,0.5328332781791687,0.05214647576212883,0.0,1.0,1.0,0.7464269995689392,-0.06569914519786835,-0.07909190654754639,-0.901324450969696,0.0,0.28030917048454285,3.4800000190734863,16.0,0.8512864112854004,0.28030917048454285,229.0,-1.0,-1.0,PASS,2.0,0.0
229,24.785995483398438,-0.08074432611465454,-0.008726646192371845,0.0,3.4800000190734863,0.27240628004074097,0.9999990463256836,0.5253127217292786,0.03712094947695732,0.0,1.0,1.0,0.41007199883461,-0.08074432611465454,-0.08817338943481445,-0.5,0.0,0.27240628004074097,3.4800000190734863,16.0,0.8512864112854004,0.27240628004074097,230.0,-1.0,-1.0,PASS,2.0,0.0
230,24.802684783935547,-0.07891601324081421,-0.004495259374380112,0.0,3.4800000190734863,0.2773537039756775,0.9999990463256836,0.5300281047821045,0.04656270146369934,0.0,1.0,1.0,0.41560301184654236,-0.07891601324081421,-0.08274279534816742,-0.2575593888759613,0.0,0.2773537039756775,3.4800000190734863,16.0,0.8512864112854004,0.2773537039756775,231.0,-1.0,-1.0,PASS,2.0,0.0
231,24.386167526245117,-0.062466371804475784,-0.01745329238474369,0.0,3.4800000190734863,0.4420238137245178,0.9999992251396179,0.66889488697052,0.32165461778640747,1.0,1.0,1.0,0.40569400787353516,-0.062466371804475784,-0.07732563465833664,-1.0,0.0,0.4420238137245178,3.4800000190734863,0.0,0.8512864112854004,0.4420238137245178,232.0,-1.0,-1.0,PASS,2.0,0.0
232,25.490999221801758,-0.06342177093029022,-0.0160016268491745,0.0,3.4800000190734863,0.4548295736312866,0.9999992251396179,0.6786779761314392,0.34034034609794617,1.0,1.0,1.0,0.7279130220413208,-0.06342177093029022,-0.07704490423202515,-0.9168257117271423,0.0,0.4548295736312866,3.4800000190734863,0.0,0.8512864112854004,0.4548295736312866,233.0,-1.0,-1.0,PASS,2.0,0.0
233,27.810335159301758,-0.06540089100599289,-0.015146094374358654,0.0,3.4800000190734863,0.3016764223575592,0.9999991059303284,0.5524314641952515,0.09217734634876251,0.0,1.0,1.0,0.7712230086326599,-0.06540089100599289,-0.07829554378986359,-0.8678072690963745,0.0,0.3016764223575592,3.4800000190734863,16.0,0.8512864112854004,0.3016764223575592,234.0,-1.0,-1.0,PASS,2.0,0.0
234,25.156497955322266,-0.06515570729970932,-0.015531289391219616,0.0,3.4800000190734863,0.3016810715198517,0.9999991059303284,0.552440881729126,0.09217563271522522,0.0,1.0,1.0,0.4062249958515167,-0.06515570729970932,-0.0783783495426178,-0.8898773193359375,0.0,0.3016810715198517,3.4800000190734863,16.0,0.8512864112854004,0.3016810715198517,235.0,-1.0,-1.0,PASS,2.0,0.0
235,24.901866912841797,-0.07857361435890198,-0.008726646192371845,0.0,3.4800000190734863,0.48044365644454956,0.9999992847442627,0.6974863409996033,0.3776437044143677,1.0,1.0,1.0,0.4050230085849762,-0.07857361435890198,-0.08600267767906189,-0.5,0.0,0.48044365644454956,3.4800000190734863,0.0,0.8512864112854004,0.48044365644454956,236.0,-1.0,-1.0,PASS,2.0,0.0
236,25.15721321105957,-0.0740615651011467,-0.006720134988427162,0.0,3.4800000190734863,0.4727894961833954,0.9999992847442627,0.6920243501663208,0.3663960099220276,1.0,1.0,1.0,0.7480400204658508,-0.0740615651011467,-0.0797824114561081,-0.38503536581993103,0.0,0.4727894961833954,3.4800000190734863,0.0,0.8512864112854004,0.4727894961833954,237.0,-1.0,-1.0,PASS,2.0,0.0
237,25.684356689453125,-0.08418203145265579,-0.012433277443051338,0.0,3.4800000190734863,0.530602753162384,0.9999992847442627,0.7331433892250061,0.44747379422187805,1.0,1.0,1.0,0.7468580007553101,-0.08418203145265579,-0.09476685523986816,-0.7123743295669556,0.0,0.530602753162384,3.4800000190734863,0.0,0.8512864112854004,0.530602753162384,238.0,-1.0,-1.0,PASS,2.0,0.0
238,27.23836898803711,-0.08857323229312897,-0.010363423265516758,0.0,3.4800000190734863,0.5289223790168762,0.9999992847442627,0.7313550710678101,0.4464179277420044,1.0,1.0,1.0,0.7614150047302246,-0.08857323229312897,-0.09739579260349274,-0.5937803983688354,0.0,0.5289223790168762,3.4800000190734863,0.0,0.8512864112854004,0.5289223790168762,239.0,-1.0,-1.0,PASS,2.0,0.0
239,25.028228759765625,-0.06617490947246552,-0.014537880197167397,0.0,3.4800000190734863,0.5242430567741394,0.9999992847442627,0.7281778454780579,0.439876914024353,1.0,1.0,1.0,0.7436919808387756,-0.06617490947246552,-0.07855167984962463,-0.8329591751098633,0.0,0.5242430567741394,3.4800000190734863,0.0,0.8512864112854004,0.5242430567741394,240.0,-1.0,-1.0,PASS,2.0,0.0
240,25.998353958129883,-0.07914789021015167,-0.008976866491138935,0.0,3.4800000190734863,0.5066974759101868,0.9999992847442627,0.7163865566253662,0.41459280252456665,1.0,1.0,0.0,1.9413989782333374,-0.07914789021015167,-0.08678998053073883,-0.5143365859985352,0.0,0.5066974759101868,3.4800000190734863,0.0,0.8512864112854004,0.5066974759101868,241.0,-1.0,-1.0,PASS,2.0,0.0
241,25.171995162963867,-0.07964940369129181,-0.007091864012181759,0.0,3.4800000190734863,0.5326287746429443,0.9999992847442627,0.7345355153083801,0.4502469301223755,1.0,1.0,1.0,0.7724760174751282,-0.07964940369129181,-0.08568671345710754,-0.406333863735199,0.0,0.5326287746429443,3.4800000190734863,0.0,0.8512864112854004,0.5326287746429443,242.0,-1.0,-1.0,PASS,2.0,0.0
242,26.876211166381836,-0.06957034021615982,-0.014965325593948364,0.0,3.4800000190734863,0.5894442200660706,0.9999993443489075,0.7720121741294861,0.5270340442657471,1.0,1.0,1.0,0.7417190074920654,-0.06957034021615982,-0.08231107145547867,-0.857450008392334,0.0,0.5894442200660706,3.4800000190734863,0.0,0.8512864112854004,0.5894442200660706,243.0,-1.0,-1.0,PASS,2.0,0.0
243,27.189016342163086,-0.06786712259054184,-0.015470939688384533,0.0,3.4800000190734863,0.5856626033782959,0.9999993443489075,0.7697307467460632,0.5217341780662537,1.0,1.0,1.0,0.7676569819450378,-0.06786712259054184,-0.08103837072849274,-0.8864195346832275,0.0,0.5856626033782959,3.4800000190734863,0.0,0.8512864112854004,0.5856626033782959,244.0,-1.0,-1.0,PASS,2.0,0.0
244,24.990320205688477,-0.09915950149297714,0.0023807634133845568,0.0,3.4800000190734863,0.599494218826294,0.9999993443489075,0.779242753982544,0.5386589765548706,1.0,1.0,1.0,0.7365189790725708,-0.09915950149297714,-0.09713278710842133,0.13640768826007843,0.0,0.599494218826294,3.4800000190734863,0.0,0.8512864112854004,0.599494218826294,245.0,-1.0,-1.0,PASS,2.0,0.0
245,26.292800903320312,-0.09356488287448883,0.0007548232097178698,0.0,3.4800000190734863,0.6077252626419067,0.9999993443489075,0.7843576669692993,0.5496131181716919,1.0,1.0,1.0,0.7466880083084106,-0.09356488287448883,-0.09292231500148773,0.04324818402528763,0.0,0.6077252626419067,3.4800000190734863,0.0,0.8512864112854004,0.6077252626419067,246.0,-1.0,-1.0,PASS,2.0,0.0
246,27.125835418701172,-0.08271855115890503,-0.004385735373944044,0.0,3.4800000190734863,0.6463406085968018,0.9999993443489075,0.8090181350708008,0.5978401303291321,1.0,1.0,1.0,0.7295359969139099,-0.08271855115890503,-0.08645208925008774,-0.251284122467041,0.0,0.6463406085968018,3.4800000190734863,0.0,0.8512864112854004,0.6463406085968018,247.0,-1.0,-1.0,PASS,2.0,0.0
247,29.29091453552246,-0.09815672785043716,-0.003349957289174199,0.0,3.4800000190734863,0.6218379735946655,0.9999993443489075,0.7935528755187988,0.5672256350517273,1.0,1.0,1.0,0.7285739779472351,-0.09815672785043716,-0.10100851207971573,-0.19193841516971588,0.0,0.6218379735946655,3.4800000190734863,0.0,0.8512864112854004,0.6218379735946655,248.0,-1.0,-1.0,PASS,2.0,0.0
248,30.514240264892578,-0.08457387983798981,-0.005401623900979757,0.0,3.4800000190734863,0.6411752700805664,0.9999993443489075,0.8056468367576599,0.5917035341262817,1.0,1.0,1.0,0.7576289772987366,-0.08457387983798981,-0.08917225152254105,-0.30949026346206665,0.0,0.6411752700805664,3.4800000190734863,0.0,0.8512864112854004,0.6411752700805664,249.0,-1.0,-1.0,PASS,2.0,0.0
249,31.351804733276367,-0.09811896830797195,-0.003507251851260662,0.0,3.4800000190734863,0.6707268953323364,0.9999994039535522,0.8237867951393127,0.6283997297286987,1.0,1.0,1.0,0.7358480095863342,-0.09811896830797195,-0.10110465437173843,-0.2009507268667221,0.0,0.6707268953323364,3.4800000190734863,0.0,0.8512864112854004,0.6707268953323364,250.0,-1.0,-1.0,PASS,2.0,0.0
250,35.18104553222656,-0.07970435917377472,-0.015958521515130997,0.0,3.4800000190734863,0.69688481092453,0.9999994039535522,0.8394954800605774,0.6602472066879272,1.0,1.0,1.0,0.7655739784240723,-0.07970435917377472,-0.0932907834649086,-0.9143559336662292,0.0,0.69688481092453,3.4800000190734863,0.0,0.8512864112854004,0.69688481092453,251.0,-1.0,-1.0,PASS,2.0,0.0
251,35.88509559631348,-0.08840291202068329,-0.00511349830776453,0.0,3.4800000190734863,0.7048208713531494,0.9999994039535522,0.8448461294174194,0.6685194373130798,1.0,1.0,1.0,0.7486019730567932,-0.08840291202068329,-0.0927560031414032,-0.2929818630218506,0.0,0.7048208713531494,3.4800000190734863,0.0,0.8512864112854004,0.7048208713531494,252.0,-1.0,-1.0,PASS,2.0,0.0
252,35.666704177856445,-0.1033606305718422,-0.0028099671471863985,0.0,3.4800000190734863,0.7416297197341919,0.9999994039535522,0.8665117025375366,0.7117597460746765,1.0,1.0,1.0,0.7346749901771545,-0.1033606305718422,-0.10575272142887115,-0.16099925339221954,0.0,0.7416297197341919,3.4800000190734863,0.0,0.8512864112854004,0.7416297197341919,253.0,-1.0,-1.0,PASS,2.0,0.0
253,37.21332550048828,-0.09257872402667999,-0.006641292944550514,0.0,3.4800000190734863,0.7442042231559753,0.9999994039535522,0.8681012392044067,0.7145568132400513,1.0,1.0,1.0,0.7412269711494446,-0.09257872402667999,-0.0982324481010437,-0.3805180490016937,0.0,0.7442042231559753,3.4800000190734863,0.0,0.8512864112854004,0.7442042231559753,254.0,-1.0,-1.0,PASS,2.0,0.0
254,41.07999801635742,-0.09200695157051086,-0.005810776725411415,0.0,3.4800000190734863,0.7198436260223389,0.9999994039535522,0.8536554574966431,0.6864972710609436,1.0,1.0,1.0,0.7595930099487305,-0.09200695157051086,-0.09695364534854889,-0.3329329788684845,0.0,0.7198436260223389,3.4800000190734863,0.0,0.8512864112854004,0.7198436260223389,255.0,-1.0,-1.0,PASS,2.0,0.0
255,42.438507080078125,-0.10554245859384537,-0.004202275536954403,0.0,3.4800000190734863,0.7112289071083069,0.9999994039535522,0.8484690189361572,0.6765000224113464,1.0,1.0,0.0,1.8599380254745483,-0.10554245859384537,-0.10911981761455536,-0.24077264964580536,0.0,0.7112289071083069,3.4800000190734863,0.0,0.8512864112854004,0.7112289071083069,256.0,-1.0,-1.0,PASS,2.0,0.0
256,41.20469093322754,-0.0908103659749031,-0.006820150651037693,0.0,3.4800000190734863,0.7369000911712646,0.9999994039535522,0.8637931942939758,0.7061961889266968,1.0,1.0,1.0,0.7592009902000427,-0.0908103659749031,-0.09661635756492615,-0.39076584577560425,0.0,0.7369000911712646,3.4800000190734863,0.0,0.8512864112854004,0.7369000911712646,257.0,-1.0,-1.0,PASS,2.0,0.0
257,43.78342628479004,-0.09279733896255493,-0.006879774387925863,0.0,3.4800000190734863,0.702630341053009,0.9999994039535522,0.8434648513793945,0.6660576462745667,1.0,1.0,1.0,0.729977011680603,-0.09279733896255493,-0.09865409135818481,-0.394182026386261,0.0,0.702630341053009,3.4800000190734863,0.0,0.8512864112854004,0.702630341053009,258.0,-1.0,-1.0,PASS,2.0,0.0
258,45.24707794189453,-0.10570039600133896,-0.0033755467738956213,0.0,3.4800000190734863,0.4569060504436493,0.9999992251396179,0.680117130279541,0.34361031651496887,1.0,1.0,1.0,0.7553240060806274,-0.10570039600133896,-0.10857396572828293,-0.19340458512306213,0.0,0.4569060504436493,3.4800000190734863,0.0,0.8512864112854004,0.4569060504436493,259.0,-1.0,-1.0,PASS,2.0,0.0
259,31.796693801879883,-0.08541670441627502,-0.004714282229542732,0.0,3.4800000190734863,0.4385726749897003,0.9999992251396179,0.6662366390228271,0.3165678083896637,1.0,1.0,1.0,0.7428709864616394,-0.08541670441627502,-0.08942993730306625,-0.2701084613800049,0.0,0.4385726749897003,3.4800000190734863,0.0,0.8512864112854004,0.4385726749897003,260.0,-1.0,-1.0,PASS,2.0,0.0
260,25.14815330505371,-0.09865309298038483,-0.004128407221287489,0.0,3.4800000190734863,0.4444410800933838,0.9999992251396179,0.6708154082298279,0.32507771253585815,1.0,1.0,1.0,0.7878249883651733,-0.09865309298038483,-0.10216756910085678,-0.2365403026342392,0.0,0.4444410800933838,3.4800000190734863,0.0,0.8512864112854004,0.4444410800933838,261.0,-1.0,-1.0,PASS,2.0,0.0
261,24.58930015563965,-0.10031406581401825,-0.0012900062138214707,0.0,3.4800000190734863,0.47877639532089233,0.9999992847442627,0.6961097121238708,0.37557798624038696,1.0,1.0,1.0,0.7318999767303467,-0.10031406581401825,-0.10141222923994064,-0.07391191273927689,0.0,0.47877639532089233,3.4800000190734863,0.0,0.8512864112854004,0.47877639532089233,262.0,-1.0,-1.0,PASS,2.0,0.0
262,25.481700897216797,-0.09856268763542175,-0.0023178996052592993,0.0,3.4800000190734863,0.46557557582855225,0.9999992847442627,0.6864553093910217,0.35646340250968933,1.0,1.0,1.0,0.7277429699897766,-0.09856268763542175,-0.10053588449954987,-0.13280586898326874,0.0,0.46557557582855225,3.4800000190734863,0.0,0.8512864112854004,0.46557557582855225,263.0,-1.0,-1.0,PASS,2.0,0.0
263,25.750160217285156,-0.09972766786813736,-0.0015866394387558103,0.0,3.4800000190734863,0.5014540553092957,0.9999992847442627,0.712344229221344,0.40789860486984253,1.0,1.0,1.0,0.7521389722824097,-0.09972766786813736,-0.10107835382223129,-0.0909077450633049,0.0,0.5014540553092957,3.4800000190734863,0.0,0.8512864112854004,0.5014540553092957,264.0,-1.0,-1.0,PASS,2.0,0.0
264,24.465560913085938,-0.09097959101200104,-0.0019325361354276538,0.0,3.4800000190734863,0.4941504895687103,0.9999992847442627,0.7072799205780029,0.39732709527015686,1.0,1.0,1.0,0.7306889891624451,-0.09097959101200104,-0.092624731361866,-0.11072616279125214,0.0,0.4941504895687103,3.4800000190734863,0.0,0.8512864112854004,0.4941504895687103,265.0,-1.0,-1.0,PASS,2.0,0.0
265,28.084993362426758,-0.08553925156593323,-0.0016305792378261685,0.0,3.4800000190734863,0.5295239090919495,0.9999992847442627,0.7321568727493286,0.44647711515426636,1.0,1.0,1.0,0.7598720192909241,-0.08553925156593323,-0.08692733943462372,-0.09342531114816666,0.0,0.5295239090919495,3.4800000190734863,0.0,0.8512864112854004,0.5295239090919495,266.0,-1.0,-1.0,PASS,2.0,0.0
266,25.40731430053711,-0.09188377112150192,-0.000935442978516221,0.0,3.4800000190734863,0.5435115694999695,0.9999993443489075,0.7415164709091187,0.4659465253353119,1.0,1.0,1.0,0.7795400023460388,-0.09188377112150192,-0.09268010407686234,-0.05359693616628647,0.0,0.5435115694999695,3.4800000190734863,0.0,0.8512864112854004,0.5435115694999695,267.0,-1.0,-1.0,PASS,2.0,0.0
267,24.38974380493164,-0.08151297271251678,0.0006249497528187931,0.0,3.4800000190734863,0.5415772795677185,0.9999993443489075,0.7403059005737305,0.4631180763244629,1.0,1.0,1.0,0.8010900020599365,-0.08151297271251678,-0.08098096400499344,0.03580698370933533,0.0,0.5415772795677185,3.4800000190734863,0.0,0.8512864112854004,0.5415772795677185,268.0,-1.0,-1.0,PASS,2.0,0.0
268,25.789976119995117,-0.08590066432952881,0.0005909929168410599,0.0,3.4800000190734863,0.5798691511154175,0.9999993443489075,0.7659953236579895,0.5140283703804016,1.0,1.0,1.0,0.7508260011672974,-0.08590066432952881,-0.08539755642414093,0.033861398696899414,0.0,0.5798691511154175,3.4800000190734863,0.0,0.8512864112854004,0.5798691511154175,269.0,-1.0,-1.0,PASS,2.0,0.0
269,25.488615036010742,-0.0828632041811943,-0.0004944781539961696,0.0,3.4800000190734863,0.570824384689331,0.9999993443489075,0.7601720690727234,0.501829981803894,1.0,1.0,1.0,0.7710829973220825,-0.0828632041811943,-0.08328414708375931,-0.028331510722637177,0.0,0.570824384689331,3.4800000190734863,0.0,0.8512864112854004,0.570824384689331,270.0,-1.0,-1.0,PASS,2.0,0.0
270,27.042388916015625,-0.08253000676631927,-0.0014726849040016532,0.0,3.4800000190734863,0.5888189673423767,0.9999993443489075,0.7721105217933655,0.5252197980880737,1.0,1.0,0.0,1.7999060153961182,-0.08253000676631927,-0.08378368616104126,-0.08437862992286682,0.0,0.5888189673423767,3.4800000190734863,0.0,0.8512864112854004,0.5888189673423767,271.0,-1.0,-1.0,PASS,2.0,0.0
271,26.26323699951172,-0.07814594358205795,-0.0003892692911904305,0.0,3.4800000190734863,0.619566023349762,0.9999993443489075,0.7920030951499939,0.5645551085472107,1.0,1.0,1.0,0.7377020120620728,-0.07814594358205795,-0.07847732305526733,-0.022303488105535507,0.0,0.619566023349762,3.4800000190734863,0.0,0.8512864112854004,0.619566023349762,272.0,-1.0,-1.0,PASS,2.0,0.0
272,25.01654624938965,-0.07430219650268555,0.00035218673292547464,0.0,3.4800000190734863,0.632867693901062,0.9999993443489075,0.8004180788993835,0.5813432931900024,1.0,1.0,1.0,0.7391039729118347,-0.07430219650268555,-0.07400238513946533,0.020178813487291336,0.0,0.632867693901062,3.4800000190734863,0.0,0.8512864112854004,0.632867693901062,273.0,-1.0,-1.0,PASS,2.0,0.0
273,24.550676345825195,-0.07759744673967361,0.0027538123540580273,0.0,3.4800000190734863,0.6697624325752258,0.9999994039535522,0.8233367800712585,0.6269471049308777,1.0,1.0,1.0,0.7404770255088806,-0.07759744673967361,-0.07525315880775452,0.15778182446956635,0.0,0.6697624325752258,3.4800000190734863,0.0,0.8512864112854004,0.6697624325752258,274.0,-1.0,-1.0,PASS,2.0,0.0
274,25.763273239135742,-0.07511042803525925,-0.0006419399869628251,0.0,3.4800000190734863,0.689545750617981,0.9999994039535522,0.8355568051338196,0.6505064368247986,1.0,1.0,1.0,0.7297170162200928,-0.07511042803525925,-0.07565690577030182,-0.036780450493097305,0.0,0.689545750617981,3.4800000190734863,0.0,0.8512864112854004,0.689545750617981,275.0,-1.0,-1.0,PASS,2.0,0.0
275,24.70564842224121,-0.08924578875303268,0.005727946292608976,0.0,3.4800000190734863,0.7153522968292236,0.9999994039535522,0.850789487361908,0.6816203594207764,1.0,1.0,1.0,0.7361379861831665,-0.08924578875303268,-0.08436961472034454,0.32818713784217834,0.0,0.7153522968292236,3.4800000190734863,0.0,0.8512864112854004,0.7153522968292236,276.0,-1.0,-1.0,PASS,2.0,0.0
276,24.89304542541504,-0.07159682363271713,0.001497215824201703,0.0,3.4800000190734863,0.7390852570533752,0.9999994039535522,0.864918053150177,0.7090299725532532,1.0,1.0,1.0,0.7260299921035767,-0.07159682363271713,-0.07032226026058197,0.08578414469957352,0.0,0.7390852570533752,3.4800000190734863,0.0,0.8512864112854004,0.7390852570533752,277.0,-1.0,-1.0,PASS,2.0,0.0
277,28.293132781982422,-0.06762965023517609,-0.0002135464601451531,0.0,3.4800000190734863,0.7788798213005066,0.9999994039535522,0.8879154920578003,0.7544012069702148,1.0,1.0,1.0,0.7377009987831116,-0.06762965023517609,-0.06781143695116043,-0.012235310859978199,0.0,0.7788798213005066,3.4800000190734863,0.0,0.8512864112854004,0.7788798213005066,278.0,-1.0,-1.0,PASS,2.0,0.0
278,33.02001953125,-0.0703907459974289,0.0024530531372874975,0.0,3.4800000190734863,0.7885336875915527,0.9999994039535522,0.8934639096260071,0.7651165127754211,1.0,1.0,1.0,0.7550439834594727,-0.0703907459974289,-0.06830248981714249,0.14054958522319794,0.0,0.7885336875915527,3.4800000190734863,0.0,0.8512864112854004,0.7885336875915527,279.0,-1.0,-1.0,PASS,2.0,0.0
279,32.486915588378906,-0.07035906612873077,0.0033636847510933876,0.0,3.4800000190734863,0.8270708322525024,0.999999463558197,0.9150906205177307,0.8076265454292297,1.0,1.0,1.0,0.7401959896087646,-0.07035906612873077,-0.06749559938907623,0.19272494316101074,0.0,0.8270708322525024,3.4800000190734863,0.0,0.8512864112854004,0.8270708322525024,280.0,-1.0,-1.0,PASS,2.0,0.0
280,34.10506248474121,-0.06773971021175385,0.003551929257810116,0.0,3.4800000190734863,0.8682724237442017,0.999999463558197,0.9376750588417053,0.8519691228866577,1.0,1.0,1.0,0.7571880221366882,-0.06773971021175385,-0.06471598893404007,0.20351055264472961,0.0,0.8682724237442017,3.4800000190734863,0.0,0.8512864112854004,0.8682724237442017,281.0,-1.0,-1.0,PASS,2.0,0.0
281,36.32974624633789,-0.08471309393644333,0.0051276423037052155,0.0,3.4800000190734863,0.8954254984855652,0.999999463558197,0.9518670439720154,0.8814093470573425,1.0,1.0,1.0,0.7405970096588135,-0.08471309393644333,-0.08034796267747879,0.2937922775745392,0.0,0.8954254984855652,3.4800000190734863,0.0,0.8512864112854004,0.8954254984855652,282.0,-1.0,-1.0,PASS,2.0,0.0
282,36.87620162963867,-0.06475214660167694,0.002745437202975154,0.0,3.4800000190734863,0.947355329990387,0.999999463558197,0.9794690608978271,0.9344267249107361,1.0,1.0,1.0,0.7252690196037292,-0.06475214660167694,-0.0624149888753891,0.15730196237564087,0.0,0.947355329990387,3.4800000190734863,0.0,0.8512864112854004,0.947355329990387,283.0,-1.0,-1.0,PASS,2.0,0.0
283,40.906429290771484,-0.0816950723528862,0.004709168802946806,0.0,3.4800000190734863,0.9753280282020569,0.999999463558197,0.9935245513916016,0.9633703231811523,1.0,1.0,1.0,0.7481110095977783,-0.0816950723528862,-0.07768619060516357,0.26981550455093384,0.0,0.9753280282020569,3.4800000190734863,0.0,0.8512864112854004,0.9753280282020569,284.0,-1.0,-1.0,PASS,2.0,0.0
284,40.518760681152344,-0.08966842293739319,0.012598816305398941,0.0,3.4800000190734863,0.9691725373268127,0.999999463558197,0.9898815751075745,0.9581591486930847,1.0,1.0,1.0,0.7427610158920288,-0.08966842293739319,-0.07894265651702881,0.7218589782714844,0.0,0.9691725373268127,3.4800000190734863,0.0,0.8512864112854004,0.9691725373268127,285.0,-1.0,-1.0,PASS,2.0,0.0
285,43.56265068054199,-0.09806285798549652,0.013109785504639149,0.0,3.4800000190734863,0.9739266633987427,0.999999463558197,0.9919182062149048,0.9637242555618286,1.0,1.0,0.0,1.7827739715576172,-0.09806285798549652,-0.08690203726291656,0.7511354088783264,0.0,0.9739266633987427,3.4800000190734863,0.0,0.8512864112854004,0.9739266633987427,286.0,-1.0,-1.0,PASS,2.0,0.0
286,43.39599609375,-0.08449599891901016,0.010910138487815857,0.0,3.4800000190734863,0.9722710251808167,0.999999463558197,0.9919517636299133,0.9603197574615479,1.0,1.0,1.0,0.7537209987640381,-0.08449599891901016,-0.07520797848701477,0.6251049041748047,0.0,0.9722710251808167,3.4800000190734863,0.0,0.8512864112854004,0.9722710251808167,287.0,-1.0,-1.0,PASS,2.0,0.0
287,43.022871017456055,-0.08086440712213516,0.007168198470026255,0.0,3.4800000190734863,0.9747987389564514,0.999999463558197,0.9931249618530273,0.9630942344665527,1.0,1.0,1.0,0.7567870020866394,-0.08086440712213516,-0.07476211339235306,0.4107075333595276,0.0,0.9747987389564514,3.4800000190734863,0.0,0.8512864112854004,0.9747987389564514,288.0,-1.0,-1.0,PASS,2.0,0.0
288,47.95503616333008,-0.08064939826726913,0.006263656076043844,0.0,3.4800000190734863,0.9749288558959961,0.999999463558197,0.9930641055107117,0.9634765982627869,1.0,1.0,1.0,0.7518180012702942,-0.08064939826726913,-0.07531716674566269,0.35888105630874634,0.0,0.9749288558959961,3.4800000190734863,0.0,0.8512864112854004,0.9749288558959961,289.0,-1.0,-1.0,PASS,2.0,0.0
289,25.97665786743164,-0.07951347529888153,0.0061794184148311615,0.0,3.4800000190734863,0.9749943614006042,0.999999463558197,0.9932011961936951,0.9633376598358154,1.0,1.0,1.0,0.7572879791259766,-0.07951347529888153,-0.07425295561552048,0.35405460000038147,0.0,0.9749943614006042,3.4800000190734863,0.0,0.8512864112854004,0.9749943614006042,290.0,-1.0,-1.0,PASS,2.0,0.0
290,26.096343994140625,-0.08095034211874008,0.007416992913931608,0.0,3.4800000190734863,0.9749444127082825,0.999999463558197,0.9931500554084778,0.9633381366729736,1.0,1.0,1.0,0.745606005191803,-0.08095034211874008,-0.07463624328374863,0.4249624013900757,0.0,0.9749444127082825,3.4800000190734863,0.0,0.8512864112854004,0.9749444127082825,291.0,4.140624523162842,-1.0,PASS,2.0,0.0
291,25.188922882080078,-0.08040007203817368,0.00652235047891736,0.0,3.4800000190734863,0.9749134182929993,0.999999463558197,0.993315577507019,0.9629484415054321,1.0,1.0,1.0,0.7147189974784851,-0.08040007203817368,-0.07484760135412216,0.37370315194129944,0.0,0.9749134182929993,3.4800000190734863,0.0,0.8512864112854004,0.9749134182929993,292.0,4.425291061401367,-1.0,PASS,2.0,0.0
292,25.217533111572266,-0.09281421452760696,0.011743896640837193,0.0,3.4800000190734863,0.9343949556350708,0.999999463558197,0.9720188975334167,0.9225864410400391,1.0,1.0,1.0,0.7227929830551147,-0.09281421452760696,-0.08281633257865906,0.672875702381134,0.0,0.9343949556350708,3.4800000190734863,0.0,0.8512864112854004,0.9343949556350708,293.0,4.425291061401367,-1.0,PASS,2.0,0.0
293,25.329113006591797,-0.11061795800924301,0.015614766627550125,0.0,3.4800000190734863,0.9122409820556641,0.999999463558197,0.9566991329193115,0.9070597887039185,1.0,1.0,1.0,0.7329130172729492,-0.11061795800924301,-0.09732423722743988,0.894660234451294,0.0,0.9122409820556641,3.4800000190734863,0.0,0.8512864112854004,0.9122409820556641,294.0,-1.0,-1.0,PASS,2.0,0.0
294,25.100231170654297,-0.100365050137043,0.014091054908931255,0.0,3.4800000190734863,0.9667539596557617,0.999999463558197,0.9881352782249451,0.9567243456840515,1.0,1.0,1.0,0.7424700260162354,-0.100365050137043,-0.0883687362074852,0.8073579668998718,0.0,0.9667539596557617,3.4800000190734863,0.0,0.8512864112854004,0.9667539596557617,295.0,-1.0,-1.0,PASS,2.0,0.0
295,27.897357940673828,-0.10310708731412888,0.013450714759528637,0.0,3.4800000190734863,0.9664286375045776,0.999999463558197,0.9870116114616394,0.9582929015159607,1.0,1.0,1.0,0.7490230202674866,-0.10310708731412888,-0.09165598452091217,0.770669162273407,0.0,0.9664286375045776,3.4800000190734863,0.0,0.8512864112854004,0.9664286375045776,296.0,-1.0,-1.0,PASS,2.0,0.0
296,25.763988494873047,-0.09167925268411636,0.011373707093298435,0.0,3.4800000190734863,0.9595096111297607,0.999999463558197,0.985354483127594,0.9475423693656921,1.0,1.0,1.0,0.7443130016326904,-0.09167925268411636,-0.08199655264616013,0.6516653895378113,0.0,0.9595096111297607,3.4800000190734863,0.0,0.8512864112854004,0.9595096111297607,297.0,-1.0,-1.0,PASS,2.0,0.0
297,25.98857879638672,-0.08420000225305557,0.009961544536054134,0.0,3.4800000190734863,0.9690272808074951,0.999999463558197,0.9905069470405579,0.9566294550895691,1.0,1.0,1.0,0.7683990001678467,-0.08420000225305557,-0.07571959495544434,0.5707544684410095,0.0,0.9690272808074951,3.4800000190734863,0.0,0.8512864112854004,0.9690272808074951,298.0,4.048692226409912,-1.0,PASS,2.0,0.0
298,24.962902069091797,-0.0808776393532753,0.007230760529637337,0.0,3.4800000190734863,0.9752910733222961,0.999999463558197,0.9936804175376892,0.9629878997802734,1.0,1.0,1.0,0.7338640093803406,-0.0808776393532753,-0.07472208142280579,0.4142920672893524,0.0,0.9752910733222961,3.4800000190734863,0.0,0.8512864112854004,0.9752910733222961,299.0,3.964310646057129,-1.0,PASS,2.0,0.0
299,25.633811950683594,-0.059795379638671875,0.004285625647753477,0.0,3.4800000190734863,0.9628239274024963,0.999999463558197,0.9868898987770081,0.9512292146682739,1.0,1.0,1.0,0.7217820286750793,-0.059795379638671875,-0.05614706128835678,0.24554826319217682,0.0,0.9628239274024963,3.4800000190734863,0.0,0.8512864112854004,0.9628239274024963,300.0,3.964310646057129,-1.0,PASS,2.0,0.0
300,50.45580863952637,-0.0803791731595993,0.009114465676248074,0.0,3.4800000190734863,0.9752585887908936,0.999999463558197,0.9936918020248413,0.9629001021385193,1.0,1.0,0.0,1.7650409936904907,-0.0803791731595993,-0.07261993736028671,0.5222204327583313,0.0,0.9752585887908936,3.4800000190734863,0.0,0.8512864112854004,0.9752585887908936,301.0,3.50188946723938,-1.0,PASS,2.0,0.0
301,25.32362937927246,-0.08736276626586914,0.009703541174530983,0.0,3.4800000190734863,0.9729211330413818,0.999999463558197,0.9922922849655151,0.9609573483467102,1.0,1.0,1.0,0.728193998336792,-0.08736276626586914,-0.07910201698541641,0.5559719800949097,0.0,0.9729211330413818,3.4800000190734863,0.0,0.8512864112854004,0.9729211330413818,302.0,3.719757556915283,-1.0,PASS,2.0,0.0
302,28.363466262817383,-0.0850241407752037,0.00526903523132205,0.0,3.4800000190734863,0.9754510521888733,0.999999463558197,0.9935978651046753,0.9634729623794556,1.0,1.0,1.0,0.7940760254859924,-0.0850241407752037,-0.08053863793611526,0.3018934726715088,0.0,0.9754510521888733,3.4800000190734863,0.0,0.8512864112854004,0.9754510521888733,303.0,3.719757556915283,-1.0,PASS,2.0,0.0
303,25.799989700317383,-0.08646254241466522,0.005529572255909443,0.0,3.4800000190734863,0.9750986695289612,0.999999463558197,0.9935981035232544,0.962763249874115,1.0,1.0,1.0,0.7529889941215515,-0.08646254241466522,-0.08175524324178696,0.3168211579322815,0.0,0.9750986695289612,3.4800000190734863,0.0,0.8512864112854004,0.9750986695289612,304.0,3.6451799869537354,4.993358135223389,PASS,2.0,0.0
304,24.814128875732422,-0.08591125160455704,0.005609377287328243,0.0,3.4800000190734863,0.9755485653877258,0.999999463558197,0.9936486482620239,0.963568925857544,1.0,1.0,1.0,0.7193080186843872,-0.08591125160455704,-0.08113601803779602,0.3213936388492584,0.0,0.9755485653877258,3.4800000190734863,0.0,0.8512864112854004,0.9755485653877258,305.0,3.2370035648345947,4.992530345916748,PASS,2.0,0.0
305,25.868654251098633,-0.08477567136287689,0.004991923924535513,0.0,3.4800000190734863,0.9757533073425293,0.999999463558197,0.9938445091247559,0.9635939002037048,1.0,1.0,1.0,0.7307689785957336,-0.08477567136287689,-0.08052607625722885,0.28601616621017456,0.0,0.9757533073425293,3.4800000190734863,0.0,0.8512864112854004,0.9757533073425293,306.0,3.430537462234497,4.991289138793945,PASS,2.0,0.0
306,25.072574615478516,-0.08387239277362823,0.004874957725405693,0.0,3.4800000190734863,0.9756115078926086,0.999999463558197,0.9937753081321716,0.9634453654289246,1.0,1.0,1.0,0.72673100233078,-0.08387239277362823,-0.07972237467765808,0.27931448817253113,0.0,0.9756115078926086,3.4800000190734863,0.0,0.8512864112854004,0.9756115078926086,307.0,3.430537462234497,4.987979412078857,PASS,2.0,0.0
307,25.674819946289062,-0.0822976753115654,0.004725590348243713,0.0,3.4800000190734863,0.9750309586524963,0.999999463558197,0.9934839010238647,0.9628525972366333,1.0,1.0,1.0,0.7512270212173462,-0.0822976753115654,-0.07827481627464294,0.27075639367103577,0.0,0.9750309586524963,3.4800000190734863,0.0,0.8512864112854004,0.9750309586524963,308.0,3.3667516708374023,5.112334251403809,PASS,2.0,0.0
308,26.479482650756836,-0.0825827345252037,0.0061464812606573105,0.0,3.4800000190734863,0.974801242351532,0.999999463558197,0.9932743906974792,0.9628040790557861,1.0,1.0,1.0,0.7348160147666931,-0.0825827345252037,-0.07735025137662888,0.35216742753982544,0.0,0.974801242351532,3.4800000190734863,0.0,0.8512864112854004,0.974801242351532,309.0,3.002790689468384,4.535658836364746,PASS,2.0,0.0
309,25.490283966064453,-0.08049828559160233,0.0060829175636172295,0.0,3.4800000190734863,0.9747205376625061,0.999999463558197,0.9933575987815857,0.9624772071838379,1.0,1.0,1.0,0.7683680057525635,-0.08049828559160233,-0.07531991600990295,0.3485254943370819,0.0,0.9747205376625061,3.4800000190734863,0.0,0.8512864112854004,0.9747205376625061,310.0,3.0005619525909424,4.534893035888672,PASS,2.0,0.0
310,25.35080909729004,-0.06404494494199753,0.004103644285351038,0.0,3.4800000190734863,0.9750093221664429,0.999999463558197,0.9936121702194214,0.9625556468963623,1.0,1.0,1.0,0.8183709979057312,-0.06404494494199753,-0.06055155023932457,0.23512150347232819,0.0,0.9750093221664429,3.4800000190734863,0.0,0.8512864112854004,0.9750093221664429,311.0,-1.0,4.534510135650635,PASS,2.0,0.0
311,26.716232299804688,-0.07721609622240067,0.005140932276844978,0.0,3.4800000190734863,0.9755539298057556,0.999999463558197,0.9938816428184509,0.963119387626648,1.0,1.0,1.0,0.7584999799728394,-0.07721609622240067,-0.07283965498209,0.2945537269115448,0.0,0.9755539298057556,3.4800000190734863,0.0,0.8512864112854004,0.9755539298057556,312.0,-1.0,4.532596588134766,PASS,2.0,0.0
312,27.477025985717773,-0.07589761167764664,0.0071235415525734425,0.0,3.4800000190734863,0.9755136966705322,0.999999463558197,0.9938651323318481,0.9630710482597351,1.0,1.0,1.0,0.7684789896011353,-0.07589761167764664,-0.06983333826065063,0.408148854970932,0.0,0.9755136966705322,3.4800000190734863,0.0,0.8512864112854004,0.9755136966705322,313.0,-1.0,4.533361911773682,PASS,2.0,0.0
313,26.036977767944336,-0.07623457163572311,0.005588975735008717,0.0,3.4800000190734863,0.9750286340713501,0.999999463558197,0.9930757880210876,0.9636545181274414,1.0,1.0,1.0,0.7501540184020996,-0.07623457163572311,-0.07147670537233353,0.32022473216056824,0.0,0.9750286340713501,3.4800000190734863,0.0,0.8512864112854004,0.9750286340713501,314.0,-1.0,4.640458106994629,PASS,2.0,0.0
314,26.652812957763672,-0.07677991688251495,0.004809473175555468,0.0,3.4800000190734863,0.9751015305519104,0.999999463558197,0.9930089116096497,0.9639335870742798,1.0,1.0,1.0,0.857483983039856,-0.07677991688251495,-0.07268564403057098,0.2755625247955322,0.0,0.9751015305519104,3.4800000190734863,0.0,0.8512864112854004,0.9751015305519104,315.0,2.7383196353912354,4.533361911773682,PASS,2.0,0.0
315,26.74698829650879,-0.07647202908992767,0.005599149037152529,0.0,3.4800000190734863,0.9750657677650452,0.999999463558197,0.9930050373077393,0.9638691544532776,1.0,1.0,0.0,1.8263250589370728,-0.07647202908992767,-0.07170549780130386,0.3208076059818268,0.0,0.9750657677650452,3.4800000190734863,0.0,0.8512864112854004,0.9750657677650452,316.0,2.7383196353912354,4.145610332489014,PASS,2.0,0.0
316,26.170969009399414,-0.07776617258787155,0.0058523304760456085,0.0,3.4800000190734863,0.9746506810188293,0.999999463558197,0.9925774931907654,0.9638788104057312,1.0,1.0,1.0,0.8093540072441101,-0.07776617258787155,-0.07278410345315933,0.3353138267993927,0.0,0.9746506810188293,3.4800000190734863,0.0,0.8512864112854004,0.9746506810188293,317.0,2.424267530441284,4.143117427825928,PASS,2.0,0.0
317,27.830839157104492,-0.0765853151679039,0.005042560398578644,0.0,3.4800000190734863,0.9743068218231201,0.999999463558197,0.9918379783630371,0.9646496772766113,1.0,1.0,1.0,0.8046159744262695,-0.0765853151679039,-0.07229261845350266,0.2889174222946167,0.0,0.9743068218231201,3.4800000190734863,0.0,0.8512864112854004,0.9743068218231201,318.0,2.424267530441284,4.141336917877197,PASS,2.0,0.0
318,28.033018112182617,-0.07339693605899811,0.00530672213062644,0.0,3.4800000190734863,0.9732999801635742,0.999999463558197,0.9919016361236572,0.9624934792518616,1.0,1.0,1.0,0.7402070164680481,-0.07339693605899811,-0.06887935101985931,0.30405277013778687,0.0,0.9732999801635742,3.4800000190734863,0.0,0.8512864112854004,0.9732999801635742,319.0,2.551435708999634,4.141693115234375,PASS,2.0,0.0
319,26.021480560302734,-0.0720670223236084,0.008609212003648281,0.0,3.4800000190734863,0.9735480546951294,0.999999463558197,0.9926453828811646,0.9615229368209839,1.0,1.0,1.0,0.7684680223464966,-0.0720670223236084,-0.06473793834447861,0.49327149987220764,0.0,0.9735480546951294,3.4800000190734863,0.0,0.8512864112854004,0.9735480546951294,320.0,2.268235206604004,4.139912128448486,PASS,2.0,0.0
320,25.975704193115234,-0.05556999519467354,0.0029574388172477484,0.0,3.4800000190734863,0.9706911444664001,0.999999463558197,0.9904829263687134,0.96003657579422,1.0,1.0,1.0,0.7586209774017334,-0.05556999519467354,-0.05305236205458641,0.16944876313209534,0.0,0.9706911444664001,3.4800000190734863,0.0,0.8512864112854004,0.9706911444664001,321.0,2.3832006454467773,4.139912128448486,PASS,2.0,0.0
321,27.331113815307617,-0.05185355991125107,0.0028458191081881523,0.0,3.4800000190734863,0.9725111722946167,0.999999463558197,0.9902156591415405,0.9642415642738342,1.0,1.0,1.0,0.7081559896469116,-0.05185355991125107,-0.04943094775080681,0.16305342316627502,0.0,0.9725111722946167,3.4800000190734863,0.0,0.8512864112854004,0.9725111722946167,322.0,2.1237616539001465,3.8047404289245605,PASS,2.0,0.0
322,26.69215202331543,-0.06574129313230515,0.007004342041909695,0.0,3.4800000190734863,0.9744092226028442,0.999999463558197,0.9927752017974854,0.9630011916160583,1.0,1.0,1.0,0.7904099822044373,-0.06574129313230515,-0.05977849289774895,0.4013192355632782,0.0,0.9744092226028442,3.4800000190734863,0.0,0.8512864112854004,0.9744092226028442,323.0,2.2286605834960938,3.803741455078125,PASS,2.0,0.0
323,26.2300968170166,-0.06394843012094498,0.007811699993908405,0.0,3.4800000190734863,0.9745509624481201,0.999999463558197,0.9932295680046082,0.9623886942863464,1.0,1.0,1.0,0.7870830297470093,-0.06394843012094498,-0.05729830265045166,0.44757744669914246,0.0,0.9745509624481201,3.4800000190734863,0.0,0.8512864112854004,0.9745509624481201,324.0,1.9911084175109863,3.802076578140259,PASS,2.0,0.0
324,27.803659439086914,-0.062487490475177765,0.006836190819740295,0.0,3.4800000190734863,0.9751622080802917,0.999999463558197,0.9926687479019165,0.964728832244873,1.0,1.0,1.0,0.7546529769897461,-0.062487490475177765,-0.05666784197092056,0.391684889793396,0.0,0.9751622080802917,3.4800000190734863,0.0,0.8512864112854004,0.9751622080802917,325.0,2.0867319107055664,3.8007447719573975,PASS,2.0,0.0
325,27.238845825195312,-0.04531959816813469,0.002204999327659607,0.0,3.4800000190734863,0.9728765487670898,0.999999463558197,0.9898059368133545,0.9657930731773376,1.0,1.0,1.0,0.7422500252723694,-0.04531959816813469,-0.043442510068416595,0.12633715569972992,0.0,0.9728765487670898,3.4800000190734863,0.0,0.8512864112854004,0.9728765487670898,326.0,2.054549217224121,3.8007447719573975,PASS,2.0,0.0
326,29.802560806274414,-0.046300746500492096,0.0033887538593262434,0.0,3.4800000190734863,0.9720433950424194,0.999999463558197,0.9731462001800537,0.9977340698242188,1.0,1.0,1.0,0.7372410297393799,-0.046300746500492096,-0.04341593384742737,0.1941612958908081,0.0,0.9720433950424194,3.4800000190734863,0.0,0.8512864112854004,0.9720433950424194,327.0,1.9283591508865356,3.507829427719116,PASS,2.0,0.0
327,29.953479766845703,-0.05864166468381882,0.009055405855178833,0.0,3.4800000190734863,0.9744518399238586,0.999999463558197,0.979495644569397,0.9897017478942871,1.0,1.0,1.0,0.7446550130844116,-0.05864166468381882,-0.050932709127664566,0.5188365578651428,0.0,0.9744518399238586,3.4800000190734863,0.0,0.8512864112854004,0.9744518399238586,328.0,1.8979182243347168,3.5028274059295654,PASS,2.0,0.0
328,30.19881248474121,-0.04151877015829086,0.0031779755372554064,0.0,3.4800000190734863,0.9703942537307739,0.999999463558197,0.972933292388916,0.9947811961174011,1.0,1.0,1.0,0.7462469935417175,-0.04151877015829086,-0.03881339356303215,0.1820845901966095,0.0,0.9703942537307739,3.4800000190734863,0.0,0.8512864112854004,0.9703942537307739,329.0,1.755124568939209,3.503765106201172,PASS,2.0,0.0
329,29.920339584350586,-0.18371044099330902,-0.008014148101210594,0.0,3.180000066757202,0.24505719542503357,0.9999989867210388,0.49011462926864624,0.0,0.0,1.0,1.0,0.7646809816360474,-0.18371044099330902,-0.19053292274475098,-0.4591768682003021,0.0,0.24505719542503357,3.180000066757202,16.0,0.8512864112854004,0.24505719542503357,330.0,1.810511827468872,3.5754446983337402,PASS,2.0,0.0
330,27.67324447631836,-0.037783242762088776,0.0038681833539158106,0.0,3.4800000190734863,0.9393194913864136,0.999999463558197,0.9558349251747131,0.9654433727264404,1.0,1.0,0.0,1.736286997795105,-0.037783242762088776,-0.03449029475450516,0.22163057327270508,0.0,0.9393194913864136,3.4800000190734863,0.0,0.8512864112854004,0.9393194913864136,331.0,1.6511523723602295,3.2420122623443604,PASS,2.0,0.0
331,28.05042266845703,-0.04697862267494202,0.01255611889064312,0.0,3.4800000190734863,0.9445951581001282,0.999999463558197,0.9594414830207825,0.9690526723861694,1.0,1.0,1.0,2.643544912338257,-0.04697862267494202,-0.03628920763731003,0.719412624835968,0.0,0.9445951581001282,3.4800000190734863,0.0,0.8512864112854004,0.9445951581001282,332.0,1.7012213468551636,3.237887382507324,PASS,2.0,0.0
332,27.822017669677734,-0.057291001081466675,0.01616048254072666,0.0,3.4800000190734863,0.9447052478790283,0.999999463558197,0.9463485479354858,0.9965276122093201,1.0,1.0,1.0,0.7766839861869812,-0.057291001081466675,-0.0435326024889946,0.925927460193634,0.0,0.9447052478790283,3.4800000190734863,0.0,0.8512864112854004,0.9447052478790283,333.0,1.6250356435775757,3.237887382507324,PASS,2.0,0.0
333,31.31103515625,-0.05959954112768173,0.013871987350285053,0.0,3.4800000190734863,0.9281755685806274,0.999999463558197,0.9356570839881897,0.9840084910392761,1.0,1.0,1.0,0.7389039993286133,-0.05959954112768173,-0.04778974875807762,0.7948063015937805,0.0,0.9281755685806274,3.4800000190734863,0.0,0.8512864112854004,0.9281755685806274,334.0,1.5821993350982666,3.241717576980591,PASS,2.0,0.0
334,33.02884101867676,-0.05802974849939346,0.015923555940389633,0.0,3.4800000190734863,0.8967500329017639,0.999999463558197,0.9195671677589417,0.9503747224807739,1.0,1.0,1.0,0.7273820042610168,-0.05802974849939346,-0.04447309672832489,0.9123525619506836,0.0,0.8967500329017639,3.4800000190734863,0.0,0.8512864112854004,0.8967500329017639,335.0,1.5134508609771729,3.004183769226074,PASS,2.0,0.0
335,34.435272216796875,-0.051043860614299774,0.020450813695788383,0.0,3.4800000190734863,0.9053235054016113,0.999999463558197,0.9252139329910278,0.9570041298866272,1.0,1.0,1.0,0.7415879964828491,-0.051043860614299774,-0.033631931990385056,1.1717453002929688,0.0,0.9053235054016113,3.4800000190734863,0.0,0.8512864112854004,0.9053235054016113,336.0,1.3862842321395874,3.1162045001983643,PASS,2.0,0.0
336,35.64620018005371,-0.05396062135696411,0.01346739660948515,0.0,3.4800000190734863,0.8943612575531006,0.999999463558197,0.9020757079124451,0.9828966856002808,1.0,1.0,1.0,0.7759630084037781,-0.05396062135696411,-0.04249531775712967,0.7716249823570251,0.0,0.8943612575531006,3.4800000190734863,0.0,0.8512864112854004,0.8943612575531006,337.0,1.310856580734253,3.059706926345825,PASS,2.0,0.0
337,34.77787971496582,-0.050464898347854614,0.015628084540367126,0.0,3.4800000190734863,0.8937799334526062,0.9999994039535522,0.8948255777359009,0.9976634979248047,1.0,1.0,1.0,0.7610849738121033,-0.050464898347854614,-0.037159837782382965,0.8954232931137085,0.0,0.8937799334526062,3.4800000190734863,0.0,0.8512864112854004,0.8937799334526062,338.0,1.3451428413391113,3.0030694007873535,PASS,2.0,0.0
338,34.584999084472656,-0.04779723286628723,0.018625743687152863,0.0,3.4800000190734863,0.8615566492080688,0.9999994039535522,0.8823575377464294,0.9528520107269287,1.0,1.0,1.0,0.7412179708480835,-0.04779723286628723,-0.0319395549595356,1.0671764612197876,0.0,0.8615566492080688,3.4800000190734863,0.0,0.8512864112854004,0.8615566492080688,339.0,1.234228491783142,2.789761781692505,PASS,2.0,0.0
339,34.30747985839844,-0.046305395662784576,0.018171504139900208,0.0,3.4800000190734863,0.8585383892059326,0.9999994039535522,0.8817365765571594,0.9473812580108643,1.0,1.0,1.0,0.7378219962120056,-0.046305395662784576,-0.030834538862109184,1.041150450706482,0.0,0.8585383892059326,3.4800000190734863,0.0,0.8512864112854004,0.8585383892059326,340.0,1.1658638715744019,2.840670347213745,PASS,2.0,0.0
340,38.55395317077637,-0.0479440838098526,0.015919312834739685,0.0,3.4800000190734863,0.8610718846321106,0.9999994039535522,0.865297257900238,0.9902342557907104,1.0,1.0,1.0,0.7347360253334045,-0.0479440838098526,-0.034391045570373535,0.9121094346046448,0.0,0.8610718846321106,3.4800000190734863,0.0,0.8512864112854004,0.8610718846321106,341.0,1.102659821510315,2.5995829105377197,PASS,2.0,0.0
341,38.706064224243164,-0.04719594493508339,0.013730251230299473,0.0,3.4800000190734863,0.8232920169830322,0.9999994039535522,0.8462924361228943,0.9456447958946228,1.0,1.0,1.0,0.7462379932403564,-0.04719594493508339,-0.03550683334469795,0.7866854667663574,0.0,0.8232920169830322,3.4800000190734863,0.0,0.8512864112854004,0.8232920169830322,342.0,1.0414302349090576,2.5995829105377197,PASS,2.0,0.0
342,39.324045181274414,-0.029429692775011063,0.012195974588394165,0.0,3.4800000190734863,0.8277549743652344,0.9999994039535522,0.8319346308708191,0.9899526238441467,1.0,1.0,1.0,0.7498239874839783,-0.029429692775011063,-0.019046910107135773,0.6987778544425964,0.0,0.8277549743652344,3.4800000190734863,0.0,0.8512864112854004,0.8277549743652344,343.0,-1.0,2.6458706855773926,PASS,2.0,0.0
343,40.489912033081055,-0.047518081963062286,0.015328614972531796,0.0,3.4800000190734863,0.7929078936576843,0.9999994039535522,0.8138275742530823,0.948590099811554,1.0,1.0,1.0,0.7222930192947388,-0.047518081963062286,-0.034468017518520355,0.8782649636268616,0.0,0.7929078936576843,3.4800000190734863,0.0,0.8512864112854004,0.7929078936576843,344.0,-1.0,2.4280991554260254,PASS,2.0,0.0
344,42.413949966430664,-0.044642429798841476,0.019396869465708733,0.0,3.4800000190734863,0.7938337326049805,0.9999994039535522,0.8155496120452881,0.9467461109161377,1.0,1.0,1.0,0.764290988445282,-0.044642429798841476,-0.028128067031502724,1.1113587617874146,0.0,0.7938337326049805,3.4800000190734863,0.0,0.8512864112854004,0.7938337326049805,345.0,-1.0,2.469937801361084,PASS,2.0,0.0
345,43.573856353759766,-0.04571743682026863,0.016682319343090057,0.0,3.4800000190734863,0.7476571202278137,0.9999993443489075,0.773995041847229,0.9319435358047485,1.0,1.0,0.0,1.7438520193099976,-0.04571743682026863,-0.031514689326286316,0.955826461315155,0.0,0.7476571202278137,3.4800000190734863,0.0,0.8512864112854004,0.7476571202278137,346.0,-1.0,2.2700653076171875,PASS,2.0,0.0
346,43.05696487426758,-0.04134511202573776,0.021715762093663216,0.0,3.4800000190734863,0.7498463988304138,0.9999993443489075,0.7729278802871704,0.9402758479118347,1.0,1.0,1.0,0.7509459853172302,-0.04134511202573776,-0.02285587228834629,1.244221568107605,0.0,0.7498463988304138,3.4800000190734863,0.0,0.8512864112854004,0.7498463988304138,347.0,-1.0,2.2700653076171875,PASS,2.0,0.0
347,41.34058952331543,-0.03498609736561775,0.011075647547841072,0.0,3.4800000190734863,0.74770188331604,0.9999993443489075,0.7533923387527466,0.9848944544792175,1.0,1.0,1.0,0.7965009808540344,-0.03498609736561775,-0.02555716410279274,0.6345878839492798,0.0,0.74770188331604,3.4800000190734863,0.0,0.8512864112854004,0.74770188331604,348.0,-1.0,2.3038430213928223,PASS,2.0,0.0
348,44.29912567138672,-0.04283899441361427,0.017446666955947876,0.0,3.4800000190734863,0.7183457016944885,0.9999992847442627,0.7382001280784607,0.9462093114852905,1.0,1.0,1.0,0.7441030144691467,-0.04283899441361427,-0.027985377237200737,0.9996203780174255,0.0,0.7183457016944885,3.4800000190734863,0.0,0.8512864112854004,0.7183457016944885,349.0,-1.0,2.1228854656219482,PASS,2.0,0.0
349,45.57609558105469,-0.04420587047934532,0.020531706511974335,0.0,3.4800000190734863,0.7192339897155762,0.9999992847442627,0.7387027144432068,0.9472901821136475,1.0,1.0,1.0,0.7197179794311523,-0.04420587047934532,-0.026725051924586296,1.1763801574707031,0.0,0.7192339897155762,3.4800000190734863,0.0,0.8512864112854004,0.7192339897155762,350.0,-1.0,2.1578266620635986,PASS,2.0,0.0
350,25.582551956176758,-0.05010868236422539,0.016496160998940468,0.0,3.4800000190734863,0.6786287426948547,0.9999992847442627,0.7015712261199951,0.9345976114273071,1.0,1.0,1.0,0.7455360293388367,-0.05010868236422539,-0.036064449697732925,0.9451603889465332,0.0,0.6786287426948547,3.4800000190734863,0.0,0.8512864112854004,0.6786287426948547,351.0,-1.0,1.9919486045837402,PASS,2.0,0.0
351,27.72831916809082,-0.05315570905804634,0.014290849678218365,0.0,3.4800000190734863,0.6788475513458252,0.9999992847442627,0.7033807039260864,0.9302428364753723,1.0,1.0,1.0,0.7490329742431641,-0.05315570905804634,-0.04098927602171898,0.8188053965568542,0.0,0.6788475513458252,3.4800000190734863,0.0,0.8512864112854004,0.6788475513458252,352.0,-1.0,1.8704962730407715,PASS,2.0,0.0
352,25.341033935546875,-0.040912799537181854,0.009376664645969868,0.0,3.4800000190734863,0.6396622061729431,0.9999992251396179,0.6614855527877808,0.9340178370475769,1.0,1.0,1.0,0.7697309851646423,-0.040912799537181854,-0.03293033689260483,0.5372433066368103,0.0,0.6396622061729431,3.4800000190734863,0.0,0.8512864112854004,0.6396622061729431,353.0,-1.0,1.8680758476257324,PASS,2.0,0.0
353,24.837493896484375,-0.043589603155851364,0.007725111208856106,0.0,3.4800000190734863,0.6400779485702515,0.9999992251396179,0.647450864315033,0.9772255420684814,1.0,1.0,1.0,0.7228040099143982,-0.043589603155851364,-0.03701319172978401,0.4426162540912628,0.0,0.6400779485702515,3.4800000190734863,0.0,0.8512864112854004,0.6400779485702515,354.0,-1.0,1.7559008598327637,PASS,2.0,0.0
354,25.580644607543945,-0.04354987293481827,0.010708683170378208,0.0,3.4800000190734863,0.6079533100128174,0.9999992251396179,0.6310786604881287,0.9267124533653259,1.0,1.0,1.0,0.7546629905700684,-0.04354987293481827,-0.03443336859345436,0.6135623455047607,0.0,0.6079533100128174,3.4800000190734863,0.0,0.8512864112854004,0.6079533100128174,355.0,-1.0,1.7839252948760986,PASS,2.0,0.0
355,24.8873233795166,-0.05325736477971077,0.020775722339749336,0.0,3.4800000190734863,0.5693305134773254,0.9999991655349731,0.5957802534103394,0.9112105369567871,1.0,1.0,1.0,0.7434430122375488,-0.05325736477971077,-0.0355687290430069,1.1903612613677979,0.0,0.5693305134773254,3.4800000190734863,0.0,0.8512864112854004,0.5693305134773254,356.0,-1.0,1.6528351306915283,PASS,2.0,0.0
356,28.21660041809082,-0.07517542690038681,0.031202908605337143,0.0,3.4800000190734863,0.568416178226471,0.9999991655349731,0.5950636863708496,0.9104389548301697,1.0,1.0,1.0,0.7508760094642639,-0.07517542690038681,-0.04860419034957886,1.7877949476242065,0.0,0.568416178226471,3.4800000190734863,0.0,0.8512864112854004,0.568416178226471,357.0,-1.0,1.5599026679992676,PASS,2.0,0.0
357,25.815486907958984,-0.05776311084628105,0.020232902839779854,0.0,3.4800000190734863,0.5356149077415466,0.9999991059303284,0.5624727606773376,0.904501736164093,1.0,1.0,1.0,0.7391740083694458,-0.05776311084628105,-0.04053676500916481,1.1592599153518677,0.0,0.5356149077415466,3.4800000190734863,0.0,0.8512864112854004,0.5356149077415466,358.0,-1.0,1.554671287536621,PASS,2.0,0.0
358,26.656150817871094,-0.050316281616687775,0.013064601458609104,0.0,3.4800000190734863,0.5128062963485718,0.9999991059303284,0.5505766272544861,0.8627980351448059,1.0,1.0,1.0,1.2036880254745483,-0.050316281616687775,-0.039193931967020035,0.7485465407371521,0.0,0.5128062963485718,3.4800000190734863,0.0,0.8512864112854004,0.5128062963485718,359.0,-1.0,1.4664859771728516,PASS,2.0,0.0
359,25.23946762084961,-0.03715159371495247,-0.006485514342784882,0.0,3.4800000190734863,0.48128941655158997,0.9999990463256836,0.5176452398300171,0.8595348596572876,1.0,1.0,1.0,0.7588009834289551,-0.03715159371495247,-0.04267270117998123,-0.37159261107444763,0.0,0.48128941655158997,3.4800000190734863,0.0,0.8512864112854004,0.48128941655158997,360.0,-1.0,1.386452555656433,PASS,2.0,0.0
360,26.09992027282715,-0.05571034923195839,0.0129539268091321,0.0,3.4800000190734863,0.4425775706768036,0.999998927116394,0.48007068037986755,0.8438027501106262,1.0,1.0,0.0,1.7388420104980469,-0.05571034923195839,-0.044682230800390244,0.7422053217887878,0.0,0.4425775706768036,3.4800000190734863,0.0,0.8512864112854004,0.4425775706768036,361.0,-1.0,1.3103671073913574,PASS,2.0,0.0
361,46.98634147644043,-0.045331671833992004,-0.005519927479326725,0.0,3.4800000190734863,0.43966543674468994,0.999998927116394,0.46153002977371216,0.9052526950836182,1.0,1.0,1.0,0.7474799752235413,-0.045331671833992004,-0.05003076046705246,-0.31626853346824646,0.0,0.43966543674468994,3.4800000190734863,0.0,0.8512864112854004,0.43966543674468994,362.0,-1.0,1.310204029083252,PASS,2.0,0.0
362,26.90410614013672,-0.06386099010705948,0.00671722088009119,0.0,3.4800000190734863,0.38930219411849976,0.9999988079071045,0.4171115458011627,0.8666586875915527,1.0,1.0,1.0,0.7985339760780334,-0.06386099010705948,-0.05814262479543686,0.38486841320991516,0.0,0.38930219411849976,3.4800000190734863,0.0,0.8512864112854004,0.38930219411849976,363.0,-1.0,1.2334381341934204,PASS,2.0,0.0
363,25.247812271118164,-0.07300689816474915,0.01955297589302063,0.0,3.4800000190734863,0.3493810296058655,0.9999986886978149,0.38296034932136536,0.8246340751647949,1.0,1.0,1.0,0.7273319959640503,-0.07300689816474915,-0.05635959282517433,1.1203030347824097,0.0,0.3493810296058655,3.4800000190734863,0.0,0.8512864112854004,0.3493810296058655,364.0,-1.0,1.1658638715744019,PASS,2.0,0.0
364,26.170730590820312,-0.06968127191066742,0.008726646192371845,0.0,3.4800000190734863,0.3318766951560974,0.9999986290931702,0.363494873046875,0.8260337114334106,1.0,1.0,1.0,0.3996630012989044,-0.06968127191066742,-0.06225220859050751,0.5,0.0,0.3318766951560974,3.4800000190734863,0.0,0.8512864112854004,0.3318766951560974,365.0,-1.0,1.0447579622268677,PASS,2.0,0.0
365,25.385141372680664,-0.07128651440143585,0.007484669331461191,0.0,3.4800000190734863,0.2964683175086975,0.9999984502792358,0.32521194219589233,0.8232328295707703,1.0,1.0,1.0,0.40998199582099915,-0.07128651440143585,-0.06491480022668839,0.42883995175361633,0.0,0.2964683175086975,3.4800000190734863,0.0,0.8512864112854004,0.2964683175086975,366.0,-1.0,1.0554653406143188,PASS,2.0,0.0
366,24.991750717163086,-0.08010875433683395,0.01745329238474369,0.0,3.4800000190734863,0.24667933583259583,0.9999982118606567,0.28719833493232727,0.7178340554237366,1.0,1.0,1.0,0.40666601061820984,-0.08010875433683395,-0.0652494952082634,1.0,0.0,0.24667933583259583,3.4800000190734863,0.0,0.8512864112854004,0.24667933583259583,367.0,-1.0,0.9365878701210022,PASS,2.0,0.0
367,25.47740936279297,-0.09520293027162552,0.01594635471701622,0.0,3.4800000190734863,0.22422970831394196,0.9999979734420776,0.2493797391653061,0.798301100730896,1.0,1.0,1.0,0.4050830006599426,-0.09520293027162552,-0.08162686228752136,0.9136587977409363,0.0,0.22422970831394196,3.4800000190734863,0.0,0.8512864112854004,0.22422970831394196,368.0,-1.0,0.8352265954017639,PASS,2.0,0.0
368,29.363155364990234,-0.08293347805738449,0.008726646192371845,0.0,3.4800000190734863,0.18210414052009583,0.9999976754188538,0.21544042229652405,0.6905308961868286,1.0,1.0,1.0,0.3870899975299835,-0.08293347805738449,-0.07550441473722458,0.5,0.0,0.18210414052009583,3.4800000190734863,0.0,0.8512864112854004,0.18210414052009583,369.0,-1.0,0.7437713742256165,PASS,2.0,0.0
369,25.352954864501953,-0.07237160205841064,0.0,0.0,3.4800000190734863,0.13491976261138916,0.9999970197677612,0.17175477743148804,0.5710766911506653,1.0,1.0,1.0,0.38901299238204956,-0.07237160205841064,-0.07237160205841064,0.0,0.0,0.0,3.4800000190734863,8.0,0.8512864112854004,0.13491976261138916,370.0,-1.0,0.669114887714386,PASS,2.0,0.0
370,24.10149574279785,-0.04410282522439957,-0.008726646192371845,0.0,3.4800000190734863,0.04613140597939491,0.9999945163726807,0.09226306527853012,0.0,1.0,0.0,1.0,0.40345999598503113,-0.04410282522439957,-0.05153188854455948,-0.5,0.0,0.0,3.4800000190734863,24.0,0.8512864112854004,0.04613140597939491,371.0,-1.0,0.574500322341919,PASS,2.0,0.0
371,25.298118591308594,-0.09415200352668762,-0.01745329238474369,0.0,3.180000066757202,0.0,0.0,0.0,0.0,0.0,0.0,1.0,0.40030500292778015,-0.09415200352668762,-0.10901126265525818,-1.0,0.0,0.0,3.180000066757202,9.0,0.8512864112854004,0.0,372.0,-1.0,0.550000011920929,CW_SLOW,1.0,0.0
372,25.07185935974121,-0.08630599826574326,-0.02617993950843811,0.0,3.180000066757202,0.0,0.0,0.0,0.0,0.0,0.0,1.0,0.39605700969696045,-0.08630599826574326,-0.10859771817922592,-1.5,0.0,0.0,3.180000066757202,9.0,0.8512864112854004,0.0,373.0,-1.0,0.550000011920929,CW_SLOW,1.0,0.0
373,28.456926345825195,-0.07061400264501572,-0.03490658476948738,0.0,3.180000066757202,0.0,0.0,0.0,0.0,0.0,0.0,1.0,0.3844049870967865,-0.07061400264501572,-0.10034158080816269,-2.0,0.0,0.0,3.180000066757202,9.0,0.8512864112854004,0.0,374.0,-1.0,0.550000011920929,CW_SLOW,1.0,0.0
374,28.749704360961914,0.0745370015501976,-0.04363323003053665,0.0,3.180000066757202,0.0,0.0,0.0,0.0,0.0,0.0,1.0,0.3993220031261444,0.0745370015501976,0.03736903518438339,-2.5,0.0,0.0,3.180000066757202,9.0,0.8512864112854004,0.0,375.0,-1.0,0.550000011920929,CW_SLOW,1.0,0.0
375,30.98130226135254,-0.06276799738407135,-0.05235987901687622,0.0,3.180000066757202,0.0,0.0,0.0,0.0,0.0,0.0,1.0,0.388482004404068,-0.06276799738407135,-0.10738202929496765,-3.0,0.0,0.0,3.180000066757202,9.0,0.8512864112854004,0.0,376.0,-1.0,0.550000011920929,CW_SLOW,1.0,0.0
376,35.413265228271484,-0.06276799738407135,-0.06108652427792549,0.0,3.180000066757202,0.0,0.0,0.0,0.0,0.0,0.0,1.0,0.39350199699401855,-0.06276799738407135,-0.11483490467071533,-3.5,0.0,0.0,3.180000066757202,9.0,0.8512864112854004,0.0,377.0,-1.0,0.550000011920929,CW_SLOW,1.0,0.0
377,37.22572326660156,-0.06276799738407135,-0.06981316953897476,0.0,3.180000066757202,0.0,0.0,0.0,0.0,0.0,0.0,1.0,0.38300201296806335,-0.06276799738407135,-0.12229573726654053,-4.0,0.0,0.0,3.180000066757202,9.0,0.8512864112854004,0.0,378.0,-1.0,0.550000011920929,CW_SLOW,1.0,0.0
378,39.318084716796875,0.08238299936056137,-0.07853981852531433,0.0,3.180000066757202,0.0,0.0,0.0,0.0,0.0,0.0,1.0,0.38148000836372375,0.08238299936056137,0.01538530457764864,-4.5,0.0,0.0,3.180000066757202,9.0,0.8512864112854004,0.0,379.0,-1.0,0.550000011920929,CW_SLOW,1.0,0.0
379,43.31493377685547,-0.05492199957370758,-0.0872664600610733,0.0,3.180000066757202,0.0,0.0,0.0,0.0,0.0,0.0,1.0,0.3964180052280426,-0.05492199957370758,-0.12939991056919098,-5.0,0.0,0.0,3.180000066757202,9.0,0.8512864112854004,0.0,380.0,-1.0,0.550000011920929,CW_SLOW,1.0,0.0
380,44.91734504699707,0.08198124915361404,-0.07853981852531433,0.0,3.7799999713897705,0.0036914313677698374,0.9999313354492188,0.00738311605527997,0.0,1.0,0.0,1.0,0.38946399092674255,0.08198124915361404,0.014983554370701313,-4.5,0.0,0.0,3.7799999713897705,24.0,0.8512864112854004,0.0036914313677698374,381.0,-1.0,0.550000011920929,CW_SLOW,1.0,0.0
381,46.84090614318848,0.1342037320137024,-0.0872664600610733,0.0,3.180000066757202,0.00943642295897007,0.9999731183052063,0.018873099237680435,0.0,0.0,1.0,1.0,0.40435200929641724,0.1342037320137024,0.05972582474350929,-5.0,0.0,0.0,3.180000066757202,24.0,0.8512864112854004,0.00943642295897007,382.0,-1.0,1.7795777320861816,CW_SLOW,1.0,0.0
382,31.427383422851562,0.17594455182552338,-0.07853981852531433,0.0,3.4800000190734863,0.008683901280164719,0.9999703168869019,0.01707485504448414,0.017171764746308327,0.0,1.0,1.0,0.41550201177597046,0.17594455182552338,0.10894685983657837,-4.5,0.0,0.0,3.4800000190734863,24.0,0.8512864112854004,0.008683901280164719,383.0,-1.0,1.6748994588851929,CW_SLOW,1.0,0.0
383,26.142120361328125,0.1975230872631073,-0.06981316953897476,0.0,3.4800000190734863,0.0408812053501606,0.9999885559082031,0.044361941516399384,0.8430860042572021,1.0,1.0,1.0,0.4099220037460327,0.1975230872631073,0.13799534738063812,-4.0,0.0,0.0,3.4800000190734863,8.0,0.8512864112854004,0.0408812053501606,384.0,-1.0,1.5786635875701904,CW_SLOW,1.0,0.0
384,25.846481323242188,0.2209630012512207,-0.07853981852531433,0.0,3.4800000190734863,0.034386422485113144,0.9999889135360718,0.04579698666930199,0.5016976594924927,1.0,1.0,1.0,0.3974989950656891,0.2209630012512207,0.1539653092622757,-4.5,0.0,0.0,3.4800000190734863,8.0,0.8512864112854004,0.034386422485113144,385.0,-1.0,1.4727588891983032,CW_SLOW,1.0,0.0
385,26.600122451782227,0.333331435918808,-0.07417649775743484,0.0,3.180000066757202,0.006177207920700312,0.9999589920043945,0.012354669161140919,0.0,1.0,0.0,1.0,0.39126700162887573,0.333331435918808,0.2700699269771576,-4.250000476837158,0.0,0.0,3.180000066757202,24.0,0.8512864112854004,0.006177207920700312,386.0,-1.0,1.388474941253662,CW_SLOW,1.0,0.0
386,26.02839469909668,0.48252901434898376,-0.07948863506317139,0.0,3.180000066757202,0.10454025864601135,0.9999974370002747,0.1990235298871994,0.050532955676317215,0.0,1.0,1.0,0.4093810021877289,0.48252901434898376,0.41471853852272034,-4.554363250732422,0.0,0.0,3.180000066757202,24.0,0.8512864112854004,0.10454025864601135,387.0,-1.0,1.4017874002456665,CW_SLOW,1.0,0.0
387,25.48050880432129,0.49951961636543274,-0.0872664600610733,0.0,3.180000066757202,0.09846044331789017,0.9999972581863403,0.18388868868350983,0.07087153196334839,0.0,1.0,1.0,0.4078289866447449,0.49951961636543274,0.42504170536994934,-5.0,0.0,0.0,3.180000066757202,24.0,0.8512864112854004,0.09846044331789017,388.0,5.017767906188965,1.3186874389648438,CW_SLOW,1.0,0.0
388,28.05948257446289,0.4978950023651123,-0.09599310904741287,0.0,3.180000066757202,0.0924186035990715,0.9999969601631165,0.16827517747879028,0.09842389822006226,0.0,1.0,1.0,0.3950049877166748,0.4978950023651123,0.41592544317245483,-5.5,0.0,0.0,3.180000066757202,24.0,0.8512864112854004,0.0924186035990715,389.0,5.017354488372803,1.2354933023452759,CW_SLOW,1.0,0.0
389,26.990652084350586,0.500188410282135,-0.10471975803375244,0.0,3.180000066757202,0.09268307685852051,0.9999967217445374,0.15551039576530457,0.1919875591993332,0.0,1.0,1.0,0.4083290100097656,0.500188410282135,0.41071459650993347,-6.0,0.0,0.0,3.180000066757202,24.0,0.8512864112854004,0.09268307685852051,390.0,5.272075653076172,1.172458529472351,CW_SLOW,1.0,0.0
390,25.312423706054688,0.5031143426895142,-0.11344639956951141,0.0,3.180000066757202,0.09127942472696304,0.9999964237213135,0.14282627403736115,0.27819040417671204,1.0,1.0,1.0,0.41336798667907715,0.5031143426895142,0.40612250566482544,-6.5,0.0,0.0,3.180000066757202,8.0,0.8512864112854004,0.09127942472696304,391.0,5.143581867218018,1.107722282409668,CW_SLOW,1.0,0.0
391,26.218652725219727,0.506883978843689,-0.12217304855585098,0.0,3.180000066757202,0.10212922096252441,0.999996542930603,0.14590206742286682,0.3999719023704529,1.0,1.0,1.0,0.41087400913238525,0.506883978843689,0.40235915780067444,-7.0,0.0,0.0,3.180000066757202,8.0,0.8512864112854004,0.10212922096252441,392.0,5.142314910888672,0.9867969751358032,CW_SLOW,1.0,0.0
392,25.869131088256836,0.3766443729400635,-0.13089969754219055,0.0,3.4800000190734863,0.10571107268333435,0.9999959468841553,0.12593960762023926,0.6787614822387695,1.0,1.0,1.0,0.3918989896774292,0.3766443729400635,0.2645703852176666,-7.5,0.0,0.0,3.4800000190734863,8.0,0.8512864112854004,0.10571107268333435,393.0,4.570492267608643,0.8779200911521912,CW_SLOW,1.0,0.0
393,26.98540687561035,0.3242931067943573,-0.12217304855585098,0.0,3.4800000190734863,0.11946657299995422,0.9999963045120239,0.13744977116584778,0.7383337616920471,1.0,1.0,1.0,0.4033699929714203,0.3242931067943573,0.21976828575134277,-7.0,0.0,0.0,3.4800000190734863,8.0,0.8512864112854004,0.11946657299995422,394.0,4.564367294311523,0.7800646424293518,CW_SLOW,1.0,0.0
394,25.48527717590332,0.2730485498905182,-0.11344639956951141,0.0,3.4800000190734863,0.130625918507576,0.9999966621398926,0.1530231088399887,0.7072733044624329,1.0,1.0,1.0,0.398470014333725,0.2730485498905182,0.17605671286582947,-6.5,0.0,0.0,3.4800000190734863,8.0,0.8512864112854004,0.130625918507576,395.0,4.563601970672607,0.550000011920929,CW_SLOW,1.0,0.0
395,25.701522827148438,0.24739539623260498,-0.10471975803375244,0.0,3.4800000190734863,0.1533227264881134,0.999997079372406,0.17393973469734192,0.7629433274269104,1.0,1.0,1.0,0.39785900712013245,0.24739539623260498,0.15792158246040344,-6.0,0.0,0.1533227264881134,3.4800000190734863,0.0,0.8512864112854004,0.1533227264881134,396.0,4.56321907043457,0.5770010352134705,CW_SLOW,1.0,0.0
396,25.460481643676758,0.20728132128715515,-0.09599310904741287,0.0,3.4800000190734863,0.15751008689403534,0.9999971985816956,0.1821374148130417,0.7295766472816467,1.0,1.0,1.0,0.40327998995780945,0.20728132128715515,0.12531176209449768,-5.5,0.0,0.15751008689403534,3.4800000190734863,0.0,0.8512864112854004,0.15751008689403534,397.0,4.781515598297119,0.550000011920929,CW_SLOW,1.0,0.0
397,26.08776092529297,0.16414883732795715,-0.0872664600610733,0.0,3.4800000190734863,0.18546153604984283,0.9999974966049194,0.20097705721855164,0.8456014394760132,1.0,1.0,1.0,0.3906159996986389,0.16414883732795715,0.08967093378305435,-5.0,0.0,0.18546153604984283,3.4800000190734863,0.0,0.8512864112854004,0.18546153604984283,398.0,4.6763458251953125,0.550000011920929,CW_SLOW,1.0,0.0
398,29.245853424072266,0.138785257935524,-0.07853981852531433,0.0,3.4800000190734863,0.1891636848449707,0.9999975562095642,0.2089826464653015,0.8103313446044922,1.0,1.0,1.0,0.3894039988517761,0.138785257935524,0.07178756594657898,-4.5,0.0,0.1891636848449707,3.4800000190734863,0.0,0.8512864112854004,0.1891636848449707,399.0,4.5647501945495605,0.550000011920929,CW_SLOW,1.0,0.0
399,25.260210037231445,0.10329073667526245,-0.06981316953897476,0.0,3.4800000190734863,0.21624921262264252,0.9999978542327881,0.23829124867916107,0.8150011897087097,1.0,1.0,1.0,0.41996100544929504,0.10329073667526245,0.043762993067502975,-4.0,0.0,0.21624921262264252,3.4800000190734863,0.0,0.8512864112854004,0.21624921262264252,400.0,4.173389911651611,0.550000011920929,CW_SLOW,1.0,0.0
400,25.88653564453125,0.07274285703897476,-0.06108652427792549,0.0,3.4800000190734863,0.21837836503982544,0.9999979138374329,0.2425861656665802,0.800420880317688,1.0,1.0,1.0,0.4607659876346588,0.07274285703897476,0.02067594975233078,-3.5,0.0,0.21837836503982544,3.4800000190734863,0.0,0.8512864112854004,0.21837836503982544,401.0,4.173033714294434,0.550000011920929,CW_SLOW,1.0,0.0
401,25.89869499206543,0.03668852150440216,-0.05235987901687622,0.0,3.4800000190734863,0.2565673589706421,0.999998152256012,0.2743910253047943,0.8700873851776123,1.0,1.0,1.0,0.40452200174331665,0.03668852150440216,-0.007925509475171566,-3.0,0.0,0.2565673589706421,3.4800000190734863,0.0,0.8512864112854004,0.2565673589706421,402.0,4.172677516937256,0.550000011920929,CW_SLOW,1.0,0.0
402,26.17478370666504,0.0025513526052236557,-0.04363323003053665,0.0,3.4800000190734863,0.2641039490699768,0.9999982714653015,0.28890347480773926,0.8283212780952454,1.0,1.0,1.0,0.4949699938297272,0.0025513526052236557,-0.034616611897945404,-2.5,0.0,0.2641039490699768,3.4800000190734863,0.0,0.8512864112854004,0.2641039490699768,403.0,4.360577583312988,0.550000011920929,CW_SLOW,1.0,0.0
403,25.77805519104004,-0.04528051242232323,-0.03490658476948738,0.0,3.4800000190734863,0.2972417175769806,0.9999984502792358,0.3213363289833069,0.8500362634658813,1.0,1.0,1.0,0.41577398777008057,-0.04528051242232323,-0.0750080868601799,-2.0,0.0,0.2972417175769806,3.4800000190734863,0.0,0.8512864112854004,0.2972417175769806,404.0,4.265153884887695,0.550000011920929,CW_SLOW,1.0,0.0
404,25.80714225769043,-0.033287182450294495,-0.02617993950843811,0.0,3.4800000190734863,0.28866061568260193,0.9999983310699463,0.2985309958457947,0.933875322341919,1.0,1.0,1.0,0.4034700095653534,-0.033287182450294495,-0.05557890236377716,-1.5,0.0,0.28866061568260193,3.4800000190734863,0.0,0.8512864112854004,0.28866061568260193,405.0,3.833043336868286,0.550000011920929,CW_SLOW,1.0,0.0
405,26.418447494506836,-0.06889457255601883,-0.01745329238474369,0.0,3.4800000190734863,0.28327032923698425,0.9999983310699463,0.30496248602867126,0.8577403426170349,1.0,1.0,1.0,0.4530229866504669,-0.06889457255601883,-0.08375383168458939,-1.0,0.0,0.28327032923698425,3.4800000190734863,0.0,0.8512864112854004,0.28327032923698425,406.0,3.99700665473938,0.550000011920929,CW_SLOW,1.0,0.0
406,25.661468505859375,-0.10617522150278091,-0.008726646192371845,0.0,3.4800000190734863,0.3632265329360962,0.9999986290931702,0.3726109564304352,0.9496302008628845,1.0,1.0,1.0,0.3920789957046509,-0.10617522150278091,-0.11360428482294083,-0.5,0.0,0.3632265329360962,3.4800000190734863,0.0,0.8512864112854004,0.3632265329360962,407.0,3.99700665473938,0.550000011920929,CW_SLOW,1.0,0.0
407,27.611970901489258,-0.13569483160972595,-0.003834502073004842,0.0,3.4800000190734863,0.38733211159706116,0.9999987483024597,0.4005599617958069,0.9339544773101807,1.0,1.0,0.0,1.7458659410476685,-0.13569483160972595,-0.1389591097831726,-0.21970078349113464,0.0,0.38733211159706116,3.4800000190734863,0.0,0.8512864112854004,0.38733211159706116,408.0,3.91621470451355,0.550000011920929,CW_SLOW,1.0,0.0
408,24.69468116760254,-0.13263122737407684,0.0030391199979931116,0.0,3.4800000190734863,0.42206400632858276,0.9999988079071045,0.4304969608783722,0.9608234763145447,1.0,1.0,1.0,0.7401959896087646,-0.13263122737407684,-0.13004405796527863,0.17412875592708588,0.0,0.42206400632858276,3.4800000190734863,0.0,0.8512864112854004,0.42206400632858276,409.0,3.534090757369995,-1.0,CW_SLOW,1.0,0.0
409,25.751829147338867,-0.13074080646038055,-0.0012797188246622682,0.0,3.4800000190734863,0.4140114188194275,0.9999988079071045,0.4241423010826111,0.9522299766540527,1.0,1.0,1.0,0.7601230144500732,-0.13074080646038055,-0.13183021545410156,-0.07332248985767365,0.0,0.4140114188194275,3.4800000190734863,0.0,0.8512864112854004,0.4140114188194275,410.0,3.6094155311584473,-1.0,CW_SLOW,1.0,0.0
410,27.12559700012207,-0.12751707434654236,0.0016437137965112925,0.0,3.4800000190734863,0.47938716411590576,0.9999989867210388,0.48701000213623047,0.9686964154243469,1.0,1.0,1.0,0.7744799852371216,-0.12751707434654236,-0.1261177957057953,0.09417786449193954,0.0,0.47938716411590576,3.4800000190734863,0.0,0.8512864112854004,0.47938716411590576,411.0,3.6062405109405518,-1.0,CW_SLOW,1.0,0.0
411,26.56388282775879,-0.13042794167995453,0.0029050821904093027,0.0,3.4800000190734863,0.5102952718734741,0.9999989867210388,0.514004111289978,0.9855698943138123,1.0,1.0,1.0,0.9046220183372498,-0.13042794167995453,-0.1279548704624176,0.1664489507675171,0.0,0.5102952718734741,3.4800000190734863,0.0,0.8512864112854004,0.5102952718734741,412.0,3.2738330364227295,-1.0,CW_SLOW,1.0,0.0
412,27.072668075561523,-0.12826308608055115,0.0038012759760022163,0.0,3.4800000190734863,0.5318880677223206,0.9999990463256836,0.5369995832443237,0.9809635281562805,1.0,1.0,1.0,0.7961300015449524,-0.12826308608055115,-0.12502709031105042,0.21779707074165344,0.0,0.5318880677223206,3.4800000190734863,0.0,0.8512864112854004,0.5318880677223206,413.0,3.400728940963745,-1.0,CW_SLOW,1.0,0.0
413,27.04620361328125,-0.12325956672430038,-0.0037964254152029753,0.0,3.4800000190734863,0.49587979912757874,0.9999990463256836,0.5207023024559021,0.9046584367752075,1.0,1.0,1.0,0.756767988204956,-0.12325956672430038,-0.12649142742156982,-0.217519149184227,0.0,0.49587979912757874,3.4800000190734863,0.0,0.8512864112854004,0.49587979912757874,414.0,3.333817481994629,0.550000011920929,CW_SLOW,1.0,0.0
414,26.450395584106445,-0.12303722649812698,-0.00017864345863927156,0.0,3.4800000190734863,0.5324086546897888,0.9999991059303284,0.5594155788421631,0.9034466743469238,1.0,1.0,1.0,0.7689089775085449,-0.12303722649812698,-0.1231893002986908,-0.010235516354441643,0.0,0.5324086546897888,3.4800000190734863,0.0,0.8512864112854004,0.5324086546897888,415.0,3.033715009689331,0.550000011920929,CW_SLOW,1.0,0.0
415,27.4813175201416,-0.12324432283639908,0.002433173358440399,0.0,3.4800000190734863,0.6005891561508179,0.9999991655349731,0.6205853223800659,0.9355578422546387,1.0,1.0,1.0,0.752780020236969,-0.12324432283639908,-0.12117299437522888,0.1394105702638626,0.0,0.6005891561508179,3.4800000190734863,0.0,0.8512864112854004,0.6005891561508179,416.0,3.0334362983703613,-1.0,CW_SLOW,1.0,0.0
416,27.0535945892334,-0.1418014019727707,0.007129868026822805,0.0,3.4800000190734863,0.6728008389472961,0.9999992847442627,0.6821637153625488,0.9725501537322998,1.0,1.0,1.0,0.7483310103416443,-0.1418014019727707,-0.1357317417860031,0.40851134061813354,0.0,0.6728008389472961,3.4800000190734863,0.0,0.8512864112854004,0.6728008389472961,417.0,3.095294713973999,-1.0,CW_SLOW,1.0,0.0
417,27.05550193786621,-0.14379173517227173,0.005954868160188198,0.0,3.4800000190734863,0.6725178956985474,0.9999992847442627,0.6863058805465698,0.9598205089569092,1.0,1.0,1.0,1.0897070169448853,-0.14379173517227173,-0.13872237503528595,0.34118881821632385,0.0,0.6725178956985474,3.4800000190734863,0.0,0.8512864112854004,0.6725178956985474,418.0,2.821995496749878,-1.0,CW_SLOW,1.0,0.0
418,26.602745056152344,-0.12555649876594543,0.0026655136607587337,0.0,3.4800000190734863,0.709141194820404,0.9999992847442627,0.7169148325920105,0.9783143997192383,1.0,1.0,1.0,0.7610650062561035,-0.12555649876594543,-0.1232873797416687,0.15272268652915955,0.0,0.709141194820404,3.4800000190734863,0.0,0.8512864112854004,0.709141194820404,419.0,2.9249255657196045,-1.0,CW_SLOW,1.0,0.0
419,30.13324737548828,-0.12452337890863419,0.0027962487656623125,0.0,3.4800000190734863,0.7259485125541687,0.9999993443489075,0.7545488476753235,0.9241929650306702,1.0,1.0,1.0,0.7503049969673157,-0.12452337890863419,-0.1221429631114006,0.16021324694156647,0.0,0.7259485125541687,3.4800000190734863,0.0,0.8512864112854004,0.7259485125541687,420.0,2.8730580806732178,-1.0,CW_SLOW,1.0,0.0
420,27.40478515625,-0.12652474641799927,0.0023282149340957403,0.0,3.4800000190734863,0.8069730997085571,0.9999993443489075,0.8087486624717712,0.995609700679779,1.0,1.0,0.0,1.7835359573364258,-0.12652474641799927,-0.12454276531934738,0.13339689373970032,0.0,0.8069730997085571,3.4800000190734863,0.0,0.8512864112854004,0.8069730997085571,421.0,2.630988359451294,-1.0,CW_SLOW,1.0,0.0
421,26.370763778686523,-0.12599077820777893,0.004155287053436041,0.0,3.4800000190734863,0.8535658121109009,0.9999994039535522,0.8653222918510437,0.9728281497955322,1.0,1.0,1.0,0.7397950291633606,-0.12599077820777893,-0.12245342135429382,0.23808041214942932,0.0,0.8535658121109009,3.4800000190734863,0.0,0.8512864112854004,0.8535658121109009,422.0,2.7237112522125244,-1.0,CW_SLOW,1.0,0.0
422,25.6805419921875,-0.1242469847202301,0.0030651779379695654,0.0,3.4800000190734863,0.8917795419692993,0.999999463558197,0.9121456146240234,0.9553452730178833,1.0,1.0,1.0,0.7392640113830566,-0.1242469847202301,-0.12163763493299484,0.17562176287174225,0.0,0.8917795419692993,3.4800000190734863,0.0,0.8512864112854004,0.8917795419692993,423.0,2.4580347537994385,-1.0,CW_SLOW,1.0,0.0
423,26.927709579467773,-0.11829360574483871,0.00411752425134182,0.0,3.4800000190734863,0.9303337931632996,0.999999463558197,0.9456405639648438,0.9676271677017212,1.0,1.0,1.0,0.7732269763946533,-0.11829360574483871,-0.11478839069604874,0.23591676354408264,0.0,0.9303337931632996,3.4800000190734863,0.0,0.8512864112854004,0.9303337931632996,424.0,2.4573163986206055,-1.0,CW_SLOW,1.0,0.0
424,26.475906372070312,-0.13645313680171967,0.0064570424146950245,0.0,3.4800000190734863,0.9527736902236938,0.999999463558197,0.9676107168197632,0.9693331718444824,1.0,1.0,1.0,0.7132660150527954,-0.13645313680171967,-0.1309562623500824,0.36996129155158997,0.0,0.9527736902236938,3.4800000190734863,0.0,0.8512864112854004,0.9527736902236938,425.0,2.4609086513519287,-1.0,CW_SLOW,1.0,0.0
425,26.293516159057617,-0.13829177618026733,0.008627880364656448,0.0,3.4800000190734863,0.9449449777603149,0.999999463558197,0.9641606211662292,0.9601407051086426,1.0,1.0,1.0,0.760824978351593,-0.13829177618026733,-0.1309468001127243,0.4943411350250244,0.0,0.9449449777603149,3.4800000190734863,0.0,0.8512864112854004,0.9449449777603149,426.0,2.299806594848633,-1.0,CW_SLOW,1.0,0.0
426,25.803804397583008,-0.1290895640850067,0.011686778627336025,0.0,3.4800000190734863,0.9121424555778503,0.999999463558197,0.9227064847946167,0.9771026372909546,1.0,1.0,1.0,0.734125018119812,-0.1290895640850067,-0.11914031207561493,0.6696031093597412,0.0,0.9121424555778503,3.4800000190734863,0.0,0.8512864112854004,0.9121424555778503,427.0,2.157924175262451,-1.0,CW_SLOW,1.0,0.0
427,30.564069747924805,-0.12928709387779236,0.01017047744244337,0.0,3.4800000190734863,0.9236169457435608,0.999999463558197,0.937882125377655,0.9695805907249451,1.0,1.0,1.0,0.7848989963531494,-0.12928709387779236,-0.12062880396842957,0.5827254056930542,0.0,0.9236169457435608,3.4800000190734863,0.0,0.8512864112854004,0.9236169457435608,428.0,2.2273194789886475,-1.0,CW_SLOW,1.0,0.0
428,26.634931564331055,-0.13081051409244537,0.010052535682916641,0.0,3.4800000190734863,0.9275500774383545,0.999999463558197,0.9482518434524536,0.956337571144104,1.0,1.0,1.0,0.7344059944152832,-0.13081051409244537,-0.12225263565778732,0.5759678483009338,0.0,0.9275500774383545,3.4800000190734863,0.0,0.8512864112854004,0.9275500774383545,429.0,2.0259690284729004,-1.0,CW_SLOW,1.0,0.0
429,28.05304527282715,-0.12457428872585297,0.010541663505136967,0.0,3.4800000190734863,0.9000962376594543,0.999999463558197,0.9291924834251404,0.9373735785484314,1.0,1.0,1.0,0.7344260215759277,-0.12457428872585297,-0.11559998244047165,0.6039928197860718,0.0,0.9000962376594543,3.4800000190734863,0.0,0.8512864112854004,0.9000962376594543,430.0,2.088639259338379,-1.0,CW_SLOW,1.0,0.0
430,25.307655334472656,-0.14152474701404572,0.009814850986003876,0.0,3.4800000190734863,0.9782564640045166,0.999999463558197,0.9924925565719604,0.971312940120697,1.0,1.0,1.0,0.7339450120925903,-0.14152474701404572,-0.1331692337989807,0.5623495578765869,0.0,0.9782564640045166,3.4800000190734863,0.0,0.8512864112854004,0.9782564640045166,431.0,1.9092280864715576,-1.0,CW_SLOW,1.0,0.0
431,25.61044692993164,-0.1633552759885788,0.013364051468670368,0.0,3.4800000190734863,0.9800921082496643,0.999999463558197,0.9949896335601807,0.9700555205345154,1.0,1.0,1.0,0.7430419921875,-0.1633552759885788,-0.15197795629501343,0.7657037377357483,0.0,0.9800921082496643,3.4800000190734863,0.0,0.8512864112854004,0.9800921082496643,432.0,1.965605616569519,-1.0,CW_SLOW,1.0,0.0
432,26.340484619140625,-0.14552763104438782,0.013809074647724628,0.0,3.4800000190734863,0.9629591107368469,0.999999463558197,0.9792944192886353,0.9666391611099243,1.0,1.0,1.0,0.7462779879570007,-0.14552763104438782,-0.1337714046239853,0.7912017107009888,0.0,0.9629591107368469,3.4800000190734863,0.0,0.8512864112854004,0.9629591107368469,433.0,-1.0,-1.0,CW_SLOW,1.0,0.0
433,28.777360916137695,-0.13719403743743896,0.014511778950691223,0.0,3.4800000190734863,0.9491033554077148,0.999999463558197,0.9659416675567627,0.9651364684104919,1.0,1.0,1.0,0.7443339824676514,-0.13719403743743896,-0.12483949214220047,0.8314636945724487,0.0,0.9491033554077148,3.4800000190734863,0.0,0.8512864112854004,0.9491033554077148,434.0,-1.0,-1.0,CW_SLOW,1.0,0.0
434,30.512571334838867,-0.13815978169441223,0.01511613093316555,0.0,3.4800000190734863,0.9659091830253601,0.999999463558197,0.9844328165054321,0.9623674750328064,1.0,1.0,1.0,0.7535319924354553,-0.13815978169441223,-0.125290647149086,0.8660904765129089,0.0,0.9659091830253601,3.4800000190734863,0.0,0.8512864112854004,0.9659091830253601,435.0,-1.0,-1.0,CW_SLOW,1.0,0.0
435,32.20415115356445,-0.13911598920822144,0.017121952027082443,0.0,3.4800000190734863,0.9728785157203674,0.999999463558197,0.9906944632530212,0.9640339612960815,1.0,1.0,0.0,1.7624069452285767,-0.13911598920822144,-0.12453887611627579,0.9810155630111694,0.0,0.9728785157203674,3.4800000190734863,0.0,0.8512864112854004,0.9728785157203674,436.0,-1.0,-1.0,CW_SLOW,1.0,0.0
436,34.2411994934082,-0.13809600472450256,0.015537803061306477,0.0,3.4800000190734863,0.9697194695472717,0.999999463558197,0.987269937992096,0.9644469618797302,1.0,1.0,1.0,0.7256190180778503,-0.13809600472450256,-0.12486781924962997,0.890250563621521,0.0,0.9697194695472717,3.4800000190734863,0.0,0.8512864112854004,0.9697194695472717,437.0,-1.0,-1.0,CW_SLOW,1.0,0.0
437,35.43353080749512,-0.13418523967266083,0.014972897246479988,0.0,3.4800000190734863,0.9644775986671448,0.999999463558197,0.9756740927696228,0.9770492911338806,1.0,1.0,1.0,0.7290859818458557,-0.13418523967266083,-0.12143806368112564,0.8578838109970093,0.0,0.9644775986671448,3.4800000190734863,0.0,0.8512864112854004,0.9644775986671448,438.0,-1.0,-1.0,PASS,2.0,0.0
438,35.72678565979004,-0.134489506483078,0.014822063036262989,0.0,3.4800000190734863,0.96486496925354,0.999999463558197,0.9772040247917175,0.9747466444969177,1.0,1.0,1.0,0.7489429712295532,-0.134489506483078,-0.12187076359987259,0.8492416739463806,0.0,0.96486496925354,3.4800000190734863,0.0,0.8512864112854004,0.96486496925354,439.0,-1.0,-1.0,PASS,2.0,0.0
439,39.087772369384766,-0.13448019325733185,0.01677323877811432,0.0,3.4800000190734863,0.9703308939933777,0.999999463558197,0.9834632277488708,0.9732942581176758,1.0,1.0,1.0,0.7645509839057922,-0.13448019325733185,-0.1202000230550766,0.9610357880592346,0.0,0.9703308939933777,3.4800000190734863,0.0,0.8512864112854004,0.9703308939933777,440.0,-1.0,-1.0,PASS,2.0,0.0
440,41.66150093078613,-0.12926962971687317,0.016100822016596794,0.0,3.4800000190734863,0.942709743976593,0.999999463558197,0.9739093780517578,0.9359295964241028,1.0,1.0,1.0,0.7355070114135742,-0.12926962971687317,-0.11556203663349152,0.9225091338157654,0.0,0.942709743976593,3.4800000190734863,0.0,0.8512864112854004,0.942709743976593,441.0,-1.0,-1.0,PASS,2.0,0.0
441,42.98138618469238,-0.11722265183925629,0.011611603200435638,0.0,3.4800000190734863,0.9312636852264404,0.999999463558197,0.9639938473701477,0.9320951700210571,1.0,1.0,1.0,0.7765539884567261,-0.11722265183925629,-0.10733740776777267,0.6652958393096924,0.0,0.9312636852264404,3.4800000190734863,0.0,0.8512864112854004,0.9312636852264404,442.0,-1.0,-1.0,PASS,2.0,0.0
442,46.50092124938965,-0.08970069885253906,0.0024519606959074736,0.0,3.4800000190734863,0.553968608379364,0.9999993443489075,0.7423202395439148,0.49253320693969727,1.0,1.0,1.0,0.7715749740600586,-0.08970069885253906,-0.08761337399482727,0.14048700034618378,0.0,0.553968608379364,3.4800000190734863,0.0,0.8512864112854004,0.553968608379364,443.0,-1.0,-1.0,PASS,2.0,0.0
443,30.783653259277344,-0.08695071935653687,0.0038636710960417986,0.0,3.4800000190734863,0.575291097164154,0.9999993443489075,0.7544987201690674,0.5249629020690918,1.0,1.0,1.0,0.7443540096282959,-0.08695071935653687,-0.08366161584854126,0.22137205302715302,0.0,0.575291097164154,3.4800000190734863,0.0,0.8512864112854004,0.575291097164154,444.0,-1.0,-1.0,PASS,2.0,0.0
444,27.024507522583008,-0.09004379063844681,0.004250572063028812,0.0,3.4800000190734863,0.6094923615455627,0.9999993443489075,0.7753042578697205,0.5722667574882507,1.0,1.0,1.0,0.7784780263900757,-0.09004379063844681,-0.0864253118634224,0.24353983998298645,0.0,0.6094923615455627,3.4800000190734863,0.0,0.8512864112854004,0.6094923615455627,445.0,-1.0,-1.0,PASS,2.0,0.0
445,24.666547775268555,-0.10704198479652405,0.005007554776966572,0.0,3.4800000190734863,0.6188102960586548,0.9999993443489075,0.7809192538261414,0.5848256945610046,1.0,1.0,1.0,0.7621669769287109,-0.10704198479652405,-0.1027790829539299,0.2869117558002472,0.0,0.6188102960586548,3.4800000190734863,0.0,0.8512864112854004,0.6188102960586548,446.0,-1.0,-1.0,PASS,2.0,0.0
446,24.528980255126953,-0.08423202484846115,0.0032288851216435432,0.0,3.4800000190734863,0.5892322659492493,0.9999993443489075,0.7507553100585938,0.5697057247161865,1.0,1.0,1.0,0.7681879997253418,-0.08423202484846115,-0.08148331195116043,0.18500149250030518,0.0,0.5892322659492493,3.4800000190734863,0.0,0.8512864112854004,0.5892322659492493,447.0,-1.0,-1.0,PASS,2.0,0.0
447,24.669170379638672,-0.10053833574056625,0.0048849815502762794,0.0,3.4800000190734863,0.6074380278587341,0.9999993443489075,0.7508160471916199,0.6180746555328369,1.0,1.0,1.0,0.7785379886627197,-0.10053833574056625,-0.09637978672981262,0.2798888385295868,0.0,0.6074380278587341,3.4800000190734863,0.0,0.8512864112854004,0.6074380278587341,448.0,-1.0,-1.0,PASS,2.0,0.0
448,25.260448455810547,-0.07960925996303558,0.0024792419280856848,0.0,3.4800000190734863,0.6397624015808105,0.9999993443489075,0.7426945567131042,0.7228148579597473,1.0,1.0,1.0,0.7299069762229919,-0.07960925996303558,-0.07749871164560318,0.142050102353096,0.0,0.6397624015808105,3.4800000190734863,0.0,0.8512864112854004,0.6397624015808105,449.0,-1.0,-1.0,PASS,2.0,0.0
449,25.354623794555664,-0.08245884627103806,0.0026075642090290785,0.0,3.4800000190734863,0.6591775417327881,0.9999993443489075,0.7785924077033997,0.6932550072669983,1.0,1.0,1.0,0.7502650022506714,-0.08245884627103806,-0.08023905754089355,0.1494024246931076,0.0,0.6591775417327881,3.4800000190734863,0.0,0.8512864112854004,0.6591775417327881,450.0,-1.0,-1.0,PASS,2.0,0.0
450,26.100635528564453,-0.08529524505138397,0.0026901764795184135,0.0,3.4800000190734863,0.6532496213912964,0.9999993443489075,0.7669759392738342,0.7034428715705872,1.0,1.0,0.0,1.769670009613037,-0.08529524505138397,-0.08300513029098511,0.15413576364517212,0.0,0.6532496213912964,3.4800000190734863,0.0,0.8512864112854004,0.6532496213912964,451.0,-1.0,-1.0,PASS,2.0,0.0
451,25.787830352783203,-0.08703309297561646,0.0012797544477507472,0.0,3.4800000190734863,0.6972649693489075,0.9999993443489075,0.7558472752571106,0.8449897170066833,1.0,1.0,1.0,0.7354069948196411,-0.08703309297561646,-0.08594365417957306,0.0733245313167572,0.0,0.6972649693489075,3.4800000190734863,0.0,0.8512864112854004,0.6972649693489075,452.0,-1.0,-1.0,PASS,2.0,0.0
452,26.260852813720703,-0.0874263346195221,0.0030937022529542446,0.0,3.4800000190734863,0.7459681034088135,0.9999993443489075,0.7989994883537292,0.8672561645507812,1.0,1.0,1.0,0.7424899935722351,-0.0874263346195221,-0.08479269593954086,0.17725607752799988,0.0,0.7459681034088135,3.4800000190734863,0.0,0.8512864112854004,0.7459681034088135,453.0,-1.0,-1.0,PASS,2.0,0.0
453,26.288747787475586,-0.10371261090040207,0.004853957332670689,0.0,3.4800000190734863,0.7905645966529846,0.9999994039535522,0.8290963172912598,0.9070518612861633,1.0,1.0,1.0,0.7447649836540222,-0.10371261090040207,-0.09958047419786453,0.2781112790107727,0.0,0.7905645966529846,3.4800000190734863,0.0,0.8512864112854004,0.7905645966529846,454.0,-1.0,-1.0,PASS,2.0,0.0
454,28.57661247253418,-0.10574101656675339,0.006826747674494982,0.0,3.4800000190734863,0.8398598432540894,0.9999994039535522,0.8588900566101074,0.9556871056556702,1.0,1.0,1.0,0.745015025138855,-0.10574101656675339,-0.09992940723896027,0.3911438286304474,0.0,0.8398598432540894,3.4800000190734863,0.0,0.8512864112854004,0.8398598432540894,455.0,-1.0,-1.0,PASS,2.0,0.0
455,25.4666805267334,-0.08943960815668106,0.003010440617799759,0.0,3.4800000190734863,0.7461549043655396,0.9999993443489075,0.7659711241722107,0.9482592344284058,1.0,1.0,1.0,0.7509260177612305,-0.08943960815668106,-0.08687685430049896,0.17248554527759552,0.0,0.7461549043655396,3.4800000190734863,0.0,0.8512864112854004,0.7461549043655396,456.0,-1.0,-1.0,PASS,2.0,0.0
456,24.405717849731445,-0.08598510175943375,0.002264388371258974,0.0,3.4800000190734863,0.6924657225608826,0.9999992847442627,0.6926547884941101,0.9994547963142395,1.0,1.0,1.0,0.7433519959449768,-0.08598510175943375,-0.08405745774507523,0.1297398954629898,0.0,0.6924657225608826,3.4800000190734863,0.0,0.8512864112854004,0.6924657225608826,457.0,-1.0,-1.0,PASS,2.0,0.0
457,24.619102478027344,-0.08448459208011627,0.0025561507791280746,0.0,3.4800000190734863,0.7324540615081787,0.9999992847442627,0.7363162040710449,0.989510178565979,1.0,1.0,1.0,0.7590410113334656,-0.08448459208011627,-0.0823085680603981,0.14645665884017944,0.0,0.7324540615081787,3.4800000190734863,0.0,0.8512864112854004,0.7324540615081787,458.0,-1.0,-1.0,PASS,2.0,0.0
458,25.061368942260742,-0.08280699700117111,0.003136679297313094,0.0,3.4800000190734863,0.7978833317756653,0.9999993443489075,0.8021684288978577,0.9893167614936829,1.0,1.0,1.0,0.7778159976005554,-0.08280699700117111,-0.08013677597045898,0.179718479514122,0.0,0.7978833317756653,3.4800000190734863,0.0,0.8512864112854004,0.7978833317756653,459.0,-1.0,-1.0,PASS,2.0,0.0
459,26.638269424438477,-0.08027172833681107,0.0019372766837477684,0.0,3.4800000190734863,0.7536763548851013,0.9999993443489075,0.7820112705230713,0.9275339245796204,1.0,1.0,1.0,0.7703419923782349,-0.08027172833681107,-0.07862254977226257,0.11099778115749359,0.0,0.7536763548851013,3.4800000190734863,0.0,0.8512864112854004,0.7536763548851013,460.0,-1.0,-1.0,PASS,2.0,0.0
460,28.362035751342773,-0.07851853221654892,0.0018854185473173857,0.0,3.4800000190734863,0.7420971989631653,0.9999993443489075,0.7799858450889587,0.902848482131958,1.0,1.0,1.0,0.7681289911270142,-0.07851853221654892,-0.0769134983420372,0.10802652686834335,0.0,0.7420971989631653,3.4800000190734863,0.0,0.8512864112854004,0.7420971989631653,461.0,-1.0,-1.0,PASS,2.0,0.0
461,31.197309494018555,-0.08372250944375992,0.0019133606692776084,0.0,3.4800000190734863,0.8262246251106262,0.9999994039535522,0.8331289887428284,0.9834259748458862,1.0,1.0,1.0,0.7392039895057678,-0.08372250944375992,-0.08209368586540222,0.10962749272584915,0.0,0.8262246251106262,3.4800000190734863,0.0,0.8512864112854004,0.8262246251106262,462.0,-1.0,-1.0,PASS,2.0,0.0
462,31.790971755981445,-0.08473002910614014,0.002564971102401614,0.0,3.4800000190734863,0.8597328066825867,0.9999994039535522,0.8832822442054749,0.9466779828071594,1.0,1.0,1.0,0.7662450075149536,-0.08473002910614014,-0.08254650235176086,0.1469620168209076,0.0,0.8597328066825867,3.4800000190734863,0.0,0.8512864112854004,0.8597328066825867,463.0,-1.0,-1.0,PASS,2.0,0.0
463,33.013105392456055,-0.08321582525968552,-0.0001957513886736706,0.0,3.4800000190734863,0.8404104113578796,0.9999994039535522,0.8457232713699341,0.9874365329742432,1.0,1.0,1.0,0.7503849864006042,-0.08321582525968552,-0.08338246494531631,-0.01121572870761156,0.0,0.8404104113578796,3.4800000190734863,0.0,0.8512864112854004,0.8404104113578796,464.0,-1.0,-1.0,PASS,2.0,0.0
464,35.12144088745117,-0.07646962255239487,-1.2289654023334151e-06,0.0,3.4800000190734863,0.8093239068984985,0.9999994039535522,0.8215529918670654,0.9702300429344177,1.0,1.0,1.0,0.7644309997558594,-0.07646962255239487,-0.07647066563367844,-7.041452772682533e-05,0.0,0.8093239068984985,3.4800000190734863,0.0,0.8512864112854004,0.8093239068984985,465.0,-1.0,-1.0,PASS,2.0,0.0
465,36.16786003112793,-0.0741405338048935,-0.0012125740759074688,0.0,3.4800000190734863,0.850105881690979,0.9999994039535522,0.8516896367073059,0.9962814450263977,1.0,1.0,0.0,1.7486820220947266,-0.0741405338048935,-0.0751727819442749,-0.06947537511587143,0.0,0.850105881690979,3.4800000190734863,0.0,0.8512864112854004,0.850105881690979,466.0,-1.0,-1.0,PASS,2.0,0.0
466,38.295745849609375,-0.07352163642644882,-0.0012144125066697598,0.0,3.4800000190734863,0.8711673617362976,0.9999994039535522,0.8727938532829285,0.9962734580039978,1.0,1.0,1.0,0.7487419843673706,-0.07352163642644882,-0.07455544918775558,-0.06958071142435074,0.0,0.8711673617362976,3.4800000190734863,0.0,0.8512864112854004,0.8711673617362976,467.0,-1.0,-1.0,PASS,2.0,0.0
467,39.62397575378418,-0.07124153524637222,-0.004225965589284897,0.0,3.4800000190734863,0.8527725338935852,0.9999994039535522,0.867775022983551,0.9654235243797302,1.0,1.0,1.0,0.7691799998283386,-0.07124153524637222,-0.07483906298875809,-0.24212999641895294,0.0,0.8527725338935852,3.4800000190734863,0.0,0.8512864112854004,0.8527725338935852,468.0,-1.0,-1.0,PASS,2.0,0.0
468,44.24166679382324,-0.05805013328790665,-0.004550928249955177,0.0,3.4800000190734863,0.8308425545692444,0.9999994039535522,0.8506677746772766,0.9533896446228027,1.0,1.0,1.0,0.7512969970703125,-0.05805013328790665,-0.06192430481314659,-0.2607489824295044,0.0,0.8308425545692444,3.4800000190734863,0.0,0.8512864112854004,0.8308425545692444,469.0,-1.0,-1.0,PASS,2.0,0.0
469,46.21148109436035,-0.07333998382091522,-0.003960407804697752,0.0,3.4800000190734863,0.8648795485496521,0.9999994039535522,0.8674888014793396,0.9939849376678467,1.0,1.0,1.0,0.7576090097427368,-0.07333998382091522,-0.07671144604682922,-0.2269146591424942,0.0,0.8648795485496521,3.4800000190734863,0.0,0.8512864112854004,0.8648795485496521,470.0,-1.0,-1.0,PASS,2.0,0.0
470,46.32401466369629,-0.06046488508582115,-0.0059103225357830524,0.0,3.4800000190734863,0.8272107839584351,0.9999994039535522,0.8615593314170837,0.9202648401260376,1.0,1.0,1.0,0.7539520263671875,-0.06046488508582115,-0.06549631804227829,-0.3386365473270416,0.0,0.8272107839584351,3.4800000190734863,0.0,0.8512864112854004,0.8272107839584351,471.0,-1.0,-1.0,PASS,2.0,0.0
471,24.419546127319336,-0.060176968574523926,-0.01167287491261959,0.0,3.4800000190734863,0.8534241914749146,0.9999994039535522,0.879668116569519,0.9403327107429504,1.0,1.0,1.0,0.7345060110092163,-0.060176968574523926,-0.0701143816113472,-0.6688064932823181,0.0,0.8534241914749146,3.4800000190734863,0.0,0.8512864112854004,0.8534241914749146,472.0,-1.0,-1.0,PASS,2.0,0.0
472,24.54209327697754,-0.04762255400419235,-0.01324938889592886,0.0,3.4800000190734863,0.8681455850601196,0.9999994039535522,0.8783254027366638,0.9768204689025879,1.0,1.0,1.0,0.7625880241394043,-0.04762255400419235,-0.05890223756432533,-0.75913405418396,0.0,0.8681455850601196,3.4800000190734863,0.0,0.8512864112854004,0.8681455850601196,473.0,-1.0,-1.0,PASS,2.0,0.0
473,24.40357208251953,-0.04971769079566002,-0.013225475326180458,0.0,3.4800000190734863,0.8656367063522339,0.9999994039535522,0.8865485191345215,0.9528248310089111,1.0,1.0,1.0,0.7519279718399048,-0.04971769079566002,-0.060977015644311905,-0.7577639222145081,0.0,0.8656367063522339,3.4800000190734863,0.0,0.8512864112854004,0.8656367063522339,474.0,-1.0,-1.0,PASS,2.0,0.0
474,27.222633361816406,-0.05409508943557739,-0.013198914006352425,0.0,3.4800000190734863,0.8119474053382874,0.9999994039535522,0.869665801525116,0.867263674736023,1.0,1.0,1.0,0.7507960200309753,-0.05409508943557739,-0.06533179432153702,-0.7562420964241028,0.0,0.8119474053382874,3.4800000190734863,0.0,0.8512864112854004,0.8119474053382874,475.0,-1.0,-1.0,PASS,2.0,0.0
475,24.567604064941406,-0.08192183822393417,-0.00207183207385242,0.0,3.4800000190734863,0.872972846031189,0.9999994039535522,0.8873862028121948,0.9675155282020569,1.0,1.0,1.0,0.7567970156669617,-0.08192183822393417,-0.08368556201457977,-0.11870723217725754,0.0,0.872972846031189,3.4800000190734863,0.0,0.8512864112854004,0.872972846031189,476.0,-1.0,-1.0,PASS,2.0,0.0
476,24.46722984313965,-0.05620715767145157,-0.013817479833960533,0.0,3.4800000190734863,0.8824971914291382,0.999999463558197,0.9056379199028015,0.9488967657089233,1.0,1.0,1.0,0.8082129955291748,-0.05620715767145157,-0.06797053664922714,-0.7916832566261292,0.0,0.8824971914291382,3.4800000190734863,0.0,0.8512864112854004,0.8824971914291382,477.0,-1.0,-1.0,PASS,2.0,0.0
477,25.17867088317871,-0.08277440071105957,-0.003983211237937212,0.0,3.4800000190734863,0.900413990020752,0.999999463558197,0.925952136516571,0.9448397159576416,1.0,1.0,1.0,0.7552549839019775,-0.08277440071105957,-0.08616527169942856,-0.22822119295597076,0.0,0.900413990020752,3.4800000190734863,0.0,0.8512864112854004,0.900413990020752,478.0,-1.0,-1.0,PASS,2.0,0.0
478,25.054931640625,-0.06731998175382614,-0.006526991259306669,0.0,3.4800000190734863,0.9308808445930481,0.999999463558197,0.953141987323761,0.9532893896102905,1.0,1.0,1.0,0.7357879877090454,-0.06731998175382614,-0.07287640124559402,-0.37396904826164246,0.0,0.9308808445930481,3.4800000190734863,0.0,0.8512864112854004,0.9308808445930481,479.0,-1.0,-1.0,PASS,2.0,0.0
479,26.665925979614258,-0.08109072595834732,-0.0016635856591165066,0.0,3.4800000190734863,0.9379758834838867,0.999999463558197,0.9518230557441711,0.9709044694900513,1.0,1.0,1.0,0.7527390122413635,-0.08109072595834732,-0.08250691741704941,-0.09531643986701965,0.0,0.9379758834838867,3.4800000190734863,0.0,0.8512864112854004,0.9379758834838867,480.0,-1.0,-1.0,PASS,2.0,0.0
480,25.631427764892578,-0.08050074428319931,-0.004001241642981768,0.0,3.4800000190734863,0.9402784109115601,0.999999463558197,0.9511788487434387,0.9770806431770325,1.0,1.0,0.0,1.806048035621643,-0.08050074428319931,-0.08390696346759796,-0.22925426065921783,0.0,0.9402784109115601,3.4800000190734863,0.0,0.8512864112854004,0.9402784109115601,481.0,-1.0,-1.0,PASS,2.0,0.0
481,23.733139038085938,-0.07135912775993347,-0.0046923039481043816,0.0,3.4800000190734863,0.9400219917297363,0.999999463558197,0.9480682015419006,0.9830265045166016,1.0,1.0,1.0,0.7492330074310303,-0.07135912775993347,-0.07535365223884583,-0.2688492238521576,0.0,0.9400219917297363,3.4800000190734863,0.0,0.8512864112854004,0.9400219917297363,482.0,-1.0,-1.0,PASS,2.0,0.0
482,24.811983108520508,-0.0887422040104866,-0.0016750514041632414,0.0,3.4800000190734863,0.9454182386398315,0.999999463558197,0.9596539735794067,0.9703319668769836,1.0,1.0,1.0,0.747389018535614,-0.0887422040104866,-0.09016815572977066,-0.09597337245941162,0.0,0.9454182386398315,3.4800000190734863,0.0,0.8512864112854004,0.9454182386398315,483.0,-1.0,-1.0,PASS,2.0,0.0
483,25.479793548583984,-0.09105320274829865,-0.0038440630305558443,0.0,3.4800000190734863,0.9228677749633789,0.999999463558197,0.9500196576118469,0.9428397417068481,1.0,1.0,1.0,0.7404659986495972,-0.09105320274829865,-0.09432561695575714,-0.22024859488010406,0.0,0.9228677749633789,3.4800000190734863,0.0,0.8512864112854004,0.9228677749633789,484.0,-1.0,-1.0,PASS,2.0,0.0
484,27.379274368286133,-0.09159078449010849,-0.002588168252259493,0.0,3.4800000190734863,0.9362906217575073,0.999999463558197,0.9596809148788452,0.9512544274330139,1.0,1.0,1.0,0.7882149815559387,-0.09159078449010849,-0.09379406273365021,-0.14829111099243164,0.0,0.9362906217575073,3.4800000190734863,0.0,0.8512864112854004,0.9362906217575073,485.0,-1.0,-1.0,PASS,2.0,0.0
485,27.51946449279785,-0.09229808300733566,-0.004164234269410372,0.0,3.4800000190734863,0.959205687046051,0.999999463558197,0.9800244569778442,0.957514226436615,1.0,1.0,1.0,0.7507860064506531,-0.09229808300733566,-0.09584306180477142,-0.23859304189682007,0.0,0.959205687046051,3.4800000190734863,0.0,0.8512864112854004,0.959205687046051,486.0,-1.0,-1.0,PASS,2.0,0.0
486,29.853105545043945,-0.0904177650809288,-0.0009139931644313037,0.0,3.4800000190734863,0.9677579402923584,0.999999463558197,0.9855973124504089,0.9638003706932068,1.0,1.0,1.0,0.8238620162010193,-0.0904177650809288,-0.09119583666324615,-0.05236795172095299,0.0,0.9677579402923584,3.4800000190734863,0.0,0.8512864112854004,0.9677579402923584,487.0,-1.0,-1.0,PASS,2.0,0.0
487,32.42635726928711,-0.0793948844075203,-0.00035307471989654005,0.0,3.4800000190734863,0.9654452204704285,0.999999463558197,0.9802359938621521,0.9698225259780884,1.0,1.0,1.0,0.757178008556366,-0.0793948844075203,-0.0796954557299614,-0.02022969163954258,0.0,0.9654452204704285,3.4800000190734863,0.0,0.8512864112854004,0.9654452204704285,488.0,-1.0,-1.0,PASS,2.0,0.0
488,34.64841842651367,-0.07577642798423767,-0.0023299623280763626,0.0,3.4800000190734863,0.9582728147506714,0.999999463558197,0.9787288308143616,0.9581993222236633,1.0,1.0,1.0,0.7338939905166626,-0.07577642798423767,-0.07775989919900894,-0.13349701464176178,0.0,0.9582728147506714,3.4800000190734863,0.0,0.8512864112854004,0.9582728147506714,489.0,-1.0,-1.0,PASS,2.0,0.0
489,35.47358512878418,-0.06854239851236343,-0.005374831613153219,0.0,3.4800000190734863,0.9604355692863464,0.999999463558197,0.9820308685302734,0.9560196399688721,1.0,1.0,1.0,0.7586209774017334,-0.06854239851236343,-0.07311796396970749,-0.30795517563819885,0.0,0.9604355692863464,3.4800000190734863,0.0,0.8512864112854004,0.9604355692863464,490.0,-1.0,-1.0,PASS,2.0,0.0
490,36.5602970123291,-0.079554982483387,-0.001248708344064653,0.0,3.4800000190734863,0.9644567966461182,0.999999463558197,0.9791620373725891,0.9699641466140747,1.0,1.0,1.0,0.7621470093727112,-0.079554982483387,-0.0806179940700531,-0.07154572010040283,0.0,0.9644567966461182,3.4800000190734863,0.0,0.8512864112854004,0.9644567966461182,491.0,-1.0,-1.0,PASS,2.0,0.0
491,37.29581832885742,-0.07989553362131119,0.001486517721787095,0.0,3.4800000190734863,0.9605552554130554,0.999999463558197,0.9753507971763611,0.9696616530418396,1.0,1.0,1.0,0.7612050175666809,-0.07989553362131119,-0.07863008230924606,0.08517119288444519,0.0,0.9605552554130554,3.4800000190734863,0.0,0.8512864112854004,0.9605552554130554,492.0,-1.0,-1.0,PASS,2.0,0.0
492,39.238929748535156,-0.07917506247758865,0.0010351097444072366,0.0,3.4800000190734863,0.9618362784385681,0.999999463558197,0.9753996729850769,0.9721896648406982,1.0,1.0,1.0,0.8160880208015442,-0.07917506247758865,-0.07829388976097107,0.05930741876363754,0.0,0.9618362784385681,3.4800000190734863,0.0,0.8512864112854004,0.9618362784385681,493.0,-1.0,-1.0,PASS,2.0,0.0
493,41.4738655090332,-0.07869355380535126,0.004088565241545439,0.0,3.4800000190734863,0.9647759795188904,0.999999463558197,0.9786589741706848,0.9716290831565857,1.0,1.0,1.0,0.7489719986915588,-0.07869355380535126,-0.0752129927277565,0.2342575341463089,0.0,0.9647759795188904,3.4800000190734863,0.0,0.8512864112854004,0.9647759795188904,494.0,-1.0,-1.0,PASS,2.0,0.0
494,43.55144500732422,-0.07979555428028107,0.003517091739922762,0.0,3.4800000190734863,0.9599543809890747,0.999999463558197,0.9757152795791626,0.9676942229270935,1.0,1.0,1.0,0.7614660263061523,-0.07979555428028107,-0.07680148631334305,0.20151451230049133,0.0,0.9599543809890747,3.4800000190734863,0.0,0.8512864112854004,0.9599543809890747,495.0,-1.0,-1.0,PASS,2.0,0.0
495,43.569326400756836,-0.08816459029912949,0.0044591063633561134,0.0,3.4800000190734863,0.9650892019271851,0.999999463558197,0.9812818169593811,0.966997504234314,1.0,1.0,0.0,1.7763229608535767,-0.08816459029912949,-0.08436858654022217,0.25548797845840454,0.0,0.9650892019271851,3.4800000190734863,0.0,0.8512864112854004,0.9650892019271851,496.0,-1.0,-1.0,PASS,2.0,0.0
496,47.08075523376465,-0.07745254039764404,0.00387689471244812,0.0,3.4800000190734863,0.9582201242446899,0.999999463558197,0.98116135597229,0.9532371163368225,1.0,1.0,1.0,0.7447540163993835,-0.07745254039764404,-0.07415217906236649,0.2221297025680542,0.0,0.9582201242446899,3.4800000190734863,0.0,0.8512864112854004,0.9582201242446899,497.0,-1.0,-1.0,PASS,2.0,0.0
497,24.326801300048828,-0.07548758387565613,0.002942565828561783,0.0,3.4800000190734863,0.9669914841651917,0.999999463558197,0.9866860508918762,0.9600798487663269,1.0,1.0,1.0,0.7588310241699219,-0.07548758387565613,-0.07298260927200317,0.16859659552574158,0.0,0.9669914841651917,3.4800000190734863,0.0,0.8512864112854004,0.9669914841651917,498.0,-1.0,-1.0,PASS,2.0,0.0
498,24.905920028686523,-0.08791366219520569,0.0053969076834619045,0.0,3.4800000190734863,0.9691681265830994,0.999999463558197,0.9859940409660339,0.9658706188201904,1.0,1.0,1.0,0.7352669835090637,-0.08791366219520569,-0.08331930637359619,0.3092200458049774,0.0,0.9691681265830994,3.4800000190734863,0.0,0.8512864112854004,0.9691681265830994,499.0,-1.0,-1.0,PASS,2.0,0.0
499,26.714801788330078,-0.07586062699556351,0.003394993022084236,0.0,3.4800000190734863,0.9684266448020935,0.999999463558197,0.9882211685180664,0.9599396586418152,1.0,1.0,1.0,0.7735480070114136,-0.07586062699556351,-0.07297050207853317,0.1945187747478485,0.0,0.9684266448020935,3.4800000190734863,0.0,0.8512864112854004,0.9684266448020935,500.0,-1.0,-1.0,PASS,2.0,0.0
500,24.828672409057617,-0.08836006373167038,0.0058465683832764626,0.0,3.4800000190734863,0.9695242643356323,0.999999463558197,0.9867557883262634,0.965074896812439,1.0,1.0,1.0,0.7499139904975891,-0.08836006373167038,-0.08338290452957153,0.3349837064743042,0.0,0.9695242643356323,3.4800000190734863,0.0,0.8512864112854004,0.9695242643356323,501.0,-1.0,-1.0,PASS,2.0,0.0
501,25.417089462280273,-0.08825409412384033,0.005953566636890173,0.0,3.4800000190734863,0.9709445238113403,0.999999463558197,0.9881781339645386,0.9651209712028503,1.0,1.0,1.0,0.7449759840965271,-0.08825409412384033,-0.0831858441233635,0.34111425280570984,0.0,0.9709445238113403,3.4800000190734863,0.0,0.8512864112854004,0.9709445238113403,502.0,-1.0,-1.0,PASS,2.0,0.0
502,25.348901748657227,-0.09025585651397705,0.0070945206098258495,0.0,3.4800000190734863,0.9700977206230164,0.999999463558197,0.98878413438797,0.9622037410736084,1.0,1.0,1.0,0.7585800290107727,-0.09025585651397705,-0.08421628922224045,0.4064860939979553,0.0,0.9700977206230164,3.4800000190734863,0.0,0.8512864112854004,0.9700977206230164,503.0,-1.0,-1.0,PASS,2.0,0.0
503,24.815082550048828,-0.09287700802087784,0.009138194844126701,0.0,3.4800000190734863,0.9673853516578674,0.999999463558197,0.988030731678009,0.9582094550132751,1.0,1.0,1.0,0.7529900074005127,-0.09287700802087784,-0.08509757369756699,0.523580014705658,0.0,0.9673853516578674,3.4800000190734863,0.0,0.8512864112854004,0.9673853516578674,504.0,-1.0,-1.0,PASS,2.0,0.0
504,26.923179626464844,-0.09474749118089676,0.00824752077460289,0.0,3.4800000190734863,0.9630350470542908,0.999999463558197,0.9761047959327698,0.9732210040092468,1.0,1.0,1.0,0.7692300081253052,-0.09474749118089676,-0.08772633224725723,0.47254812717437744,0.0,0.9630350470542908,3.4800000190734863,0.0,0.8512864112854004,0.9630350470542908,505.0,-1.0,-1.0,PASS,2.0,0.0
505,40.585994720458984,-0.08697058260440826,0.009675176814198494,0.0,3.4800000190734863,0.9640422463417053,0.999999463558197,0.9775994420051575,0.97226482629776,1.0,1.0,1.0,0.7706729769706726,-0.08697058260440826,-0.07873398065567017,0.5543467998504639,0.0,0.9640422463417053,3.4800000190734863,0.0,0.8512864112854004,0.9640422463417053,506.0,-1.0,-1.0,PASS,2.0,0.0
506,25.324583053588867,-0.08378415554761887,0.009309494867920876,0.0,3.4800000190734863,0.9626100659370422,0.999999463558197,0.982959508895874,0.9585961103439331,1.0,1.0,1.0,0.8042250275611877,-0.08378415554761887,-0.07585888355970383,0.5333947539329529,0.0,0.9626100659370422,3.4800000190734863,0.0,0.8512864112854004,0.9626100659370422,507.0,-1.0,-1.0,PASS,2.0,0.0
507,24.741411209106445,-0.08779621869325638,0.007940293289721012,0.0,3.4800000190734863,0.9672693610191345,0.999999463558197,0.9831302165985107,0.9677345156669617,1.0,1.0,1.0,0.7641810178756714,-0.08779621869325638,-0.08103661239147186,0.45494529604911804,0.0,0.9672693610191345,3.4800000190734863,0.0,0.8512864112854004,0.9672693610191345,508.0,-1.0,-1.0,PASS,2.0,0.0
508,24.983882904052734,-0.08379693329334259,0.008554279804229736,0.0,3.4800000190734863,0.9585369229316711,0.999999463558197,0.9793609380722046,0.9574748277664185,1.0,1.0,1.0,0.754272997379303,-0.08379693329334259,-0.07651461660861969,0.4901241362094879,0.0,0.9585369229316711,3.4800000190734863,0.0,0.8512864112854004,0.9585369229316711,509.0,-1.0,-1.0,PASS,2.0,0.0
509,26.97920799255371,-0.08028259873390198,0.010656657628715038,0.0,3.4800000190734863,0.9649454951286316,0.999999463558197,0.9814465641975403,0.9663744568824768,1.0,1.0,1.0,0.7621380090713501,-0.08028259873390198,-0.07121038436889648,0.6105815172195435,0.0,0.9649454951286316,3.4800000190734863,0.0,0.8512864112854004,0.9649454951286316,510.0,-1.0,-1.0,PASS,2.0,0.0
510,25.795698165893555,-0.08116399496793747,0.011569671332836151,0.0,3.4800000190734863,0.9684671759605408,0.999999463558197,0.9868351817131042,0.9627745151519775,1.0,1.0,0.0,1.7821539640426636,-0.08116399496793747,-0.07131445407867432,0.6628933548927307,0.0,0.9684671759605408,3.4800000190734863,0.0,0.8512864112854004,0.9684671759605408,511.0,-1.0,-1.0,PASS,2.0,0.0
511,24.0020751953125,-0.08083707094192505,0.008048486895859241,0.0,3.4800000190734863,0.9712908267974854,0.999999463558197,0.9888885617256165,0.9644095301628113,1.0,1.0,1.0,0.7703520059585571,-0.08083707094192505,-0.07398535311222076,0.4611443281173706,0.0,0.9712908267974854,3.4800000190734863,0.0,0.8512864112854004,0.9712908267974854,512.0,-1.0,-1.0,PASS,2.0,0.0
512,25.280475616455078,-0.07840245962142944,0.009082713164389133,0.0,3.4800000190734863,0.9615275859832764,0.999999463558197,0.9844546318054199,0.9534224271774292,1.0,1.0,1.0,0.7264500260353088,-0.07840245962142944,-0.07067025452852249,0.520401120185852,0.0,0.9615275859832764,3.4800000190734863,0.0,0.8512864112854004,0.9615275859832764,513.0,-1.0,-1.0,PASS,2.0,0.0
513,27.024507522583008,-0.0759904533624649,0.00941045954823494,0.0,3.4800000190734863,0.9664457440376282,0.999999463558197,0.9862715601921082,0.9597969651222229,1.0,1.0,1.0,0.7590109705924988,-0.0759904533624649,-0.06797922402620316,0.5391796231269836,0.0,0.9664457440376282,3.4800000190734863,0.0,0.8512864112854004,0.9664457440376282,514.0,-1.0,-1.0,PASS,2.0,0.0
514,28.182506561279297,-0.0783192366361618,0.010939917527139187,0.0,3.4800000190734863,0.9653293490409851,0.999999463558197,0.9869421720504761,0.9562029838562012,1.0,1.0,1.0,0.798675000667572,-0.0783192366361618,-0.06900586187839508,0.6268110871315002,0.0,0.9653293490409851,3.4800000190734863,0.0,0.8512864112854004,0.9653293490409851,515.0,-1.0,-1.0,PASS,2.0,0.0
515,31.624794006347656,-0.07686526328325272,0.010580895468592644,0.0,3.4800000190734863,0.9673309326171875,0.999999463558197,0.987727165222168,0.9587011337280273,1.0,1.0,1.0,0.8240320086479187,-0.07686526328325272,-0.06785755604505539,0.6062406301498413,0.0,0.9673309326171875,3.4800000190734863,0.0,0.8512864112854004,0.9673309326171875,516.0,-1.0,-1.0,PASS,2.0,0.0
516,34.69371795654297,-0.07221744954586029,0.011880328878760338,0.0,3.4800000190734863,0.970921516418457,0.999999463558197,0.9880445599555969,0.9653400182723999,1.0,1.0,1.0,0.7939760088920593,-0.07221744954586029,-0.06210341304540634,0.680692732334137,0.0,0.970921516418457,3.4800000190734863,0.0,0.8512864112854004,0.970921516418457,517.0,-1.0,-1.0,PASS,2.0,0.0
517,34.43741798400879,-0.07243364304304123,0.01210656575858593,0.0,3.4800000190734863,0.9676781296730042,0.999999463558197,0.9844495058059692,0.9659278392791748,1.0,1.0,1.0,0.7838979959487915,-0.07243364304304123,-0.06212698295712471,0.6936551332473755,0.0,0.9676781296730042,3.4800000190734863,0.0,0.8512864112854004,0.9676781296730042,518.0,-1.0,-1.0,PASS,2.0,0.0
518,37.80412673950195,-0.08579698950052261,0.013223694637417793,0.0,3.4800000190734863,0.9675611853599548,0.999999463558197,0.9883924126625061,0.9578487277030945,1.0,1.0,1.0,0.8042349815368652,-0.08579698950052261,-0.0745391845703125,0.7576618790626526,0.0,0.9675611853599548,3.4800000190734863,0.0,0.8512864112854004,0.9675611853599548,519.0,-1.0,-1.0,PASS,2.0,0.0
519,39.762020111083984,-0.07235913723707199,0.012195725925266743,0.0,3.4800000190734863,0.9718645215034485,0.999999463558197,0.9892109036445618,0.9649293422698975,1.0,1.0,1.0,0.7855510115623474,-0.07235913723707199,-0.06197656691074371,0.6987636089324951,0.0,0.9718645215034485,3.4800000190734863,0.0,0.8512864112854004,0.9718645215034485,520.0,-1.0,-1.0,PASS,2.0,0.0
520,41.93711280822754,-0.07449609786272049,0.012742200866341591,0.0,3.4800000190734863,0.9706420302391052,0.999999463558197,0.989391565322876,0.9620994329452515,1.0,1.0,1.0,0.8053669929504395,-0.07449609786272049,-0.06364824622869492,0.7300743460655212,0.0,0.9706420302391052,3.4800000190734863,0.0,0.8512864112854004,0.9706420302391052,521.0,-1.0,-1.0,PASS,2.0,0.0
521,43.865203857421875,-0.07465405762195587,0.012538394890725613,0.0,3.4800000190734863,0.9677076935768127,0.999999463558197,0.9867544174194336,0.9613956809043884,1.0,1.0,1.0,0.7546929717063904,-0.07465405762195587,-0.06397973001003265,0.7183970808982849,0.0,0.9677076935768127,3.4800000190734863,0.0,0.8512864112854004,0.9677076935768127,522.0,-1.0,-1.0,PASS,2.0,0.0
522,25.214195251464844,-0.07306157797574997,0.012315276078879833,0.0,3.4800000190734863,0.9718365669250488,0.999999463558197,0.9897890686988831,0.9637251496315002,1.0,1.0,1.0,0.7742990255355835,-0.07306157797574997,-0.06257721781730652,0.7056133151054382,0.0,0.9718365669250488,3.4800000190734863,0.0,0.8512864112854004,0.9718365669250488,523.0,-1.0,-1.0,PASS,2.0,0.0
523,25.3145694732666,-0.08866245299577713,0.013409009203314781,0.0,3.4800000190734863,0.9703455567359924,0.999999463558197,0.9886772036552429,0.9629173874855042,1.0,1.0,1.0,0.7874739766120911,-0.08866245299577713,-0.07724685966968536,0.7682796120643616,0.0,0.9703455567359924,3.4800000190734863,0.0,0.8512864112854004,0.9703455567359924,524.0,-1.0,-1.0,PASS,2.0,0.0
524,27.12273597717285,-0.08912238478660583,0.013280077837407589,0.0,3.4800000190734863,0.9710157513618469,0.999999463558197,0.9896798729896545,0.9622830152511597,1.0,1.0,1.0,0.8032829761505127,-0.08912238478660583,-0.07781656831502914,0.760892391204834,0.0,0.9710157513618469,3.4800000190734863,0.0,0.8512864112854004,0.9710157513618469,525.0,-1.0,-1.0,PASS,2.0,0.0
525,42.97900199890137,-0.09026065468788147,0.013233708217740059,0.0,3.4800000190734863,0.9706264734268188,0.999999463558197,0.9894051551818848,0.9620410203933716,1.0,1.0,0.0,1.74154794216156,-0.09026065468788147,-0.07899431884288788,0.7582356333732605,0.0,0.9706264734268188,3.4800000190734863,0.0,0.8512864112854004,0.9706264734268188,526.0,-1.0,-1.0,PASS,2.0,0.0
526,44.10123825073242,-0.08629808574914932,0.013103360310196877,0.0,3.4800000190734863,0.967818558216095,0.999999463558197,0.9888405799865723,0.9574819207191467,1.0,1.0,1.0,0.754181981086731,-0.08629808574914932,-0.07514273375272751,0.7507672309875488,0.0,0.967818558216095,3.4800000190734863,0.0,0.8512864112854004,0.967818558216095,527.0,-1.0,-1.0,PASS,2.0,0.0
527,24.97720718383789,-0.08544781804084778,0.01569182239472866,0.0,3.4800000190734863,0.9700568318367004,0.999999463558197,0.9901798963546753,0.9593551754951477,1.0,1.0,1.0,0.7507659792900085,-0.08544781804084778,-0.07208848744630814,0.8990752100944519,0.0,0.9700568318367004,3.4800000190734863,0.0,0.8512864112854004,0.9700568318367004,528.0,-1.0,-1.0,PASS,2.0,0.0
528,26.721715927124023,-0.08601576834917068,0.014334574341773987,0.0,3.4800000190734863,0.9686493873596191,0.999999463558197,0.9894216060638428,0.9580117464065552,1.0,1.0,1.0,0.7689689993858337,-0.08601576834917068,-0.0738121047616005,0.8213106393814087,0.0,0.9686493873596191,3.4800000190734863,0.0,0.8512864112854004,0.9686493873596191,529.0,-1.0,-1.0,PASS,2.0,0.0
529,25.032997131347656,-0.08309747278690338,0.015004932880401611,0.0,3.4800000190734863,0.9703378081321716,0.999999463558197,0.9895051121711731,0.9612592458724976,1.0,1.0,1.0,0.76254802942276,-0.08309747278690338,-0.07032302021980286,0.8597193360328674,0.0,0.9703378081321716,3.4800000190734863,0.0,0.8512864112854004,0.9703378081321716,530.0,-1.0,-1.0,PASS,2.0,0.0
530,25.26092529296875,-0.08201055973768234,0.015114640817046165,0.0,3.4800000190734863,0.9698364734649658,0.999999463558197,0.9884368777275085,0.9623644351959229,1.0,1.0,1.0,0.7607349753379822,-0.08201055973768234,-0.06914269179105759,0.8660051226615906,0.0,0.9698364734649658,3.4800000190734863,0.0,0.8512864112854004,0.9698364734649658,531.0,-1.0,-1.0,PASS,2.0,0.0
531,27.13155746459961,-0.07904089987277985,0.014982969500124454,0.0,3.4800000190734863,0.9719706177711487,0.999999463558197,0.9885460138320923,0.9664655923843384,1.0,1.0,1.0,0.7700120210647583,-0.07904089987277985,-0.0662851482629776,0.8584609031677246,0.0,0.9719706177711487,3.4800000190734863,0.0,0.8512864112854004,0.9719706177711487,532.0,-1.0,-1.0,PASS,2.0,0.0
532,24.866342544555664,-0.07886646687984467,0.014593806117773056,0.0,3.4800000190734863,0.9722428321838379,0.999999463558197,0.9886987805366516,0.9667124152183533,1.0,1.0,1.0,0.7584810256958008,-0.07886646687984467,-0.0664420798420906,0.8361635208129883,0.0,0.9722428321838379,3.4800000190734863,0.0,0.8512864112854004,0.9722428321838379,533.0,-1.0,-1.0,PASS,2.0,0.0
533,24.7039794921875,-0.07583684474229813,0.01709698885679245,0.0,3.4800000190734863,0.9696363210678101,0.999999463558197,0.9890844225883484,0.9606750011444092,1.0,1.0,1.0,0.732312023639679,-0.07583684474229813,-0.0612809918820858,0.9795852899551392,0.0,0.9696363210678101,3.4800000190734863,0.0,0.8512864112854004,0.9696363210678101,534.0,-1.0,-1.0,PASS,2.0,0.0
534,25.46977996826172,-0.07662201672792435,0.015514764934778214,0.0,3.4800000190734863,0.966738760471344,0.999999463558197,0.9871167540550232,0.9587125778198242,1.0,1.0,1.0,0.7570070028305054,-0.07662201672792435,-0.06341344863176346,0.8889305591583252,0.0,0.966738760471344,3.4800000190734863,0.0,0.8512864112854004,0.966738760471344,535.0,-1.0,-1.0,PASS,2.0,0.0
535,24.442434310913086,-0.07442238181829453,0.016552304849028587,0.0,3.4800000190734863,0.9701768159866333,0.999999463558197,0.9888084530830383,0.962315559387207,1.0,1.0,1.0,0.7514879703521729,-0.07442238181829453,-0.0603303425014019,0.9483771920204163,0.0,0.9701768159866333,3.4800000190734863,0.0,0.8512864112854004,0.9701768159866333,536.0,-1.0,-1.0,PASS,2.0,0.0
536,28.845787048339844,-0.0714651420712471,0.01643616519868374,0.0,3.4800000190734863,0.9712837338447571,0.999999463558197,0.9877272844314575,0.966704785823822,1.0,1.0,1.0,0.7545130252838135,-0.0714651420712471,-0.057471998035907745,0.9417228698730469,0.0,0.9712837338447571,3.4800000190734863,0.0,0.8512864112854004,0.9712837338447571,537.0,-1.0,-1.0,PASS,2.0,0.0
537,25.93231201171875,-0.06845743209123611,0.01621982827782631,0.0,3.4800000190734863,0.9672254323959351,0.999999463558197,0.987294614315033,0.9593456983566284,1.0,1.0,1.0,0.7431319952011108,-0.06845743209123611,-0.0546485036611557,0.9293277263641357,0.0,0.9672254323959351,3.4800000190734863,0.0,0.8512864112854004,0.9672254323959351,538.0,-1.0,-1.0,PASS,2.0,0.0
538,24.836063385009766,-0.06768772751092911,0.016168955713510513,0.0,3.4800000190734863,0.9660923480987549,0.999999463558197,0.9857465028762817,0.9601237177848816,1.0,1.0,1.0,0.7685189843177795,-0.06768772751092911,-0.05392211675643921,0.9264129400253296,0.0,0.9660923480987549,3.4800000190734863,0.0,0.8512864112854004,0.9660923480987549,539.0,-1.0,-1.0,PASS,2.0,0.0
539,24.48868751525879,-0.06656583398580551,0.015866205096244812,0.0,3.4800000190734863,0.9657090902328491,0.999999463558197,0.9843677282333374,0.9620906710624695,1.0,1.0,1.0,0.7634990215301514,-0.06656583398580551,-0.053058017045259476,0.9090666174888611,0.0,0.9657090902328491,3.4800000190734863,0.0,0.8512864112854004,0.9657090902328491,540.0,-1.0,-1.0,PASS,2.0,0.0
540,26.09992027282715,-0.06922869384288788,0.01384578924626112,0.0,3.4800000190734863,0.9607007503509521,0.999999463558197,0.9826008677482605,0.9554247260093689,1.0,1.0,0.0,1.7620060443878174,-0.06922869384288788,-0.05744120851159096,0.7933052778244019,0.0,0.9607007503509521,3.4800000190734863,0.0,0.8512864112854004,0.9607007503509521,541.0,-1.0,-1.0,PASS,2.0,0.0
541,24.109840393066406,-0.06959394365549088,0.014314943924546242,0.0,3.4800000190734863,0.9614335298538208,0.999999463558197,0.9835028648376465,0.9551213979721069,1.0,1.0,1.0,0.737060010433197,-0.06959394365549088,-0.05740699544548988,0.8201858997344971,0.0,0.9614335298538208,3.4800000190734863,0.0,0.8512864112854004,0.9614335298538208,542.0,-1.0,-1.0,PASS,2.0,0.0
542,24.61385726928711,-0.06907486170530319,0.016016485169529915,0.0,3.4800000190734863,0.9525096416473389,0.999999463558197,0.9756711721420288,0.952522337436676,1.0,1.0,1.0,0.7271220088005066,-0.06907486170530319,-0.05543908104300499,0.9176769852638245,0.0,0.9525096416473389,3.4800000190734863,0.0,0.8512864112854004,0.9525096416473389,543.0,-1.0,-1.0,PASS,2.0,0.0
543,23.95772933959961,-0.06365670263767242,0.016498874872922897,0.0,3.4800000190734863,0.9604535102844238,0.999999463558197,0.9737381935119629,0.9727145433425903,1.0,1.0,1.0,0.7719950079917908,-0.06365670263767242,-0.049610160291194916,0.9453158974647522,0.0,0.9604535102844238,3.4800000190734863,0.0,0.8512864112854004,0.9604535102844238,544.0,-1.0,-1.0,PASS,2.0,0.0
544,27.132511138916016,-0.06424068659543991,0.015247384086251259,0.0,3.4800000190734863,0.95413738489151,0.999999463558197,0.9689069986343384,0.9695133566856384,1.0,1.0,1.0,0.7582200169563293,-0.06424068659543991,-0.05125978961586952,0.8736107349395752,0.0,0.95413738489151,3.4800000190734863,0.0,0.8512864112854004,0.95413738489151,545.0,-1.0,-1.0,PASS,2.0,0.0
545,29.3276309967041,-0.06146017089486122,0.015631426125764847,0.0,3.4800000190734863,0.9613102674484253,0.999999463558197,0.9830771088600159,0.9557175040245056,1.0,1.0,1.0,0.7373510003089905,-0.06146017089486122,-0.048152267932891846,0.895614743232727,0.0,0.9613102674484253,3.4800000190734863,0.0,0.8512864112854004,0.9613102674484253,546.0,-1.0,-1.0,PASS,2.0,0.0
546,32.39727020263672,-0.06214345991611481,0.014916455373167992,0.0,3.4800000190734863,0.9578729271888733,0.999999463558197,0.9810209274291992,0.9528087973594666,1.0,1.0,1.0,0.7656340003013611,-0.06214345991611481,-0.04944434389472008,0.8546499609947205,0.0,0.9578729271888733,3.4800000190734863,0.0,0.8512864112854004,0.9578729271888733,547.0,-1.0,-1.0,PASS,2.0,0.0
547,33.55813026428223,-0.06329570710659027,0.013096830807626247,0.0,3.4800000190734863,0.9599906802177429,0.999999463558197,0.9732047319412231,0.972844660282135,1.0,1.0,1.0,0.7558860182762146,-0.06329570710659027,-0.05214591696858406,0.7503931522369385,0.0,0.9599906802177429,3.4800000190734863,0.0,0.8512864112854004,0.9599906802177429,548.0,-1.0,-1.0,PASS,2.0,0.0
548,35.24208068847656,-0.04417803883552551,0.012977249920368195,0.0,3.4800000190734863,0.9553989171981812,0.999999463558197,0.9746600389480591,0.9604767560958862,1.0,1.0,1.0,0.7448949813842773,-0.04417803883552551,-0.033130060881376266,0.7435416579246521,0.0,0.9553989171981812,3.4800000190734863,0.0,0.8512864112854004,0.9553989171981812,549.0,-1.0,-1.0,PASS,2.0,0.0
549,38.75589370727539,-0.04284023120999336,0.013072860427200794,0.0,3.4800000190734863,0.9579679369926453,0.999999463558197,0.9750655293464661,0.9649308323860168,1.0,1.0,1.0,0.7617669701576233,-0.04284023120999336,-0.031710848212242126,0.7490197420120239,0.0,0.9579679369926453,3.4800000190734863,0.0,0.8512864112854004,0.9579679369926453,550.0,-1.0,-1.0,PASS,2.0,0.0
550,40.84587097167969,-0.043741077184677124,0.012139319442212582,0.0,3.4800000190734863,0.9567323923110962,0.999999463558197,0.9756960272789001,0.9611285924911499,1.0,1.0,1.0,0.7930049896240234,-0.043741077184677124,-0.03340653330087662,0.6955317854881287,0.0,0.9567323923110962,3.4800000190734863,0.0,0.8512864112854004,0.9567323923110962,551.0,-1.0,-1.0,PASS,2.0,0.0
551,43.248653411865234,-0.06389617919921875,0.013393854722380638,0.0,3.4800000190734863,0.9575521349906921,0.999999463558197,0.971319854259491,0.971652090549469,1.0,1.0,1.0,0.7889869809150696,-0.06389617919921875,-0.052493490278720856,0.7674113512039185,0.0,0.9575521349906921,3.4800000190734863,0.0,0.8512864112854004,0.9575521349906921,552.0,-1.0,-1.0,PASS,2.0,0.0
552,44.25811767578125,-0.04490195959806442,0.01212479267269373,0.0,3.4800000190734863,0.9465854167938232,0.999999463558197,0.9693782329559326,0.9529748558998108,1.0,1.0,1.0,0.7547929883003235,-0.04490195959806442,-0.03457978367805481,0.6946994662284851,0.0,0.9465854167938232,3.4800000190734863,0.0,0.8512864112854004,0.9465854167938232,553.0,-1.0,-1.0,PASS,2.0,0.0
553,46.18477821350098,-0.04128699004650116,0.013015215285122395,0.0,3.4800000190734863,0.9582883715629578,0.999999463558197,0.9730644226074219,0.9696304202079773,1.0,1.0,1.0,0.7387930154800415,-0.04128699004650116,-0.03020668774843216,0.74571692943573,0.0,0.9582883715629578,3.4800000190734863,0.0,0.8512864112854004,0.9582883715629578,554.0,-1.0,-1.0,PASS,2.0,0.0
554,25.17867088317871,-0.03938498720526695,0.013037906028330326,0.0,3.4800000190734863,0.963624894618988,0.999999463558197,0.975551426410675,0.9755496382713318,1.0,1.0,1.0,0.7665749788284302,-0.03938498720526695,-0.02828536555171013,0.747016966342926,0.0,0.963624894618988,3.4800000190734863,0.0,0.8512864112854004,0.963624894618988,555.0,-1.0,-1.0,PASS,2.0,0.0
555,25.264263153076172,-0.037277158349752426,0.01224572490900755,0.0,3.4800000190734863,0.9500893354415894,0.999999463558197,0.9721629619598389,0.9545891880989075,1.0,1.0,0.0,1.7526390552520752,-0.037277158349752426,-0.026852017268538475,0.7016283273696899,0.0,0.9500893354415894,3.4800000190734863,0.0,0.8512864112854004,0.9500893354415894,556.0,-1.0,-1.0,PASS,2.0,0.0
556,24.420738220214844,-0.03534046187996864,0.011358646675944328,0.0,3.4800000190734863,0.954328179359436,0.999999463558197,0.9727553725242615,0.9621139168739319,1.0,1.0,1.0,0.7403870224952698,-0.03534046187996864,-0.02567058429121971,0.650802493095398,0.0,0.954328179359436,3.4800000190734863,0.0,0.8512864112854004,0.954328179359436,557.0,-1.0,-1.0,PASS,2.0,0.0
557,24.328231811523438,-0.03512490913271904,0.012434500269591808,0.0,3.4800000190734863,0.9543547630310059,0.999999463558197,0.9723166227340698,0.9630538821220398,1.0,1.0,1.0,0.7375220060348511,-0.03512490913271904,-0.0245390422642231,0.7124443650245667,0.0,0.9543547630310059,3.4800000190734863,0.0,0.8512864112854004,0.9543547630310059,558.0,-1.0,-1.0,PASS,2.0,0.0
558,25.028467178344727,-0.05151723325252533,0.013858968392014503,0.0,3.4800000190734863,0.951241135597229,0.999999463558197,0.9718368053436279,0.9576154947280884,1.0,1.0,1.0,0.7307479977607727,-0.05151723325252533,-0.03971852734684944,0.7940604090690613,0.0,0.951241135597229,3.4800000190734863,0.0,0.8512864112854004,0.951241135597229,559.0,-1.0,-1.0,PASS,2.0,0.0
559,24.64890480041504,-0.050025034695863724,0.013532870449125767,0.0,3.4800000190734863,0.9563672542572021,0.999999463558197,0.9736157059669495,0.9645687937736511,1.0,1.0,1.0,0.8001880049705505,-0.050025034695863724,-0.0385039821267128,0.7753763794898987,0.0,0.9563672542572021,3.4800000190734863,0.0,0.8512864112854004,0.9563672542572021,560.0,-1.0,-1.0,PASS,2.0,0.0
560,24.526357650756836,-0.05006018653512001,0.013787741772830486,0.0,3.4800000190734863,0.9570413827896118,0.999999463558197,0.9743865132331848,0.9643983840942383,1.0,1.0,1.0,0.7394350171089172,-0.05006018653512001,-0.038322124630212784,0.7899793982505798,0.0,0.9570413827896118,3.4800000190734863,0.0,0.8512864112854004,0.9570413827896118,561.0,-1.0,-1.0,PASS,2.0,0.0
561,26.546478271484375,-0.04931940138339996,0.01371346041560173,0.0,3.4800000190734863,0.9615833759307861,0.999999463558197,0.9780031442642212,0.9664223194122314,1.0,1.0,1.0,0.7611050009727478,-0.04931940138339996,-0.03764458745718002,0.7857233881950378,0.0,0.9615833759307861,3.4800000190734863,0.0,0.8512864112854004,0.9615833759307861,562.0,-1.0,-1.0,PASS,2.0,0.0
562,25.3598690032959,-0.03397334739565849,0.012651736848056316,0.0,3.4800000190734863,0.955892026424408,0.999999463558197,0.9720438122749329,0.9667680263519287,1.0,1.0,1.0,0.7590010166168213,-0.03397334739565849,-0.023202521726489067,0.7248911261558533,0.0,0.955892026424408,3.4800000190734863,0.0,0.8512864112854004,0.955892026424408,563.0,-1.0,-1.0,PASS,2.0,0.0
563,24.733304977416992,-0.034027259796857834,0.01096420269459486,0.0,3.4800000190734863,0.9562966823577881,0.999999463558197,0.9728860259056091,0.9658971428871155,1.0,1.0,1.0,0.7487720251083374,-0.034027259796857834,-0.024693209677934647,0.6282025575637817,0.0,0.9562966823577881,3.4800000190734863,0.0,0.8512864112854004,0.9562966823577881,564.0,-1.0,-1.0,PASS,2.0,0.0
564,24.82128143310547,-0.03054802119731903,0.01248240191489458,0.0,3.4800000190734863,0.9375187754631042,0.999999463558197,0.9643438458442688,0.9443667531013489,1.0,1.0,1.0,0.7685580253601074,-0.03054802119731903,-0.01992136985063553,0.7151889204978943,0.0,0.9375187754631042,3.4800000190734863,0.0,0.8512864112854004,0.9375187754631042,565.0,-1.0,-1.0,PASS,2.0,0.0
565,24.355649948120117,-0.04057874530553818,0.01408062968403101,0.0,3.4800000190734863,0.953380823135376,0.999999463558197,0.9667559266090393,0.9723305106163025,1.0,1.0,1.0,0.7472400069236755,-0.04057874530553818,-0.028591305017471313,0.8067606687545776,0.0,0.953380823135376,3.4800000190734863,0.0,0.8512864112854004,0.953380823135376,566.0,-1.0,-1.0,PASS,2.0,0.0
566,26.79157257080078,-0.040378469973802567,0.01562053244560957,0.0,3.4800000190734863,0.9562748074531555,0.999999463558197,0.9692423343658447,0.9732424020767212,1.0,1.0,1.0,0.7728369832038879,-0.040378469973802567,-0.027079841122031212,0.8949905633926392,0.0,0.9562748074531555,3.4800000190734863,0.0,0.8512864112854004,0.9562748074531555,567.0,-1.0,-1.0,PASS,2.0,0.0
567,24.643421173095703,-0.039141375571489334,0.013565236702561378,0.0,3.4800000190734863,0.9439458847045898,0.999999463558197,0.9711009860038757,0.9440740942955017,1.0,1.0,1.0,0.7806310057640076,-0.039141375571489334,-0.027592765167355537,0.7772307991981506,0.0,0.9439458847045898,3.4800000190734863,0.0,0.8512864112854004,0.9439458847045898,568.0,-1.0,-1.0,PASS,2.0,0.0
568,27.89592742919922,-0.04012192040681839,0.013950943015515804,0.0,3.4800000190734863,0.9515909552574158,0.999999463558197,0.9631856679916382,0.9759246706962585,1.0,1.0,1.0,0.7688090205192566,-0.04012192040681839,-0.028244901448488235,0.7993301749229431,0.0,0.9515909552574158,3.4800000190734863,0.0,0.8512864112854004,0.9515909552574158,569.0,-1.0,-1.0,PASS,2.0,0.0
569,30.698060989379883,-0.042306043207645416,0.014044244773685932,0.0,3.4800000190734863,0.9410750865936279,0.999999463558197,0.9589648246765137,0.962689995765686,1.0,1.0,1.0,0.7644410133361816,-0.042306043207645416,-0.03034958243370056,0.8046759366989136,0.0,0.9410750865936279,3.4800000190734863,0.0,0.8512864112854004,0.9410750865936279,570.0,-1.0,-1.0,PASS,2.0,0.0
570,31.124114990234375,-0.03940492868423462,0.014061315916478634,0.0,3.4800000190734863,0.9532285928726196,0.999999463558197,0.9626214504241943,0.9804852604866028,1.0,1.0,0.0,1.7696000337600708,-0.03940492868423462,-0.027433931827545166,0.8056540489196777,0.0,0.9532285928726196,3.4800000190734863,0.0,0.8512864112854004,0.9532285928726196,571.0,-1.0,-1.0,PASS,2.0,0.0
571,32.810211181640625,-0.04052470624446869,0.014020120725035667,0.0,3.4800000190734863,0.9540706276893616,0.999999463558197,0.9667503833770752,0.9737688899040222,1.0,1.0,1.0,0.7627580165863037,-0.04052470624446869,-0.028588786721229553,0.803293764591217,0.0,0.9540706276893616,3.4800000190734863,0.0,0.8512864112854004,0.9540706276893616,572.0,-1.0,-1.0,PASS,2.0,0.0
572,34.70802307128906,-0.04006774351000786,0.014448008500039577,0.0,3.4800000190734863,0.9574598073959351,0.999999463558197,0.9697017669677734,0.9747515320777893,1.0,1.0,1.0,0.7511969804763794,-0.04006774351000786,-0.027767494320869446,0.8278099298477173,0.0,0.9574598073959351,3.4800000190734863,0.0,0.8512864112854004,0.9574598073959351,573.0,-1.0,-1.0,PASS,2.0,0.0
573,37.55974769592285,-0.039323627948760986,0.013792003504931927,0.0,3.4800000190734863,0.955567479133606,0.999999463558197,0.9649680852890015,0.980516791343689,1.0,1.0,1.0,0.7328429818153381,-0.039323627948760986,-0.027581937611103058,0.7902235984802246,0.0,0.955567479133606,3.4800000190734863,0.0,0.8512864112854004,0.955567479133606,574.0,-1.0,-1.0,PASS,2.0,0.0
574,37.66179084777832,-0.03762258216738701,0.014870917424559593,0.0,3.4800000190734863,0.9470727443695068,0.999999463558197,0.9709597229957581,0.9507977366447449,1.0,1.0,1.0,0.7661250233650208,-0.03762258216738701,-0.02496223896741867,0.8520408272743225,0.0,0.9470727443695068,3.4800000190734863,0.0,0.8512864112854004,0.9470727443695068,575.0,-1.0,-1.0,PASS,2.0,0.0
575,39.713144302368164,-0.03630613908171654,0.015161807648837566,0.0,3.4800000190734863,0.9564005136489868,0.999999463558197,0.9769400954246521,0.9579517245292664,1.0,1.0,1.0,0.8115090131759644,-0.03630613908171654,-0.023398108780384064,0.8687075972557068,0.0,0.9564005136489868,3.4800000190734863,0.0,0.8512864112854004,0.9564005136489868,576.0,-1.0,-1.0,PASS,2.0,0.0
576,41.26882553100586,-0.034120164811611176,0.014306046068668365,0.0,3.4800000190734863,0.9597665071487427,0.999999463558197,0.9768691062927246,0.9649852514266968,1.0,1.0,1.0,0.8397110104560852,-0.034120164811611176,-0.021940791979432106,0.8196760416030884,0.0,0.9597665071487427,3.4800000190734863,0.0,0.8512864112854004,0.9597665071487427,577.0,-1.0,-1.0,PASS,2.0,0.0
577,43.55335235595703,-0.032561421394348145,0.016155587509274483,0.0,3.4800000190734863,0.9621248245239258,0.999999463558197,0.9767817854881287,0.9699898362159729,1.0,1.0,1.0,0.7510370016098022,-0.032561421394348145,-0.018807193264365196,0.925646960735321,0.0,0.9621248245239258,3.4800000190734863,0.0,0.8512864112854004,0.9621248245239258,578.0,-1.0,-1.0,PASS,2.0,0.0
578,46.769142150878906,-0.03208814561367035,0.015953585505485535,0.0,3.4800000190734863,0.9596906900405884,0.999999463558197,0.9724499583244324,0.9737590551376343,1.0,1.0,1.0,0.7772660255432129,-0.03208814561367035,-0.018505923449993134,0.91407310962677,0.0,0.9596906900405884,3.4800000190734863,0.0,0.8512864112854004,0.9596906900405884,579.0,-1.0,-1.0,PASS,2.0,0.0
579,24.78647232055664,-0.029613671824336052,0.016274170950055122,0.0,3.4800000190734863,0.9513441324234009,0.999999463558197,0.9744297862052917,0.9526175856590271,1.0,1.0,1.0,0.7744399905204773,-0.029613671824336052,-0.015758467838168144,0.9324412941932678,0.0,0.9513441324234009,3.4800000190734863,0.0,0.8512864112854004,0.9513441324234009,580.0,-1.0,-1.0,PASS,2.0,0.0
580,24.88541603088379,-0.028175972402095795,0.015791846439242363,0.0,3.4800000190734863,0.9593008160591125,0.999999463558197,0.9793208241462708,0.9591149687767029,1.0,1.0,1.0,0.7479910254478455,-0.028175972402095795,-0.014731470495462418,0.9048061370849609,0.0,0.9593008160591125,3.4800000190734863,0.0,0.8512864112854004,0.9593008160591125,581.0,-1.0,-1.0,PASS,2.0,0.0
581,26.18861198425293,-0.02376803569495678,0.017495807260274887,0.0,3.4800000190734863,0.9654632806777954,0.999999463558197,0.979012668132782,0.9723207354545593,1.0,1.0,1.0,0.7636100053787231,-0.02376803569495678,-0.008872573263943195,1.0024359226226807,0.0,0.9654632806777954,3.4800000190734863,0.0,0.8512864112854004,0.9654632806777954,582.0,-1.0,-1.0,PASS,2.0,0.0
582,25.241613388061523,-0.02600274048745632,0.016575777903199196,0.0,3.4800000190734863,0.9594695568084717,0.999999463558197,0.9760681986808777,0.9659892320632935,1.0,1.0,1.0,0.7595019936561584,-0.02600274048745632,-0.011890714056789875,0.9497221112251282,0.0,0.9594695568084717,3.4800000190734863,0.0,0.8512864112854004,0.9594695568084717,583.0,-1.0,-1.0,PASS,2.0,0.0
583,24.866342544555664,-0.023455141112208366,0.01599780283868313,0.0,3.4800000190734863,0.9570618867874146,0.999999463558197,0.9808822870254517,0.9514310956001282,1.0,1.0,1.0,0.7544329762458801,-0.023455141112208366,-0.009835267439484596,0.916606605052948,0.0,0.9570618867874146,3.4800000190734863,0.0,0.8512864112854004,0.9570618867874146,584.0,-1.0,-1.0,PASS,2.0,0.0
584,24.52397346496582,-0.02362753450870514,0.014469876885414124,0.0,3.4800000190734863,0.966888427734375,0.999999463558197,0.9803689122200012,0.972499668598175,1.0,1.0,1.0,0.7655439972877502,-0.02362753450870514,-0.01130866538733244,0.8290628790855408,0.0,0.966888427734375,3.4800000190734863,0.0,0.8512864112854004,0.966888427734375,585.0,-1.0,-1.0,PASS,2.0,0.0
585,25.397062301635742,-0.02219012938439846,0.017178846523165703,0.0,3.4800000190734863,0.9576311111450195,0.999999463558197,0.98005610704422,0.9542377591133118,1.0,1.0,0.0,1.7503650188446045,-0.02219012938439846,-0.007564572151750326,0.9842754006385803,0.0,0.9576311111450195,3.4800000190734863,0.0,0.8512864112854004,0.9576311111450195,586.0,-1.0,-1.0,PASS,2.0,0.0
586,25.035381317138672,-0.019169075414538383,0.01652855984866619,0.0,3.4800000190734863,0.9635393619537354,0.999999463558197,0.9818006753921509,0.9628008008003235,1.0,1.0,1.0,0.7407169938087463,-0.019169075414538383,-0.005097255576401949,0.947016716003418,0.0,0.9635393619537354,3.4800000190734863,0.0,0.8512864112854004,0.9635393619537354,587.0,-1.0,-1.0,PASS,2.0,0.0
587,24.170398712158203,-0.017119133844971657,0.017271416261792183,0.0,3.4800000190734863,0.9661481380462646,0.999999463558197,0.9819371104240417,0.9678416848182678,1.0,1.0,1.0,0.7432420253753662,-0.017119133844971657,-0.0024147499352693558,0.9895792603492737,0.0,0.9661481380462646,3.4800000190734863,0.0,0.8512864112854004,0.9661481380462646,588.0,-1.0,-1.0,PASS,2.0,0.0
588,50.139427185058594,-0.015041867271065712,0.016918670386075974,0.0,3.4800000190734863,0.9571582674980164,0.999999463558197,0.9803817272186279,0.9526240825653076,1.0,1.0,1.0,0.7630280256271362,-0.015041867271065712,-0.0006378588732331991,0.9693683981895447,0.0,0.9571582674980164,3.4800000190734863,0.0,0.8512864112854004,0.9571582674980164,589.0,-1.0,-1.0,PASS,2.0,0.0
589,25.455951690673828,-0.011800993233919144,0.01872084103524685,0.0,3.4800000190734863,0.9605737328529358,0.999999463558197,0.9795331358909607,0.9612894654273987,1.0,1.0,1.0,0.7496740221977234,-0.011800993233919144,0.004137665964663029,1.0726251602172852,0.0,0.9605737328529358,3.4800000190734863,0.0,0.8512864112854004,0.9605737328529358,590.0,-1.0,-1.0,PASS,2.0,0.0
590,24.84130859375,-0.010401972569525242,0.01803308166563511,0.0,3.4800000190734863,0.9654135704040527,0.999999463558197,0.9826770424842834,0.96486496925354,1.0,1.0,1.0,0.753341019153595,-0.010401972569525242,0.004951009061187506,1.0332194566726685,0.0,0.9654135704040527,3.4800000190734863,0.0,0.8512864112854004,0.9654135704040527,591.0,-1.0,-1.0,PASS,2.0,0.0
591,26.525020599365234,-0.008115258067846298,0.019740846008062363,0.0,3.4800000190734863,0.9687391519546509,0.999999463558197,0.9834883809089661,0.9700068235397339,1.0,1.0,1.0,0.7859709858894348,-0.008115258067846298,0.008692039176821709,1.131067156791687,0.0,0.9687391519546509,3.4800000190734863,0.0,0.8512864112854004,0.9687391519546509,592.0,-1.0,-1.0,PASS,2.0,0.0
592,24.72829818725586,-0.007303780410438776,0.020833490416407585,0.0,3.4800000190734863,0.9587663412094116,0.999999463558197,0.9818160533905029,0.9530472755432129,1.0,1.0,1.0,0.7610359787940979,-0.007303780410438776,0.010434052906930447,1.1936711072921753,0.0,0.9587663412094116,3.4800000190734863,0.0,0.8512864112854004,0.9587663412094116,593.0,-1.0,-1.0,PASS,2.0,0.0
593,23.665904998779297,-0.006085053086280823,0.01946210488677025,0.0,3.4800000190734863,0.9593939781188965,0.999999463558197,0.9810236096382141,0.9559044241905212,1.0,1.0,1.0,0.7477909922599792,-0.006085053086280823,0.010484864003956318,1.1150964498519897,0.0,0.9593939781188965,3.4800000190734863,0.0,0.8512864112854004,0.9593939781188965,594.0,-1.0,-1.0,PASS,2.0,0.0
594,25.12335777282715,-0.00413014879450202,0.01983124390244484,0.0,3.4800000190734863,0.9635046720504761,0.999999463558197,0.9826004505157471,0.9611327648162842,1.0,1.0,1.0,0.7641710042953491,-0.00413014879450202,0.012754132971167564,1.1362465620040894,0.0,0.9635046720504761,3.4800000190734863,0.0,0.8512864112854004,0.9635046720504761,595.0,-1.0,-1.0,PASS,2.0,0.0
595,25.640010833740234,-0.005627017002552748,0.019382601603865623,0.0,3.4800000190734863,0.9652205109596252,0.999999463558197,0.9855664372444153,0.958712637424469,1.0,1.0,1.0,0.7515770196914673,-0.005627017002552748,0.01087519433349371,1.1105412244796753,0.0,0.9652205109596252,3.4800000190734863,0.0,0.8512864112854004,0.9652205109596252,596.0,-1.0,-1.0,PASS,2.0,0.0
596,29.18720245361328,-0.006235808599740267,0.019792230799794197,0.0,3.4800000190734863,0.9642540812492371,0.999999463558197,0.9851717948913574,0.9575353860855103,1.0,1.0,1.0,0.7688400149345398,-0.006235808599740267,0.010615249164402485,1.1340112686157227,0.0,0.9642540812492371,3.4800000190734863,0.0,0.8512864112854004,0.9642540812492371,597.0,-1.0,-1.0,PASS,2.0,0.0
597,28.918743133544922,-0.002988420659676194,0.018658742308616638,0.0,3.4800000190734863,0.9633296132087708,0.999999463558197,0.9807435870170593,0.9644887447357178,1.0,1.0,1.0,0.7482119798660278,-0.002988420659676194,0.012897356413304806,1.0690672397613525,0.0,0.9633296132087708,3.4800000190734863,0.0,0.8512864112854004,0.9633296132087708,598.0,-1.0,-1.0,PASS,2.0,0.0
598,30.67755699157715,0.0013202533591538668,0.019126586616039276,0.0,3.4800000190734863,0.9432094693183899,0.999999463558197,0.9683167934417725,0.9481427669525146,1.0,1.0,1.0,0.7364100217819214,0.0013202533591538668,0.017604442313313484,1.0958726406097412,0.0,0.9432094693183899,3.4800000190734863,0.0,0.8512864112854004,0.9432094693183899,599.0,-1.0,-1.0,PASS,2.0,0.0
599,34.12222862243652,0.0036610374227166176,0.020501071587204933,0.0,3.4800000190734863,0.9514852166175842,0.999999463558197,0.9710217714309692,0.9597613215446472,1.0,1.0,1.0,0.7699009776115417,0.0036610374227166176,0.02111576683819294,1.1746249198913574,0.0,0.9514852166175842,3.4800000190734863,0.0,0.8512864112854004,0.9514852166175842,600.0,-1.0,-1.0,PASS,2.0,0.0
600,36.07487678527832,0.003123273840174079,0.020828038454055786,0.0,3.4800000190734863,0.958299458026886,0.999999463558197,0.9786071181297302,0.9584973454475403,1.0,1.0,0.0,1.7636690139770508,0.003123273840174079,0.0208564642816782,1.1933586597442627,0.0,0.958299458026886,3.4800000190734863,0.0,0.8512864112854004,0.958299458026886,601.0,-1.0,-1.0,PASS,2.0,0.0
601,37.54615783691406,0.004616457503288984,0.020724857226014137,0.0,3.4800000190734863,0.9626742005348206,0.999999463558197,0.9807463884353638,0.9631465673446655,1.0,1.0,1.0,0.730288028717041,0.004616457503288984,0.02226177230477333,1.1874468326568604,0.0,0.9626742005348206,3.4800000190734863,0.0,0.8512864112854004,0.9626742005348206,602.0,-1.0,-1.0,PASS,2.0,0.0
602,39.34812545776367,0.006867497228085995,0.020310446619987488,0.0,3.4800000190734863,0.9608819484710693,0.999999463558197,0.9745748043060303,0.9719003438949585,1.0,1.0,1.0,0.7331029772758484,0.006867497228085995,0.024159882217645645,1.1637028455734253,0.0,0.9608819484710693,3.4800000190734863,0.0,0.8512864112854004,0.9608819484710693,603.0,-1.0,-1.0,PASS,2.0,0.0
603,41.550397872924805,0.009099396876990795,0.0186788160353899,0.0,3.4800000190734863,0.947073757648468,0.999999463558197,0.9714947938919067,0.9497253894805908,1.0,1.0,1.0,0.7419689893722534,0.009099396876990795,0.025002269074320793,1.0702173709869385,0.0,0.947073757648468,3.4800000190734863,0.0,0.8512864112854004,0.947073757648468,604.0,-1.0,-1.0,PASS,2.0,0.0
604,44.71731185913086,-0.0050212424248456955,0.021830253303050995,0.0,3.4800000190734863,0.9574437141418457,0.999999463558197,0.9780322909355164,0.9578985571861267,1.0,1.0,1.0,0.7653530240058899,-0.0050212424248456955,0.013565507717430592,1.2507814168930054,0.0,0.9574437141418457,3.4800000190734863,0.0,0.8512864112854004,0.9574437141418457,605.0,-1.0,-1.0,PASS,2.0,0.0
605,46.49066925048828,-0.004215336870402098,0.022789878770709038,0.0,3.4800000190734863,0.963599443435669,0.999999463558197,0.9828664064407349,0.9607948064804077,1.0,1.0,1.0,0.7527589797973633,-0.004215336870402098,0.015188736841082573,1.305763840675354,0.0,0.963599443435669,3.4800000190734863,0.0,0.8512864112854004,0.963599443435669,606.0,-1.0,-1.0,PASS,2.0,0.0
606,27.12273597717285,-0.0028898899909108877,0.021913450211286545,0.0,3.4800000190734863,0.9663885831832886,0.999999463558197,0.984216570854187,0.9637727737426758,1.0,1.0,1.0,0.7543920278549194,-0.0028898899909108877,0.015767719596624374,1.2555482387542725,0.0,0.9663885831832886,3.4800000190734863,0.0,0.8512864112854004,0.9663885831832886,607.0,3.504077911376953,-1.0,PASS,2.0,0.0
607,24.812698364257812,0.012885717675089836,0.02095806412398815,0.0,3.4800000190734863,0.9660812020301819,0.999999463558197,0.9845125079154968,0.9625580906867981,1.0,1.0,1.0,0.7608640193939209,0.012885717675089836,0.030729645863175392,1.2008086442947388,0.0,0.9660812020301819,3.4800000190734863,0.0,0.8512864112854004,0.9660812020301819,608.0,-1.0,-1.0,PASS,2.0,0.0
608,24.47032928466797,0.014312813989818096,0.019180936738848686,0.0,3.4800000190734863,0.968325674533844,0.999999463558197,0.9845671057701111,0.9670085310935974,1.0,1.0,1.0,0.7388129830360413,0.014312813989818096,0.030643288046121597,1.0989867448806763,0.0,0.968325674533844,3.4800000190734863,0.0,0.8512864112854004,0.968325674533844,609.0,3.5028274059295654,-1.0,PASS,2.0,0.0
609,36.930084228515625,0.017764436081051826,0.021705826744437218,0.0,3.4800000190734863,0.9647224545478821,0.999999463558197,0.9852595329284668,0.958311915397644,1.0,1.0,1.0,1.0836540460586548,0.017764436081051826,0.03624521195888519,1.2436522245407104,0.0,0.9647224545478821,3.4800000190734863,0.0,0.8512864112854004,0.9647224545478821,610.0,3.2402443885803223,-1.0,PASS,2.0,0.0
610,25.606393814086914,0.018888957798480988,0.019450422376394272,0.0,3.4800000190734863,0.9689627885818481,0.999999463558197,0.9882299304008484,0.961007297039032,1.0,1.0,1.0,0.7349969744682312,0.018888957798480988,0.03544892743229866,1.114427089691162,0.0,0.9689627885818481,3.4800000190734863,0.0,0.8512864112854004,0.9689627885818481,611.0,3.2402443885803223,5.380958080291748,PASS,2.0,0.0
611,28.818607330322266,0.020100217312574387,0.020455751568078995,0.0,3.4800000190734863,0.971135675907135,0.999999463558197,0.9895246028900146,0.9628332853317261,1.0,1.0,1.0,0.7409080266952515,0.020100217312574387,0.03751634806394577,1.1720281839370728,0.0,0.971135675907135,3.4800000190734863,0.0,0.8512864112854004,0.971135675907135,612.0,3.2390658855438232,-1.0,PASS,2.0,0.0
612,26.848554611206055,0.023476392030715942,0.02115432359278202,0.0,3.4800000190734863,0.9728698134422302,0.999999463558197,0.9895043969154358,0.9663784503936768,1.0,1.0,1.0,0.7530999779701233,0.023476392030715942,0.04148746654391289,1.2120534181594849,0.0,0.9728698134422302,3.4800000190734863,0.0,0.8512864112854004,0.9728698134422302,613.0,3.2402443885803223,-1.0,PASS,2.0,0.0
613,26.175737380981445,0.023679375648498535,0.021530326455831528,0.0,3.4800000190734863,0.9691510796546936,0.999999463558197,0.9896659851074219,0.9585422873497009,1.0,1.0,1.0,0.733473002910614,0.023679375648498535,0.04201068356633186,1.2335968017578125,0.0,0.9691510796546936,3.4800000190734863,0.0,0.8512864112854004,0.9691510796546936,614.0,3.4333088397979736,-1.0,PASS,2.0,0.0
614,25.500059127807617,0.02545759826898575,0.020972056314349174,0.0,3.4800000190734863,0.9692491292953491,0.999999463558197,0.9890713095664978,0.9599180817604065,1.0,1.0,1.0,0.755204975605011,0.02545759826898575,0.043313443660736084,1.2016103267669678,0.0,0.9692491292953491,3.4800000190734863,0.0,0.8512864112854004,0.9692491292953491,615.0,3.3658416271209717,-1.0,PASS,2.0,0.0
615,27.11009979248047,0.009862525388598442,0.02375553920865059,0.0,3.4800000190734863,0.965069055557251,0.999999463558197,0.9863724112510681,0.9568051099777222,1.0,1.0,0.0,1.7192660570144653,0.009862525388598442,0.03008909709751606,1.3610920906066895,0.0,0.965069055557251,3.4800000190734863,0.0,0.8512864112854004,0.965069055557251,616.0,3.0039050579071045,-1.0,PASS,2.0,0.0
616,28.103113174438477,0.012343871407210827,0.022393524646759033,0.0,3.4800000190734863,0.9716911315917969,0.999999463558197,0.9901586174964905,0.9626984000205994,1.0,1.0,1.0,2.4327540397644043,0.012343871407210827,0.03141036257147789,1.2830544710159302,0.0,0.9716911315917969,3.4800000190734863,0.0,0.8512864112854004,0.9716911315917969,617.0,3.002790689468384,4.987979412078857,PASS,2.0,0.0
617,26.01790428161621,0.027351440861821175,0.020784888416528702,0.0,3.4800000190734863,0.972532331943512,0.999999463558197,0.9912851452827454,0.9621652364730835,1.0,1.0,1.0,0.7869830131530762,0.027351440861821175,0.045047882944345474,1.190886378288269,0.0,0.972532331943512,3.4800000190734863,0.0,0.8512864112854004,0.972532331943512,618.0,3.176912546157837,4.5383381843566895,PASS,2.0,0.0
618,27.19259262084961,0.028614765033125877,0.0203216802328825,0.0,3.4800000190734863,0.9732434749603271,0.999999463558197,0.9917975664138794,0.9625855088233948,1.0,1.0,1.0,0.7429310083389282,0.028614765033125877,0.04591671749949455,1.16434645652771,0.0,0.9732434749603271,3.4800000190734863,0.0,0.8512864112854004,0.9732434749603271,619.0,3.175750732421875,4.868927955627441,PASS,2.0,0.0
619,27.34518051147461,0.013948406092822552,0.021835273131728172,0.0,3.4800000190734863,0.9739565849304199,0.999999463558197,0.9915138483047485,0.9645853638648987,1.0,1.0,1.0,0.7365700006484985,0.013948406092822552,0.032539431005716324,1.2510689496994019,0.0,0.9739565849304199,3.4800000190734863,0.0,0.8512864112854004,0.9739565849304199,620.0,3.1187820434570312,4.757656097412109,PASS,2.0,0.0
620,26.161670684814453,0.026248449459671974,0.021266315132379532,0.0,3.4800000190734863,0.9727190732955933,0.999999463558197,0.9916210174560547,0.9618772864341736,1.0,1.0,1.0,0.748100996017456,0.026248449459671974,0.04435490444302559,1.2184700965881348,0.0,0.9727190732955933,3.4800000190734863,0.0,0.8512864112854004,0.9727190732955933,621.0,2.7918753623962402,4.639678001403809,PASS,2.0,0.0
621,26.95178985595703,0.022935550659894943,0.02168438397347927,0.0,3.4800000190734863,0.9743831753730774,0.999999463558197,0.9918956160545349,0.9646894931793213,1.0,1.0,1.0,0.7426609992980957,0.022935550659894943,0.0413980670273304,1.2424236536026,0.0,0.9743831753730774,3.4800000190734863,0.0,0.8512864112854004,0.9743831753730774,622.0,2.7918753623962402,4.641238689422607,PASS,2.0,0.0
622,27.640581130981445,0.022106537595391273,0.018058303743600845,0.0,3.4800000190734863,0.9748287200927734,0.999999463558197,0.9926417469978333,0.9641104340553284,1.0,1.0,1.0,0.7784579992294312,0.022106537595391273,0.037480998784303665,1.0346646308898926,0.0,0.9748287200927734,3.4800000190734863,0.0,0.8512864112854004,0.9748287200927734,623.0,2.790818452835083,4.639678001403809,PASS,2.0,0.0
623,26.57485008239746,0.020531021058559418,0.016048261895775795,0.0,3.4800000190734863,0.9743134379386902,0.999999463558197,0.992271900177002,0.9638038873672485,1.0,1.0,1.0,0.7545329928398132,0.020531021058559418,0.03419386222958565,0.9194976687431335,0.0,0.9743134379386902,3.4800000190734863,0.0,0.8512864112854004,0.9743134379386902,624.0,2.789761781692505,4.6369476318359375,PASS,2.0,0.0
624,25.416135787963867,0.017099754884839058,0.015575902536511421,0.0,3.4800000190734863,0.9738705158233643,0.999999463558197,0.9925684332847595,0.9623246788978577,1.0,1.0,1.0,0.7475900053977966,0.017099754884839058,0.030360382050275803,0.8924334645271301,0.0,0.9738705158233643,3.4800000190734863,0.0,0.8512864112854004,0.9738705158233643,625.0,2.5998342037200928,4.143829822540283,PASS,2.0,0.0
625,26.289701461791992,0.015923351049423218,0.013256468810141087,0.0,3.4800000190734863,0.973671555519104,0.999999463558197,0.9924703240394592,0.9621176719665527,1.0,1.0,1.0,0.7555149793624878,0.015923351049423218,0.02720906399190426,0.7595397233963013,0.0,0.973671555519104,3.4800000190734863,0.0,0.8512864112854004,0.973671555519104,626.0,2.692031145095825,4.142405033111572,PASS,2.0,0.0
626,26.665210723876953,0.012411956675350666,0.013499367982149124,0.0,3.4800000190734863,0.9751884937286377,0.999999463558197,0.9929059147834778,0.9643125534057617,1.0,1.0,1.0,0.7415990233421326,0.012411956675350666,0.023904483765363693,0.7734568119049072,0.0,0.9751884937286377,3.4800000190734863,0.0,0.8512864112854004,0.9751884937286377,627.0,2.4261832237243652,4.14276123046875,PASS,2.0,0.0
627,27.905702590942383,0.022268660366535187,0.012400400824844837,0.0,3.4800000190734863,0.9753245711326599,0.999999463558197,0.9932708740234375,0.9638646841049194,1.0,1.0,1.0,0.8153359889984131,0.022268660366535187,0.032825492322444916,0.7104906439781189,0.0,0.9753245711326599,3.4800000190734863,0.0,0.8512864112854004,0.9753245711326599,628.0,2.4261832237243652,4.141693115234375,PASS,2.0,0.0
628,28.031587600708008,0.019634367898106575,0.01159355416893959,0.0,3.4800000190734863,0.9750736355781555,0.999999463558197,0.9934089183807373,0.963086724281311,1.0,1.0,1.0,0.7485520243644714,0.019634367898106575,0.02950424514710903,0.6642616987228394,0.0,0.9750736355781555,3.4800000190734863,0.0,0.8512864112854004,0.9750736355781555,629.0,2.424267530441284,4.139912128448486,PASS,2.0,0.0
629,44.426679611206055,0.017432576045393944,0.00884458888322115,0.0,3.4800000190734863,0.974960446357727,0.999999463558197,0.9933201670646667,0.9630340337753296,1.0,1.0,1.0,0.7442839741706848,0.017432576045393944,0.0249620508402586,0.5067576169967651,0.0,0.974960446357727,3.4800000190734863,0.0,0.8512864112854004,0.974960446357727,630.0,2.267320156097412,4.139912128448486,PASS,2.0,0.0
630,26.578187942504883,0.014822893775999546,0.005627608858048916,0.0,3.4800000190734863,0.975679337978363,0.999999463558197,0.9933395385742188,0.9644433259963989,1.0,1.0,0.0,1.7259390354156494,0.014822893775999546,0.01961365155875683,0.32243824005126953,0.0,0.975679337978363,3.4800000190734863,0.0,0.8512864112854004,0.975679337978363,631.0,2.266404867172241,4.3284759521484375,PASS,2.0,0.0
631,25.00176429748535,0.024253414943814278,0.0016663246788084507,0.0,3.4800000190734863,0.974905252456665,0.999999463558197,0.9931578040122986,0.9632439613342285,1.0,1.0,1.0,0.7417500019073486,0.024253414943814278,0.025671936571598053,0.09547337144613266,0.0,0.974905252456665,3.4800000190734863,0.0,0.8512864112854004,0.974905252456665,632.0,2.3038430213928223,4.233983516693115,PASS,2.0,0.0
632,27.93407440185547,0.022197837010025978,0.0010938617633655667,0.0,3.4800000190734863,0.9754759073257446,0.999999463558197,0.9934077858924866,0.9638987183570862,1.0,1.0,1.0,0.7584099769592285,0.022197837010025978,0.02312902733683586,0.0626736655831337,0.0,0.9754759073257446,3.4800000190734863,0.0,0.8512864112854004,0.9754759073257446,633.0,2.1237616539001465,4.233620643615723,PASS,2.0,0.0
633,27.219057083129883,0.020499708130955696,0.0003742168773896992,0.0,3.4800000190734863,0.9754917025566101,0.999999463558197,0.9935814738273621,0.9635872840881348,1.0,1.0,1.0,0.7733479738235474,0.020499708130955696,0.020818274468183517,0.02144104801118374,0.0,0.9754917025566101,3.4800000190734863,0.0,0.8512864112854004,0.9754917025566101,634.0,2.191291332244873,3.805739164352417,PASS,2.0,0.0
634,28.915882110595703,0.019154585897922516,0.00036840979009866714,0.0,3.4800000190734863,0.975640594959259,0.999999463558197,0.9937612414360046,0.9635316133499146,1.0,1.0,1.0,0.7296259999275208,0.019154585897922516,0.019468208774924278,0.021108325570821762,0.0,0.975640594959259,3.4800000190734863,0.0,0.8512864112854004,0.975640594959259,635.0,1.9902684688568115,3.80407452583313,PASS,2.0,0.0
635,27.87017822265625,0.017278313636779785,0.002615738892927766,0.0,3.4800000190734863,0.9753113389015198,0.999999463558197,0.9936262965202332,0.9631356596946716,1.0,1.0,1.0,0.7589210271835327,0.017278313636779785,0.019505061209201813,0.14987079799175262,0.0,0.9753113389015198,3.4800000190734863,0.0,0.8512864112854004,0.9753113389015198,636.0,2.0543346405029297,4.048342227935791,PASS,2.0,0.0
636,25.533676147460938,0.015856891870498657,0.0010480660712346435,0.0,3.4800000190734863,0.9749953746795654,0.999999463558197,0.9930943846702576,0.9635508060455322,1.0,1.0,1.0,0.7484019994735718,0.015856891870498657,0.016749097034335136,0.06004976108670235,0.0,0.9749953746795654,3.4800000190734863,0.0,0.8512864112854004,0.9749953746795654,637.0,1.8680758476257324,3.966031312942505,PASS,2.0,0.0
637,25.243520736694336,0.02745085582137108,-0.005407712422311306,0.0,3.4800000190734863,0.9744582176208496,0.999999463558197,0.9928413033485413,0.9629692435264587,1.0,1.0,1.0,0.7274420261383057,0.02745085582137108,0.02284729853272438,-0.3098390996456146,0.0,0.9744582176208496,3.4800000190734863,0.0,0.8512864112854004,0.9744582176208496,638.0,1.8672689199447632,3.8850746154785156,PASS,2.0,0.0
638,26.346445083618164,0.023307032883167267,-0.005782979540526867,0.0,3.4800000190734863,0.9737232327461243,0.999999463558197,0.9888352155685425,0.9694353938102722,1.0,1.0,1.0,0.7571380138397217,0.023307032883167267,0.01838400587439537,-0.33134031295776367,0.0,0.9737232327461243,3.4800000190734863,0.0,0.8512864112854004,0.9737232327461243,639.0,1.8672689199447632,3.8827052116394043,PASS,2.0,0.0
639,26.070833206176758,0.006814857013523579,-0.003447566879913211,0.0,3.4800000190734863,0.9755141735076904,0.999999463558197,0.9800689220428467,0.9907057881355286,1.0,1.0,1.0,0.759361982345581,0.006814857013523579,0.0038799785543233156,-0.19753102958202362,0.0,0.9755141735076904,3.4800000190734863,0.0,0.8512864112854004,0.9755141735076904,640.0,1.755124568939209,3.8030755519866943,PASS,2.0,0.0
640,28.097152709960938,0.006790260784327984,0.002773539163172245,0.0,3.4800000190734863,0.947584331035614,0.999999463558197,0.9659299254417419,0.9620151519775391,1.0,1.0,1.0,0.7420899868011475,0.006790260784327984,0.009151343256235123,0.15891209244728088,0.0,0.947584331035614,3.4800000190734863,0.0,0.8512864112854004,0.947584331035614,641.0,1.755124568939209,3.723033905029297,PASS,2.0,0.0
641,24.397850036621094,0.0033602025359869003,0.0007945302641019225,0.0,3.4800000190734863,0.9474999308586121,0.999999463558197,0.964594841003418,0.9645557403564453,1.0,1.0,1.0,0.7576689720153809,0.0033602025359869003,0.004036575555801392,0.045523229986429214,0.0,0.9474999308586121,3.4800000190734863,0.0,0.8512864112854004,0.9474999308586121,642.0,1.6511523723602295,3.652596950531006,PASS,2.0,0.0
642,25.383710861206055,0.0011084723519161344,0.0008428492001257837,0.0,3.4800000190734863,0.9475153684616089,0.999999463558197,0.9626962542533875,0.9684621691703796,1.0,1.0,1.0,0.806318998336792,0.0011084723519161344,0.0018259786302223802,0.04829170182347298,0.0,0.9475153684616089,3.4800000190734863,0.0,0.8512864112854004,0.9475153684616089,643.0,1.6511523723602295,3.577984571456909,PASS,2.0,0.0
643,24.692773818969727,0.0039690653793513775,0.0013613111805170774,0.0,3.4800000190734863,0.9484889507293701,0.999999463558197,0.9612652659416199,0.9734182357788086,1.0,1.0,1.0,0.7529000043869019,0.0039690653793513775,0.005127931945025921,0.07799738645553589,0.0,0.9484889507293701,3.4800000190734863,0.0,0.8512864112854004,0.9484889507293701,644.0,1.6504045724868774,3.5175209045410156,PASS,2.0,0.0
644,24.467945098876953,0.005625554360449314,0.0041021136566996574,0.0,3.4800000190734863,0.9462750554084778,0.999999463558197,0.9481680989265442,0.99600750207901,1.0,1.0,1.0,0.7379930019378662,0.005625554360449314,0.00911764707416296,0.2350337952375412,0.0,0.9462750554084778,3.4800000190734863,0.0,0.8512864112854004,0.9462750554084778,645.0,1.5544910430908203,3.4296138286590576,PASS,2.0,0.0
645,26.84617042541504,-0.012288450263440609,0.007479068823158741,0.0,3.4800000190734863,0.9455675482749939,0.999999463558197,0.9479666352272034,0.9949389696121216,1.0,1.0,0.0,1.7266199588775635,-0.012288450263440609,-0.005921502131968737,0.428519070148468,0.0,0.9455675482749939,3.4800000190734863,0.0,0.8512864112854004,0.9455675482749939,646.0,1.5544910430908203,3.3694820404052734,PASS,2.0,0.0
646,25.407075881958008,-0.014849436469376087,0.008828877471387386,0.0,3.4800000190734863,0.9402108788490295,0.999999463558197,0.9437580108642578,0.9924835562705994,1.0,1.0,1.0,0.7209110260009766,-0.014849436469376087,-0.0073333377949893475,0.5058574080467224,0.0,0.9402108788490295,3.4800000190734863,0.0,0.8512864112854004,0.9402108788490295,647.0,1.4664859771728516,3.299738645553589,PASS,2.0,0.0
647,24.257421493530273,0.00568334711715579,-0.006596357095986605,0.0,3.4800000190734863,0.9061157703399658,0.999999463558197,0.9221088886260986,0.9653124809265137,1.0,1.0,1.0,0.7724069952964783,0.00568334711715579,6.787658639950678e-05,-0.3779434263706207,0.0,0.9061157703399658,3.4800000190734863,0.0,0.8512864112854004,0.9061157703399658,648.0,-1.0,3.234351873397827,PASS,2.0,0.0
648,25.09903907775879,-0.028140539303421974,0.013661435805261135,0.0,3.4800000190734863,0.9053909778594971,0.999999463558197,0.9054955244064331,0.9997696280479431,1.0,1.0,1.0,0.8256350159645081,-0.028140539303421974,-0.016510020941495895,0.7827426195144653,0.0,0.9053909778594971,3.4800000190734863,0.0,0.8512864112854004,0.9053909778594971,649.0,-1.0,3.1167774200439453,PASS,2.0,0.0
649,26.96084976196289,-0.028057720512151718,0.016820115968585014,0.0,3.4800000190734863,0.9017757773399353,0.999999463558197,0.90316241979599,0.9969298839569092,1.0,1.0,1.0,0.7308390140533447,-0.028057720512151718,-0.01373763382434845,0.9637216329574585,0.0,0.9017757773399353,3.4800000190734863,0.0,0.8512864112854004,0.9017757773399353,650.0,-1.0,3.0591421127319336,PASS,2.0,0.0
650,28.270959854125977,-0.02221817895770073,0.004681440535932779,0.0,3.4800000190734863,0.8766217827796936,0.9999994039535522,0.8913083672523499,0.9670454859733582,1.0,1.0,1.0,0.7823449969291687,-0.02221817895770073,-0.018232902511954308,0.2682267725467682,0.0,0.8766217827796936,3.4800000190734863,0.0,0.8512864112854004,0.8766217827796936,651.0,-1.0,3.054058313369751,PASS,2.0,0.0
651,25.756359100341797,8.427890861639753e-06,-0.0065972148440778255,0.0,3.4800000190734863,0.8746606111526489,0.9999994039535522,0.8892878293991089,0.9671041369438171,1.0,1.0,1.0,0.733223021030426,8.427890861639753e-06,-0.005607773084193468,-0.37799257040023804,0.0,0.8746606111526489,3.4800000190734863,0.0,0.8512864112854004,0.8746606111526489,652.0,-1.0,2.9986119270324707,PASS,2.0,0.0
652,28.36918830871582,-0.012547777965664864,-0.000593169592320919,0.0,3.4800000190734863,0.866600513458252,0.9999994039535522,0.8714662194252014,0.9888338446617126,1.0,1.0,1.0,1.1336779594421387,-0.012547777965664864,-0.013052735477685928,-0.03398611396551132,0.0,0.866600513458252,3.4800000190734863,0.0,0.8512864112854004,0.866600513458252,653.0,-1.0,2.8891255855560303,PASS,2.0,0.0
653,27.242660522460938,-0.0124425133690238,-0.0033929164055734873,0.0,3.4800000190734863,0.8666594624519348,0.9999994039535522,0.871735692024231,0.9883543252944946,1.0,1.0,1.0,0.771103024482727,-0.0124425133690238,-0.01533086784183979,-0.19439978897571564,0.0,0.8666594624519348,3.4800000190734863,0.0,0.8512864112854004,0.8666594624519348,654.0,-1.0,2.838796615600586,PASS,2.0,0.0
654,25.975942611694336,-0.015051442198455334,-0.0010278195841237903,0.0,3.4800000190734863,0.8402000665664673,0.9999994039535522,0.8522230386734009,0.9717849493026733,1.0,1.0,1.0,0.7544829845428467,-0.015051442198455334,-0.015926411375403404,-0.0588897243142128,0.0,0.8402000665664673,3.4800000190734863,0.0,0.8512864112854004,0.8402000665664673,655.0,-1.0,2.7876479625701904,PASS,2.0,0.0
655,28.44858169555664,-0.007171753328293562,-0.006465337239205837,0.0,3.4800000190734863,0.8396121263504028,0.9999994039535522,0.8520777821540833,0.9707411527633667,1.0,1.0,1.0,0.7439630031585693,-0.007171753328293562,-0.012675683945417404,-0.37043654918670654,0.0,0.8396121263504028,3.4800000190734863,0.0,0.8512864112854004,0.8396121263504028,656.0,-1.0,2.741710662841797,PASS,2.0,0.0
656,29.89983558654785,-0.007958206348121166,-0.008495107293128967,0.0,3.4800000190734863,0.8310482501983643,0.9999994039535522,0.835953414440155,0.9882650971412659,1.0,1.0,1.0,0.7357580065727234,-0.007958206348121166,-0.015190149657428265,-0.4867337942123413,0.0,0.8310482501983643,3.4800000190734863,0.0,0.8512864112854004,0.8310482501983643,657.0,-1.0,2.692288637161255,PASS,2.0,0.0
657,32.19318389892578,-0.020001308992505074,-0.0017888965085148811,0.0,3.4800000190734863,0.8022965788841248,0.9999994039535522,0.8162880539894104,0.9657198190689087,1.0,1.0,1.0,0.7475699782371521,-0.020001308992505074,-0.021524174138903618,-0.10249622166156769,0.0,0.8022965788841248,3.4800000190734863,0.0,0.8512864112854004,0.8022965788841248,658.0,-1.0,2.641800880432129,PASS,2.0,0.0
658,33.362627029418945,-0.010001564398407936,-0.005603162106126547,0.0,3.4800000190734863,0.7956978678703308,0.9999993443489075,0.7991114258766174,0.9914572238922119,1.0,1.0,1.0,0.7319210171699524,-0.010001564398407936,-0.014771509915590286,-0.32103753089904785,0.0,0.7956978678703308,3.4800000190734863,0.0,0.8512864112854004,0.7956978678703308,659.0,-1.0,2.425225257873535,PASS,2.0,0.0
659,34.83915328979492,-0.012386199086904526,-0.006645933259278536,0.0,3.4800000190734863,0.7959375977516174,0.9999993443489075,0.7993581891059875,0.9914424419403076,1.0,1.0,1.0,0.7451050281524658,-0.012386199086904526,-0.018043875694274902,-0.38078391551971436,0.0,0.7959375977516174,3.4800000190734863,0.0,0.8512864112854004,0.7959375977516174,660.0,-1.0,2.4672722816467285,PASS,2.0,0.0
660,35.29500961303711,-0.014025832526385784,-0.006511499639600515,0.0,3.4800000190734863,0.751060426235199,0.9999993443489075,0.7557719945907593,0.9875325560569763,1.0,1.0,0.0,1.71390700340271,-0.014025832526385784,-0.01956906169652939,-0.3730814456939697,0.0,0.751060426235199,3.4800000190734863,0.0,0.8512864112854004,0.751060426235199,661.0,-1.0,2.2700653076171875,PASS,2.0,0.0
661,34.58213806152344,-0.014377332292497158,-0.0063925813883543015,0.0,3.4800000190734863,0.751160204410553,0.9999993443489075,0.7558661699295044,0.9875488877296448,1.0,1.0,1.0,0.7415090203285217,-0.014377332292497158,-0.01981932483613491,-0.3662679195404053,0.0,0.751160204410553,3.4800000190734863,0.0,0.8512864112854004,0.751160204410553,662.0,-1.0,2.305925130844116,PASS,2.0,0.0
662,37.91403770446777,-0.006502341479063034,-0.013952706940472126,0.0,3.4800000190734863,0.7292460203170776,0.9999993443489075,0.739533007144928,0.9721804857254028,1.0,1.0,1.0,0.7661849856376648,-0.006502341479063034,-0.01838086172938347,-0.7994312047958374,0.0,0.7292460203170776,3.4800000190734863,0.0,0.8512864112854004,0.7292460203170776,663.0,-1.0,2.1237616539001465,PASS,2.0,0.0
663,36.538124084472656,-0.026191556826233864,-0.0033752035815268755,0.0,3.4800000190734863,0.7194699048995972,0.9999992847442627,0.7247999906539917,0.9852930307388306,1.0,1.0,1.0,0.7403169870376587,-0.026191556826233864,-0.029064832255244255,-0.19338491559028625,0.0,0.7194699048995972,3.4800000190734863,0.0,0.8512864112854004,0.7194699048995972,664.0,-1.0,2.1228854656219482,PASS,2.0,0.0
664,37.532806396484375,-0.01838262565433979,-0.012346986681222916,0.0,3.4800000190734863,0.7175377011299133,0.9999992847442627,0.7236661314964294,0.9830635786056519,1.0,1.0,1.0,0.7414590120315552,-0.01838262565433979,-0.028893981128931046,-0.7074302434921265,0.0,0.7175377011299133,3.4800000190734863,0.0,0.8512864112854004,0.7175377011299133,665.0,-1.0,1.9902684688568115,PASS,2.0,0.0
665,38.32435607910156,0.00025382553576491773,-0.02398158423602581,0.0,3.4800000190734863,0.6831351518630981,0.9999992847442627,0.6842440366744995,0.9967595338821411,1.0,1.0,1.0,0.7460269927978516,0.00025382553576491773,-0.02016528509557247,-1.374043583869934,0.0,0.6831351518630981,3.4800000190734863,0.0,0.8512864112854004,0.6831351518630981,666.0,-1.0,1.9911084175109863,PASS,2.0,0.0
666,41.29934310913086,-0.013836383819580078,-0.018201276659965515,0.0,3.4800000190734863,0.683234691619873,0.9999992847442627,0.6845728754997253,0.9960913062095642,1.0,1.0,1.0,0.7543830275535583,-0.013836383819580078,-0.029332594946026802,-1.0428563356399536,0.0,0.683234691619873,3.4800000190734863,0.0,0.8512864112854004,0.683234691619873,667.0,-1.0,1.8688827753067017,PASS,2.0,0.0
667,43.59245300292969,-0.018098192289471626,-0.017055757343769073,0.0,3.4800000190734863,0.6403234004974365,0.9999992251396179,0.6475256681442261,0.9777554273605347,1.0,1.0,1.0,0.7424499988555908,-0.018098192289471626,-0.0326189361512661,-0.9772229194641113,0.0,0.6403234004974365,3.4800000190734863,0.0,0.8512864112854004,0.6403234004974365,668.0,-1.0,1.8672689199447632,PASS,2.0,0.0
668,43.33233833312988,-0.041078679263591766,-0.0010672039352357388,0.0,3.4800000190734863,0.6392839550971985,0.9999992251396179,0.6468509435653687,0.9766044616699219,1.0,1.0,1.0,0.7508260011672974,-0.041078679263591766,-0.04198717698454857,-0.06114628165960312,0.0,0.6392839550971985,3.4800000190734863,0.0,0.8512864112854004,0.6392839550971985,669.0,-1.0,1.7559008598327637,PASS,2.0,0.0
669,45.35317420959473,-0.04277687147259712,-0.0016605773707851768,0.0,3.4800000190734863,0.6065315008163452,0.9999991655349731,0.6141915321350098,0.9750574231147766,1.0,1.0,1.0,0.7244160175323486,-0.04277687147259712,-0.04419049993157387,-0.09514407813549042,0.0,0.6065315008163452,3.4800000190734863,0.0,0.8512864112854004,0.6065315008163452,670.0,-1.0,1.7549303770065308,PASS,2.0,0.0
670,47.62458801269531,-0.04254608601331711,-0.003557563526555896,0.0,3.4800000190734863,0.5909560322761536,0.9999991655349731,0.5990197062492371,0.9730778336524963,1.0,1.0,1.0,0.7594220042228699,-0.04254608601331711,-0.0455746054649353,-0.20383337140083313,0.0,0.5909560322761536,3.4800000190734863,0.0,0.8512864112854004,0.5909560322761536,671.0,-1.0,1.7547364234924316,PASS,2.0,0.0
671,25.16317367553711,-0.03667369857430458,-0.007369759026914835,0.0,3.4800000190734863,0.568433940410614,0.9999991059303284,0.5793922543525696,0.9621739387512207,1.0,1.0,1.0,0.7373620271682739,-0.03667369857430458,-0.04294758662581444,-0.42225608229637146,0.0,0.568433940410614,3.4800000190734863,0.0,0.8512864112854004,0.568433940410614,672.0,-1.0,1.6507786512374878,PASS,2.0,0.0
672,28.287887573242188,-0.04572325944900513,-0.0008720417390577495,0.0,3.4800000190734863,0.5345866084098816,0.9999990463256836,0.5450750589370728,0.9615164995193481,1.0,1.0,1.0,0.7469779849052429,-0.04572325944900513,-0.046465616673231125,-0.049964312463998795,0.0,0.5345866084098816,3.4800000190734863,0.0,0.8512864112854004,0.5345866084098816,673.0,-1.0,1.5543105602264404,PASS,2.0,0.0
673,25.51579475402832,-0.05889685079455376,0.0076284874230623245,0.0,3.4800000190734863,0.5343009233474731,0.9999990463256836,0.544679582118988,0.9618918299674988,1.0,1.0,1.0,0.7525590062141418,-0.05889685079455376,-0.05240269750356674,0.43708014488220215,0.0,0.5343009233474731,3.4800000190734863,0.0,0.8512864112854004,0.5343009233474731,674.0,-1.0,1.5809253454208374,PASS,2.0,0.0
674,25.33698081970215,-0.03497994691133499,-0.014447786845266819,0.0,3.4800000190734863,0.5098654627799988,0.9999989867210388,0.5151196122169495,0.9796012043952942,1.0,1.0,1.0,0.7546430230140686,-0.03497994691133499,-0.04728000611066818,-0.8277972340583801,0.0,0.5098654627799988,3.4800000190734863,0.0,0.8512864112854004,0.5098654627799988,675.0,-1.0,1.4684027433395386,PASS,2.0,0.0
675,26.980161666870117,-0.043541230261325836,-0.008932462893426418,0.0,3.4800000190734863,0.47896257042884827,0.999998927116394,0.4817003905773163,0.9886336922645569,1.0,1.0,0.0,1.7171930074691772,-0.043541230261325836,-0.0511455163359642,-0.5117924213409424,0.0,0.47896257042884827,3.4800000190734863,0.0,0.8512864112854004,0.47896257042884827,676.0,-1.0,1.5322110652923584,PASS,2.0,0.0
676,25.49266815185547,-0.014185639098286629,-0.04113534465432167,0.0,3.4800000190734863,0.44489237666130066,0.999998927116394,0.46043896675109863,0.9324716329574585,1.0,1.0,1.0,0.719868004322052,-0.014185639098286629,-0.049223363399505615,-2.356881618499756,0.0,0.44489237666130066,3.4800000190734863,0.0,0.8512864112854004,0.44489237666130066,677.0,-1.0,1.4117299318313599,PASS,2.0,0.0
677,25.612831115722656,-0.05476310849189758,0.008726646192371845,0.0,3.4800000190734863,0.43920302391052246,0.9999988675117493,0.43925759196281433,0.9997526407241821,1.0,1.0,1.0,0.7776859998703003,-0.05476310849189758,-0.04733404517173767,0.5,0.0,0.43920302391052246,3.4800000190734863,0.0,0.8512864112854004,0.43920302391052246,678.0,-1.0,1.3403857946395874,PASS,2.0,0.0
678,26.326656341552734,-0.038046225905418396,-0.025625402107834816,0.0,3.4800000190734863,0.4047602415084839,0.9999987483024597,0.41188889741897583,0.9653866291046143,1.0,1.0,1.0,0.7175740003585815,-0.038046225905418396,-0.0598655566573143,-1.4682273864746094,0.0,0.4047602415084839,3.4800000190734863,0.0,0.8512864112854004,0.4047602415084839,679.0,-1.0,1.2661656141281128,PASS,2.0,0.0
679,27.646780014038086,-0.07359014451503754,0.0044460175558924675,0.0,3.4800000190734863,0.38631924986839294,0.9999986886978149,0.39186805486679077,0.971681535243988,1.0,1.0,1.0,0.7382220029830933,-0.07359014451503754,-0.06980528682470322,0.2547380328178406,0.0,0.38631924986839294,3.4800000190734863,0.0,0.8512864112854004,0.38631924986839294,680.0,-1.0,1.1954635381698608,PASS,2.0,0.0
680,25.968074798583984,-0.07046237587928772,0.00438432302325964,0.0,3.4800000190734863,0.3463413715362549,0.9999985694885254,0.35134702920913696,0.9715073108673096,1.0,1.0,1.0,0.7235550284385681,-0.07046237587928772,-0.06673003733158112,0.2512032091617584,0.0,0.3463413715362549,3.4800000190734863,0.0,0.8512864112854004,0.3463413715362549,681.0,-1.0,1.1595430374145508,PASS,2.0,0.0
681,26.012659072875977,-0.06482570618391037,0.0,0.0,3.4800000190734863,0.3286852240562439,0.9999984502792358,0.3315090239048004,0.9829656481742859,1.0,1.0,1.0,0.38618800044059753,-0.06482570618391037,-0.06482570618391037,0.0,0.0,0.3286852240562439,3.4800000190734863,0.0,0.8512864112854004,0.3286852240562439,682.0,-1.0,1.0611084699630737,PASS,2.0,0.0
682,25.25639533996582,-0.19805298745632172,-0.008726646192371845,0.0,3.180000066757202,0.06761620938777924,0.9999962449073792,0.13523267209529877,0.0,0.0,1.0,1.0,0.4030190110206604,-0.19805298745632172,-0.20548205077648163,-0.5,0.0,0.0,3.180000066757202,24.0,0.8512864112854004,0.06761620938777924,683.0,-1.0,0.983427107334137,PASS,2.0,0.0
683,23.99158477783203,-0.1948460042476654,-0.01745329238474369,0.0,3.180000066757202,0.05995802953839302,0.999995768070221,0.11991631239652634,0.0,0.0,1.0,1.0,0.39181798696517944,-0.1948460042476654,-0.20970526337623596,-1.0,0.0,0.0,3.180000066757202,24.0,0.8512864112854004,0.05995802953839302,684.0,-1.0,0.8995279669761658,PASS,2.0,0.0
684,28.832674026489258,-0.18596671521663666,-0.02617993950843811,0.0,3.180000066757202,0.046824850142002106,0.9999945759773254,0.0936499536037445,0.0,0.0,1.0,1.0,0.40413200855255127,-0.18596671521663666,-0.20825843513011932,-1.5,0.0,0.0,3.180000066757202,24.0,0.8512864112854004,0.046824850142002106,685.0,-1.0,0.8670300841331482,PASS,2.0,0.0
685,24.43671226501465,-0.18460938334465027,-0.03490658476948738,0.0,3.180000066757202,0.03414055332541466,0.9999925494194031,0.06828135997056961,0.0,0.0,1.0,1.0,0.41357898712158203,-0.18460938334465027,-0.21433696150779724,-2.0,0.0,0.0,3.180000066757202,24.0,0.8512864112854004,0.03414055332541466,686.0,-1.0,0.7497093081474304,PASS,2.0,0.0
686,24.675846099853516,-0.18740515410900116,-0.02617993950843811,0.0,3.180000066757202,0.028051791712641716,0.9999909400939941,0.056103840470314026,0.0,0.0,1.0,1.0,0.38705000281333923,-0.18740515410900116,-0.20969687402248383,-1.5,0.0,0.0,3.180000066757202,24.0,0.8512864112854004,0.028051791712641716,687.0,-1.0,0.6617985367774963,PASS,2.0,0.0
687,25.883197784423828,-0.04315299913287163,-0.03490658476948738,0.0,3.180000066757202,0.0,0.0,0.0,0.0,0.0,0.0,1.0,0.3808490037918091,-0.04315299913287163,-0.0728805735707283,-2.0,0.0,0.0,3.180000066757202,9.0,0.8512864112854004,0.0,688.0,-1.0,0.5579008460044861,PASS,2.0,0.0
688,25.399208068847656,0.10592100024223328,-0.04363323003053665,0.0,3.180000066757202,0.0,0.0,0.0,0.0,0.0,0.0,1.0,0.38187000155448914,0.10592100024223328,0.06875303387641907,-2.5,0.0,0.0,3.180000066757202,9.0,0.8512864112854004,0.0,689.0,-1.0,0.550000011920929,CW_SLOW,1.0,0.0
689,24.825096130371094,0.2549949884414673,-0.05235987901687622,0.0,3.180000066757202,0.0,0.0,0.0,0.0,0.0,0.0,1.0,0.3921090066432953,0.2549949884414673,0.21038095653057098,-3.0,0.0,0.0,3.180000066757202,9.0,0.8512864112854004,0.0,690.0,-1.0,0.550000011920929,CW_SLOW,1.0,0.0
690,23.990631103515625,0.4040690064430237,-0.06108652427792549,0.0,3.180000066757202,0.0,0.0,0.0,0.0,0.0,0.0,1.0,0.38294199109077454,0.4040690064430237,0.3520021140575409,-3.5,0.0,0.0,3.180000066757202,9.0,0.8512864112854004,0.0,691.0,-1.0,0.550000011920929,CW_SLOW,1.0,0.0
691,24.50394630432129,0.5531430244445801,-0.06981316953897476,0.0,3.180000066757202,0.0,0.0,0.0,0.0,0.0,0.0,1.0,0.4155319929122925,0.5531430244445801,0.4936152696609497,-4.0,0.0,0.0,3.180000066757202,9.0,0.8512864112854004,0.0,692.0,-1.0,0.550000011920929,CW_SLOW,1.0,0.0
692,26.853084564208984,0.6159110069274902,-0.07853981852531433,0.0,3.180000066757202,0.0,0.0,0.0,0.0,0.0,0.0,1.0,0.3842639923095703,0.6159110069274902,0.548913300037384,-4.5,0.0,0.0,3.180000066757202,9.0,0.8512864112854004,0.0,693.0,-1.0,0.550000011920929,CW_SLOW,1.0,0.0
693,28.370380401611328,0.46683698892593384,-0.0872664600610733,0.0,3.7799999713897705,0.020037898793816566,0.9999873638153076,0.04007605090737343,0.0,0.0,1.0,1.0,0.380497008562088,0.46683698892593384,0.39235907793045044,-5.0,0.0,0.0,3.7799999713897705,24.0,0.8512864112854004,0.020037898793816566,694.0,-1.0,1.1618764400482178,CW_SLOW,1.0,0.0
694,29.658079147338867,0.31776300072669983,-0.09599310904741287,0.0,3.4800000190734863,0.07062036544084549,0.9999947547912598,0.09630198031663895,0.4666478931903839,1.0,1.0,1.0,0.38888299465179443,0.31776300072669983,0.23579344153404236,-5.5,0.0,0.0,3.4800000190734863,8.0,0.8512864112854004,0.07062036544084549,695.0,-1.0,1.0977460145950317,CW_SLOW,1.0,0.0
695,30.82275390625,0.2665713131427765,-0.0872664600610733,0.0,3.4800000190734863,0.07639551162719727,0.9999952912330627,0.1077093854546547,0.4185521602630615,1.0,1.0,1.0,0.38373398780822754,0.2665713131427765,0.1920934021472931,-5.0,0.0,0.0,3.4800000190734863,8.0,0.8512864112854004,0.07639551162719727,696.0,-1.0,0.9794799089431763,CW_SLOW,1.0,0.0
696,33.29658508300781,0.2209368497133255,-0.07853981852531433,0.0,3.4800000190734863,0.10338813066482544,0.9999960660934448,0.1284061074256897,0.6103336215019226,1.0,1.0,1.0,0.37952500581741333,0.2209368497133255,0.1539391577243805,-4.5,0.0,0.0,3.4800000190734863,8.0,0.8512864112854004,0.10338813066482544,697.0,-1.0,0.550000011920929,CW_SLOW,1.0,0.0
697,36.359310150146484,0.21951411664485931,-0.07967570424079895,0.0,3.4800000190734863,0.10559005290269852,0.9999962449073792,0.13405252993106842,0.5753564238548279,1.0,1.0,1.0,0.42659300565719604,0.21951411664485931,0.15154337882995605,-4.565081596374512,0.0,0.0,3.4800000190734863,8.0,0.8512864112854004,0.10559005290269852,698.0,-1.0,0.550000011920929,CW_SLOW,1.0,0.0
698,36.149024963378906,0.23706454038619995,-0.0872664600610733,0.0,3.4800000190734863,0.14047327637672424,0.9999970197677612,0.17017893493175507,0.6508916616439819,1.0,1.0,1.0,0.41029301285743713,0.23706454038619995,0.16258662939071655,-5.0,0.0,0.0,3.4800000190734863,8.0,0.8512864112854004,0.14047327637672424,699.0,-1.0,0.550000011920929,CW_SLOW,1.0,0.0
699,40.14182090759277,0.19225676357746124,-0.07853981852531433,0.0,3.4800000190734863,0.14342795312404633,0.9999970197677612,0.16870006918907166,0.700392484664917,1.0,1.0,1.0,0.40092501044273376,0.19225676357746124,0.12525907158851624,-4.5,0.0,0.0,3.4800000190734863,8.0,0.8512864112854004,0.14342795312404633,700.0,-1.0,0.550000011920929,CW_SLOW,1.0,0.0
700,39.836883544921875,0.15967507660388947,-0.06981316953897476,0.0,3.4800000190734863,0.14180423319339752,0.999997079372406,0.17507125437259674,0.6199625730514526,1.0,1.0,1.0,0.3901650011539459,0.15967507660388947,0.10014733672142029,-4.0,0.0,0.0,3.4800000190734863,8.0,0.8512864112854004,0.14180423319339752,701.0,-1.0,0.550000011920929,CW_SLOW,1.0,0.0
701,42.9682731628418,0.2149445116519928,-0.07853981852531433,0.0,3.4800000190734863,0.14486515522003174,0.9999972581863403,0.18511943519115448,0.5651015639305115,1.0,1.0,1.0,0.4019069969654083,0.2149445116519928,0.1479468196630478,-4.5,0.0,0.0,3.4800000190734863,8.0,0.8512864112854004,0.14486515522003174,702.0,-1.0,0.550000011920929,CW_SLOW,1.0,0.0
702,45.68362236022949,0.14957092702388763,-0.06981316953897476,0.0,3.4800000190734863,0.17736338078975677,0.9999975562095642,0.2055431604385376,0.7258039712905884,1.0,1.0,1.0,0.39340099692344666,0.14957092702388763,0.09004318714141846,-4.0,0.0,0.17736338078975677,3.4800000190734863,0.0,0.8512864112854004,0.17736338078975677,703.0,-1.0,0.550000011920929,CW_SLOW,1.0,0.0
703,25.832653045654297,0.16318447887897491,-0.06759746372699738,0.0,3.4800000190734863,0.18026427924633026,0.9999976754188538,0.21821549534797668,0.6521694660186768,1.0,1.0,1.0,0.4076879918575287,0.16318447887897491,0.10555186867713928,-3.873049259185791,0.0,0.18026427924633026,3.4800000190734863,0.0,0.8512864112854004,0.18026427924633026,704.0,-1.0,0.550000011920929,CW_SLOW,1.0,0.0
704,24.407386779785156,0.15542259812355042,-0.0690963864326477,0.0,3.4800000190734863,0.186640202999115,0.9999977350234985,0.22548255324363708,0.655475378036499,1.0,1.0,1.0,0.38631799817085266,0.15542259812355042,0.09650799632072449,-3.9589312076568604,0.0,0.186640202999115,3.4800000190734863,0.0,0.8512864112854004,0.186640202999115,705.0,-1.0,0.550000011920929,CW_SLOW,1.0,0.0
705,25.26235580444336,0.1344444900751114,-0.06753918528556824,0.0,3.4800000190734863,0.2144555002450943,0.9999979734420776,0.24949584901332855,0.7191125750541687,1.0,1.0,1.0,0.385125994682312,0.1344444900751114,0.07686171680688858,-3.8697102069854736,0.0,0.2144555002450943,3.4800000190734863,0.0,0.8512864112854004,0.2144555002450943,706.0,-1.0,0.550000011920929,CW_SLOW,1.0,0.0
706,24.326324462890625,0.14547763764858246,-0.0691533237695694,0.0,3.4800000190734863,0.2218758910894394,0.9999980926513672,0.2622835636138916,0.6918795704841614,1.0,1.0,1.0,0.3837830126285553,0.14547763764858246,0.08651433140039444,-3.962193489074707,0.0,0.2218758910894394,3.4800000190734863,0.0,0.8512864112854004,0.2218758910894394,707.0,-1.0,0.550000011920929,CW_SLOW,1.0,0.0
707,25.640010833740234,0.14013822376728058,-0.06867076456546783,0.0,3.4800000190734863,0.2550700306892395,0.9999982118606567,0.2855861485004425,0.7862927913665771,1.0,1.0,1.0,0.40134701132774353,0.14013822376728058,0.08158767223358154,-3.9345450401306152,0.0,0.2550700306892395,3.4800000190734863,0.0,0.8512864112854004,0.2550700306892395,708.0,-1.0,0.550000011920929,CW_SLOW,1.0,0.0
708,25.651216506958008,0.09211963415145874,-0.06108652427792549,0.0,3.4800000190734863,0.2729717791080475,0.9999983310699463,0.3061860203742981,0.7830467820167542,1.0,1.0,1.0,0.3835330009460449,0.09211963415145874,0.04005272686481476,-3.5,0.0,0.2729717791080475,3.4800000190734863,0.0,0.8512864112854004,0.2729717791080475,709.0,-1.0,0.550000011920929,CW_SLOW,1.0,0.0
709,28.503894805908203,0.07914530485868454,-0.05235987901687622,0.0,3.4800000190734863,0.28440335392951965,0.9999983906745911,0.31638872623443604,0.797810971736908,1.0,1.0,1.0,0.3964169919490814,0.07914530485868454,0.03453127294778824,-3.0,0.0,0.28440335392951965,3.4800000190734863,0.0,0.8512864112854004,0.28440335392951965,710.0,5.116979122161865,0.550000011920929,CW_SLOW,1.0,0.0
710,24.56378936767578,0.04948238283395767,-0.04363323003053665,0.0,3.4800000190734863,0.292659729719162,0.9999985098838806,0.33351966738700867,0.7549787163734436,1.0,1.0,1.0,0.3871999979019165,0.04948238283395767,0.012314417399466038,-2.5,0.0,0.292659729719162,3.4800000190734863,0.0,0.8512864112854004,0.292659729719162,711.0,-1.0,0.550000011920929,CW_SLOW,1.0,0.0
711,40.624380111694336,0.0692339837551117,-0.0424579456448555,0.0,3.4800000190734863,0.30351516604423523,0.9999985098838806,0.3406827449798584,0.7818065285682678,1.0,1.0,1.0,0.38466501235961914,0.0692339837551117,0.033068377524614334,-2.4326610565185547,0.0,0.30351516604423523,3.4800000190734863,0.0,0.8512864112854004,0.30351516604423523,712.0,-1.0,0.550000011920929,CW_SLOW,1.0,0.0
712,26.900768280029297,0.02573644183576107,-0.03490658476948738,0.0,3.4800000190734863,0.34828394651412964,0.9999986886978149,0.37936171889305115,0.8361588716506958,1.0,1.0,1.0,0.39976298809051514,0.02573644183576107,-0.003991133999079466,-2.0,0.0,0.34828394651412964,3.4800000190734863,0.0,0.8512864112854004,0.34828394651412964,713.0,-1.0,0.550000011920929,CW_SLOW,1.0,0.0
713,26.2601375579834,-0.0023411039728671312,-0.022725755348801613,0.0,3.4800000190734863,0.3696943521499634,0.9999987483024597,0.4062419831752777,0.8200706839561462,1.0,1.0,0.0,1.7321209907531738,-0.0023411039728671312,-0.02169056236743927,-1.302089810371399,0.0,0.3696943521499634,3.4800000190734863,0.0,0.8512864112854004,0.3696943521499634,714.0,-1.0,-1.0,CW_SLOW,1.0,0.0
714,28.109312057495117,-0.08159475773572922,0.0038350329268723726,0.0,3.4800000190734863,0.40943294763565063,0.9999988079071045,0.42753809690475464,0.9153062105178833,1.0,1.0,1.0,0.7482519745826721,-0.08159475773572922,-0.07833003252744675,0.2197311967611313,0.0,0.40943294763565063,3.4800000190734863,0.0,0.8512864112854004,0.40943294763565063,715.0,-1.0,-1.0,CW_SLOW,1.0,0.0
715,26.024818420410156,-0.027943070977926254,-0.018976105377078056,0.0,3.4800000190734863,0.4476758539676666,0.999998927116394,0.468182772397995,0.9123988747596741,1.0,1.0,1.0,0.8611909747123718,-0.027943070977926254,-0.044099111109972,-1.0872507095336914,0.0,0.4476758539676666,3.4800000190734863,0.0,0.8512864112854004,0.4476758539676666,716.0,-1.0,-1.0,CW_SLOW,1.0,0.0
716,25.284767150878906,-0.07638880610466003,0.001078133238479495,0.0,3.4800000190734863,0.46697744727134705,0.9999989867210388,0.49432653188705444,0.8893489837646484,1.0,1.0,1.0,0.782014012336731,-0.07638880610466003,-0.07547100633382797,0.061772484332323074,0.0,0.46697744727134705,3.4800000190734863,0.0,0.8512864112854004,0.46697744727134705,717.0,-1.0,-1.0,CW_SLOW,1.0,0.0
717,25.475740432739258,-0.10050173848867416,0.007112717721611261,0.0,3.4800000190734863,0.49752336740493774,0.9999989867210388,0.5096144676208496,0.9525490999221802,1.0,1.0,1.0,0.7605950236320496,-0.10050173848867416,-0.09444667398929596,0.40752869844436646,0.0,0.49752336740493774,3.4800000190734863,0.0,0.8512864112854004,0.49752336740493774,718.0,-1.0,-1.0,CW_SLOW,1.0,0.0
718,25.296688079833984,-0.0987616777420044,0.010531487874686718,0.0,3.4800000190734863,0.5273735523223877,0.9999990463256836,0.5371123552322388,0.9637374877929688,1.0,1.0,1.0,0.7634699940681458,-0.0987616777420044,-0.0897960364818573,0.6034098267555237,0.0,0.5273735523223877,3.4800000190734863,0.0,0.8512864112854004,0.5273735523223877,719.0,-1.0,-1.0,CW_SLOW,1.0,0.0
719,26.3824462890625,-0.031732141971588135,-0.014881573617458344,0.0,3.4800000190734863,0.5284627079963684,0.9999991059303284,0.5508210062980652,0.9188191890716553,1.0,1.0,1.0,0.7505549788475037,-0.031732141971588135,-0.044401559978723526,-0.8526513576507568,0.0,0.5284627079963684,3.4800000190734863,0.0,0.8512864112854004,0.5284627079963684,720.0,-1.0,0.550000011920929,CW_SLOW,1.0,0.0
720,26.71647071838379,-0.035693973302841187,-0.01560472697019577,0.0,3.4800000190734863,0.554158091545105,0.9999991059303284,0.5834856629371643,0.8994753956794739,1.0,1.0,0.0,1.7663450241088867,-0.035693973302841187,-0.04897914454340935,-0.8940849900245667,0.0,0.554158091545105,3.4800000190734863,0.0,0.8512864112854004,0.554158091545105,721.0,4.643188953399658,0.550000011920929,CW_SLOW,1.0,0.0
721,26.17788314819336,-0.010535988956689835,-0.022862577810883522,0.0,3.4800000190734863,0.5753650665283203,0.9999991655349731,0.6045299768447876,0.9035128951072693,1.0,1.0,1.0,0.773248016834259,-0.010535988956689835,-0.030001983046531677,-1.3099292516708374,0.0,0.5753650665283203,3.4800000190734863,0.0,0.8512864112854004,0.5753650665283203,722.0,4.1495280265808105,0.550000011920929,CW_SLOW,1.0,0.0
722,25.659561157226562,-0.028892161324620247,-0.02101561613380909,0.0,3.4800000190734863,0.5994520783424377,0.9999992251396179,0.6318621039390564,0.8974151015281677,1.0,1.0,1.0,0.7494339942932129,-0.028892161324620247,-0.046785105019807816,-1.204106092453003,0.0,0.5994520783424377,3.4800000190734863,0.0,0.8512864112854004,0.5994520783424377,723.0,4.1481032371521,0.550000011920929,CW_SLOW,1.0,0.0
723,25.821924209594727,-0.04681355878710747,-0.011344271712005138,0.0,3.4800000190734863,0.6615561842918396,0.9999992251396179,0.6769203543663025,0.9546064138412476,1.0,1.0,1.0,0.7576789855957031,-0.04681355878710747,-0.05647119879722595,-0.6499788761138916,0.0,0.6615561842918396,3.4800000190734863,0.0,0.8512864112854004,0.6615561842918396,724.0,4.147747039794922,0.550000011920929,CW_SLOW,1.0,0.0
724,26.126384735107422,-0.0795287936925888,0.0005068297614343464,0.0,3.4800000190734863,0.7098500728607178,0.9999992847442627,0.7107636332511902,0.9974302053451538,1.0,1.0,1.0,0.7411479949951172,-0.0795287936925888,-0.07909733802080154,0.029039205983281136,0.0,0.7098500728607178,3.4800000190734863,0.0,0.8512864112854004,0.7098500728607178,725.0,4.147391319274902,0.550000011920929,CW_SLOW,1.0,0.0
725,25.521516799926758,-0.07786629348993301,-0.0003744280547834933,0.0,3.4800000190734863,0.7240862846374512,0.9999993443489075,0.7432276606559753,0.9484918117523193,1.0,1.0,1.0,0.8642470240592957,-0.07786629348993301,-0.07818503677845001,-0.021453147754073143,0.0,0.7240862846374512,3.4800000190734863,0.0,0.8512864112854004,0.7240862846374512,726.0,4.33437967300415,0.550000011920929,CW_SLOW,1.0,0.0
726,25.192737579345703,-0.07643880695104599,-0.003088511060923338,0.0,3.4800000190734863,0.7633109092712402,0.9999993443489075,0.7680400013923645,0.9876859188079834,1.0,1.0,1.0,0.8097259998321533,-0.07643880695104599,-0.07906801998615265,-0.17695865035057068,0.0,0.7633109092712402,3.4800000190734863,0.0,0.8512864112854004,0.7633109092712402,727.0,4.333641529083252,0.550000011920929,CW_SLOW,1.0,0.0
727,26.288986206054688,-0.09070734679698944,-0.0024770814925432205,0.0,3.4800000190734863,0.8015705347061157,0.9999993443489075,0.8045759201049805,0.9925299286842346,1.0,1.0,1.0,0.7719150185585022,-0.09070734679698944,-0.0928160548210144,-0.14192631840705872,0.0,0.8015705347061157,3.4800000190734863,0.0,0.8512864112854004,0.8015705347061157,728.0,4.23869514465332,0.550000011920929,CW_SLOW,1.0,0.0
728,24.96957778930664,-0.09955804795026779,-0.0024058267008513212,0.0,3.4800000190734863,0.8057655692100525,0.9999994039535522,0.8211551904678345,0.9625177383422852,1.0,1.0,1.0,0.7890579700469971,-0.09955804795026779,-0.1016061007976532,-0.13784371316432953,0.0,0.8057655692100525,3.4800000190734863,0.0,0.8512864112854004,0.8057655692100525,729.0,-1.0,-1.0,CW_SLOW,1.0,0.0
729,25.99310874938965,-0.0811736211180687,-0.005536258220672607,0.0,3.4800000190734863,0.8645445108413696,0.9999994039535522,0.8722198605537415,0.9824010133743286,1.0,1.0,1.0,0.7597829699516296,-0.0811736211180687,-0.08588661253452301,-0.31720423698425293,0.0,0.8645445108413696,3.4800000190734863,0.0,0.8512864112854004,0.8645445108413696,730.0,-1.0,-1.0,CW_SLOW,1.0,0.0
730,26.951074600219727,-0.08032748848199844,-0.011682819575071335,0.0,3.4800000190734863,0.8829934597015381,0.999999463558197,0.9076055288314819,0.9457654356956482,1.0,1.0,1.0,0.7468079924583435,-0.08032748848199844,-0.09027336537837982,-0.6693762540817261,0.0,0.8829934597015381,3.4800000190734863,0.0,0.8512864112854004,0.8829934597015381,731.0,-1.0,-1.0,CW_SLOW,1.0,0.0
731,30.845165252685547,-0.06651667505502701,-0.013974735513329506,0.0,3.4800000190734863,0.8851780891418457,0.999999463558197,0.9384511709213257,0.8864665031433105,1.0,1.0,1.0,0.7698609828948975,-0.06651667505502701,-0.0784139484167099,-0.8006933927536011,0.0,0.8851780891418457,3.4800000190734863,0.0,0.8512864112854004,0.8851780891418457,732.0,-1.0,-1.0,CW_SLOW,1.0,0.0
732,33.27536582946777,-0.09783227741718292,-0.003181148786097765,0.0,3.4800000190734863,0.9567047953605652,0.999999463558197,0.9796859622001648,0.9530851244926453,1.0,1.0,1.0,0.7619869709014893,-0.09783227741718292,-0.10054035484790802,-0.18226639926433563,0.0,0.9567047953605652,3.4800000190734863,0.0,0.8512864112854004,0.9567047953605652,733.0,-1.0,-1.0,CW_SLOW,1.0,0.0
733,34.77764129638672,-0.08330966532230377,-0.00512311514467001,0.0,3.4800000190734863,0.9651466608047485,0.999999463558197,0.9863461256027222,0.9570146203041077,1.0,1.0,1.0,0.7665849924087524,-0.08330966532230377,-0.0876709446310997,-0.2935328781604767,0.0,0.9651466608047485,3.4800000190734863,0.0,0.8512864112854004,0.9651466608047485,734.0,-1.0,-1.0,CW_SLOW,1.0,0.0
734,36.011695861816406,-0.08743292838335037,-0.006009742617607117,0.0,3.4800000190734863,0.9561241269111633,0.999999463558197,0.9807949662208557,0.9496926665306091,1.0,1.0,1.0,0.7413979768753052,-0.08743292838335037,-0.09254900366067886,-0.34433287382125854,0.0,0.9561241269111633,3.4800000190734863,0.0,0.8512864112854004,0.9561241269111633,735.0,-1.0,-1.0,CW_SLOW,1.0,0.0
735,39.461374282836914,-0.08529072999954224,-0.009526817128062248,0.0,3.4800000190734863,0.9725426435470581,0.999999463558197,0.9909050464630127,0.9629386067390442,1.0,1.0,0.0,1.7517379522323608,-0.08529072999954224,-0.09340102225542068,-0.5458464026451111,0.0,0.9725426435470581,3.4800000190734863,0.0,0.8512864112854004,0.9725426435470581,736.0,-1.0,-1.0,CW_SLOW,1.0,0.0
736,39.57629203796387,-0.08735010772943497,-0.011686328798532486,0.0,3.4800000190734863,0.974389374256134,0.999999463558197,0.9910839200019836,0.9663110375404358,1.0,1.0,1.0,0.7818639874458313,-0.08735010772943497,-0.09729897230863571,-0.6695773005485535,0.0,0.974389374256134,3.4800000190734863,0.0,0.8512864112854004,0.974389374256134,737.0,-1.0,-1.0,CW_SLOW,1.0,0.0
737,39.09420967102051,-0.07767388969659805,-0.015774304047226906,0.0,3.4800000190734863,0.9708482623100281,0.999999463558197,0.9893166422843933,0.9626648426055908,1.0,1.0,1.0,1.0400840044021606,-0.07767388969659805,-0.0911034569144249,-0.9038010239601135,0.0,0.9708482623100281,3.4800000190734863,0.0,0.8512864112854004,0.9708482623100281,738.0,3.6503396034240723,-1.0,CW_SLOW,1.0,0.0
738,37.2774600982666,-0.0895506739616394,-0.010485351085662842,0.0,3.4800000190734863,0.9730665683746338,0.999999463558197,0.9773533940315247,0.9912281632423401,1.0,1.0,1.0,0.7819240093231201,-0.0895506739616394,-0.09847703576087952,-0.6007663607597351,0.0,0.9730665683746338,3.4800000190734863,0.0,0.8512864112854004,0.9730665683746338,739.0,3.5773496627807617,-1.0,CW_SLOW,1.0,0.0
739,38.14578056335449,-0.08272771537303925,-0.009081176482141018,0.0,3.4800000190734863,0.97281414270401,0.999999463558197,0.9778768420219421,0.9896460771560669,1.0,1.0,1.0,0.8676030039787292,-0.08272771537303925,-0.09045860916376114,-0.5203130841255188,0.0,0.97281414270401,3.4800000190734863,0.0,0.8512864112854004,0.97281414270401,740.0,3.2426013946533203,-1.0,CW_SLOW,1.0,0.0
740,40.00997543334961,-0.10469327867031097,-0.010530833154916763,0.0,3.4800000190734863,0.9707661867141724,0.999999463558197,0.9717021584510803,0.9980740547180176,1.0,1.0,1.0,0.7220529913902283,-0.10469327867031097,-0.1136583685874939,-0.6033722758293152,0.0,0.9707661867141724,3.4800000190734863,0.0,0.8512864112854004,0.9707661867141724,741.0,3.2414228916168213,-1.0,CW_SLOW,1.0,0.0
741,42.653799057006836,-0.11429710686206818,-0.012498649768531322,0.0,3.4800000190734863,0.9749100804328918,0.999999463558197,0.9751531481742859,0.9995020031929016,1.0,1.0,1.0,0.7508460283279419,-0.11429710686206818,-0.12493759393692017,-0.7161198854446411,0.0,0.9749100804328918,3.4800000190734863,0.0,0.8512864112854004,0.9749100804328918,742.0,3.241717576980591,-1.0,CW_SLOW,1.0,0.0
742,41.52226448059082,-0.08619217574596405,-0.020120810717344284,0.0,3.4800000190734863,0.972051739692688,0.999999463558197,0.9744337201118469,0.9951115250587463,1.0,1.0,1.0,0.7377820014953613,-0.08619217574596405,-0.1033230572938919,-1.1528375148773193,0.0,0.972051739692688,3.4800000190734863,0.0,0.8512864112854004,0.972051739692688,743.0,3.3054182529449463,-1.0,CW_SLOW,1.0,0.0
743,43.73478889465332,-0.08663169294595718,-0.018180694431066513,0.0,3.4800000190734863,0.9347158074378967,0.999999463558197,0.9539087414741516,0.9597599506378174,1.0,1.0,1.0,0.737392008304596,-0.08663169294595718,-0.1021103784441948,-1.0416771173477173,0.0,0.9347158074378967,3.4800000190734863,0.0,0.8512864112854004,0.9347158074378967,744.0,3.006133794784546,-1.0,CW_SLOW,1.0,0.0
744,44.504642486572266,-0.09006097167730331,-0.016908040270209312,0.0,3.4800000190734863,0.933422327041626,0.999999463558197,0.9524989128112793,0.9599447250366211,1.0,1.0,1.0,0.7728369832038879,-0.09006097167730331,-0.10445592552423477,-0.9687593579292297,0.0,0.933422327041626,3.4800000190734863,0.0,0.8512864112854004,0.933422327041626,745.0,3.0064125061035156,-1.0,CW_SLOW,1.0,0.0
745,46.117305755615234,-0.08708691596984863,-0.013788925483822823,0.0,3.4800000190734863,0.9406485557556152,0.999999463558197,0.9553701877593994,0.9691818356513977,1.0,1.0,1.0,0.7292559742927551,-0.08708691596984863,-0.09882598370313644,-0.7900472283363342,0.0,0.9406485557556152,3.4800000190734863,0.0,0.8512864112854004,0.9406485557556152,746.0,3.0058553218841553,-1.0,CW_SLOW,1.0,0.0
746,49.60298538208008,-0.0918813943862915,-0.016339553520083427,0.0,3.4800000190734863,0.9408813118934631,0.999999463558197,0.9567008018493652,0.9669296145439148,1.0,1.0,1.0,0.73614901304245,-0.0918813943862915,-0.10579226911067963,-0.9361874461174011,0.0,0.9408813118934631,3.4800000190734863,0.0,0.8512864112854004,0.9408813118934631,747.0,3.0619664192199707,-1.0,CW_SLOW,1.0,0.0
747,25.371313095092773,-0.09432967752218246,-0.018015949055552483,0.0,3.4800000190734863,0.902073085308075,0.999999463558197,0.9376903772354126,0.92403244972229,1.0,1.0,1.0,0.732903003692627,-0.09432967752218246,-0.10966806858778,-1.0322378873825073,0.0,0.902073085308075,3.4800000190734863,0.0,0.8512864112854004,0.902073085308075,748.0,2.7953100204467773,-1.0,CW_SLOW,1.0,0.0
748,24.778127670288086,-0.09411092847585678,-0.015269900672137737,0.0,3.4800000190734863,0.902856171131134,0.999999463558197,0.9373446106910706,0.9264128804206848,1.0,1.0,1.0,0.7549239993095398,-0.09411092847585678,-0.10711099952459335,-0.8749008774757385,0.0,0.902856171131134,3.4800000190734863,0.0,0.8512864112854004,0.902856171131134,749.0,2.7945172786712646,-1.0,CW_SLOW,1.0,0.0
749,24.562835693359375,-0.11514362692832947,-0.011525308713316917,0.0,3.4800000190734863,0.8948338031768799,0.999999463558197,0.9346272945404053,0.9148467779159546,1.0,1.0,1.0,0.730006992816925,-0.11514362692832947,-0.12495540082454681,-0.660351574420929,0.0,0.8948338031768799,3.4800000190734863,0.0,0.8512864112854004,0.8948338031768799,750.0,2.8959057331085205,-1.0,CW_SLOW,1.0,0.0
750,25.30193328857422,-0.11105571687221527,-0.009730753488838673,0.0,3.4800000190734863,0.9056323766708374,0.999999463558197,0.9403801560401917,0.9260989427566528,1.0,1.0,0.0,1.7062629461288452,-0.11105571687221527,-0.11933963745832443,-0.5575311183929443,0.0,0.9056323766708374,3.4800000190734863,0.0,0.8512864112854004,0.9056323766708374,751.0,2.8438820838928223,-1.0,CW_SLOW,1.0,0.0
751,28.464317321777344,-0.11223947256803513,-0.010160429403185844,0.0,3.4800000190734863,0.9056620001792908,0.999999463558197,0.9404711723327637,0.9259755611419678,1.0,1.0,1.0,0.7509260177612305,-0.11223947256803513,-0.12088920921087265,-0.5821497440338135,0.0,0.9056620001792908,3.4800000190734863,0.0,0.8512864112854004,0.9056620001792908,752.0,2.602597951889038,-1.0,PASS,2.0,0.0
752,40.95458984375,-0.11546065658330917,-0.008056007325649261,0.0,3.4800000190734863,0.8670089244842529,0.999999463558197,0.9200643301010132,0.8846708536148071,1.0,1.0,1.0,0.7378730177879333,-0.11546065658330917,-0.12231877446174622,-0.4615752100944519,0.0,0.8670089244842529,3.4800000190734863,0.0,0.8512864112854004,0.8670089244842529,753.0,2.695894241333008,-1.0,PASS,2.0,0.0
753,25.415658950805664,-0.11638963222503662,-0.0059775616973638535,0.0,3.4800000190734863,0.8681671023368835,0.999999463558197,0.9206242561340332,0.886040449142456,1.0,1.0,1.0,0.7530710101127625,-0.11638963222503662,-0.12147831171751022,-0.3424890637397766,0.0,0.8681671023368835,3.4800000190734863,0.0,0.8512864112854004,0.8681671023368835,754.0,2.648414134979248,-1.0,PASS,2.0,0.0
754,25.02298355102539,-0.11764168739318848,-0.007273069582879543,0.0,3.4800000190734863,0.8684971928596497,0.999999463558197,0.9209969639778137,0.8859941363334656,1.0,1.0,1.0,0.7496039867401123,-0.11764168739318848,-0.12383326143026352,-0.41671618819236755,0.0,0.8684971928596497,3.4800000190734863,0.0,0.8512864112854004,0.8684971928596497,755.0,2.4302544593811035,-1.0,PASS,2.0,0.0
755,25.873422622680664,-0.12106684595346451,-0.009566479362547398,0.0,3.4800000190734863,0.8672530055046082,0.999999463558197,0.9210328459739685,0.8832188844680786,1.0,1.0,1.0,0.7498540282249451,-0.12106684595346451,-0.12921090424060822,-0.5481188893318176,0.0,0.8672530055046082,3.4800000190734863,0.0,0.8512864112854004,0.8672530055046082,756.0,2.513265609741211,-1.0,PASS,2.0,0.0
756,27.849197387695312,-0.1209886223077774,-0.006853283382952213,0.0,3.4800000190734863,0.8683933019638062,0.999999463558197,0.9215965867042542,0.8845415711402893,1.0,1.0,1.0,0.7464680075645447,-0.1209886223077774,-0.1268228143453598,-0.39266422390937805,0.0,0.8683933019638062,3.4800000190734863,0.0,0.8512864112854004,0.8683933019638062,757.0,2.469937801361084,-1.0,PASS,2.0,0.0
757,25.324106216430664,-0.12685558199882507,-0.009744206443428993,0.0,3.4800000190734863,0.8607383966445923,0.999999463558197,0.91732257604599,0.8766325116157532,1.0,1.0,1.0,0.7505450248718262,-0.12685558199882507,-0.1351509541273117,-0.5583019256591797,0.0,0.8607383966445923,3.4800000190734863,0.0,0.8512864112854004,0.8607383966445923,758.0,2.2721242904663086,-1.0,PASS,2.0,0.0
758,24.285554885864258,-0.14193283021450043,-0.0011295396834611893,0.0,3.4800000190734863,0.8561506867408752,0.999999463558197,0.9154319763183594,0.8704850673675537,1.0,1.0,1.0,0.7712439894676208,-0.14193283021450043,-0.14289438724517822,-0.0647178590297699,0.0,0.8561506867408752,3.4800000190734863,0.0,0.8512864112854004,0.8561506867408752,759.0,2.348217725753784,-1.0,PASS,2.0,0.0
759,25.327682495117188,-0.15676511824131012,0.006839358247816563,0.0,3.4800000190734863,0.8141837120056152,0.9999994039535522,0.891493022441864,0.8265626430511475,1.0,1.0,1.0,0.7949879765510559,-0.15676511824131012,-0.15094277262687683,0.3918663561344147,0.0,0.8141837120056152,3.4800000190734863,0.0,0.8512864112854004,0.8141837120056152,760.0,2.2709803581237793,-1.0,PASS,2.0,0.0
760,24.96194839477539,-0.1460949033498764,0.0040762536227703094,0.0,3.4800000190734863,0.828489363193512,0.999999463558197,0.8988580107688904,0.8434270620346069,1.0,1.0,1.0,0.7252879738807678,-0.1460949033498764,-0.14262482523918152,0.23355212807655334,0.0,0.828489363193512,3.4800000190734863,0.0,0.8512864112854004,0.828489363193512,761.0,2.127484083175659,-1.0,PASS,2.0,0.0
761,28.158903121948242,-0.14569315314292908,0.0035227632615715265,0.0,3.4800000190734863,0.82783043384552,0.999999463558197,0.8984658122062683,0.8427650332450867,1.0,1.0,1.0,0.7452250123023987,-0.14569315314292908,-0.14269426465034485,0.20183946192264557,0.0,0.82783043384552,3.4800000190734863,0.0,0.8512864112854004,0.82783043384552,762.0,2.1964380741119385,-1.0,PASS,2.0,0.0
762,29.704809188842773,-0.16040030121803284,0.006631833966821432,0.0,3.4800000190734863,0.7925147414207458,0.9999994039535522,0.8818378448486328,0.797416627407074,1.0,1.0,1.0,0.7444139719009399,-0.16040030121803284,-0.1547546237707138,0.3799760937690735,0.0,0.7925147414207458,3.4800000190734863,0.0,0.8512864112854004,0.7925147414207458,763.0,1.995308518409729,-1.0,PASS,2.0,0.0
763,32.73630142211914,-0.1682036966085434,0.014495696872472763,0.0,3.4800000190734863,0.7928044199943542,0.9999994039535522,0.8823704719543457,0.7969881892204285,1.0,1.0,1.0,0.8235509991645813,-0.1682036966085434,-0.15586283802986145,0.830542266368866,0.0,0.7928044199943542,3.4800000190734863,0.0,0.8512864112854004,0.7928044199943542,764.0,1.9936286211013794,-1.0,PASS,2.0,0.0
764,33.92386436462402,-0.16726522147655487,0.018642686307430267,0.0,3.4800000190734863,0.7895230054855347,0.9999994039535522,0.8661848306655884,0.8229901790618896,1.0,1.0,1.0,0.7207210063934326,-0.16726522147655487,-0.1513931155204773,1.0681473016738892,0.0,0.7895230054855347,3.4800000190734863,0.0,0.8512864112854004,0.7895230054855347,765.0,1.8737239837646484,-1.0,PASS,2.0,0.0
765,38.09547424316406,-0.17982853949069977,0.023202767595648766,0.0,3.4800000190734863,0.7481181025505066,0.9999994039535522,0.8501298427581787,0.7600096464157104,1.0,1.0,0.0,1.684541940689087,-0.17982853949069977,-0.16007278859615326,1.3294206857681274,0.0,0.7481181025505066,3.4800000190734863,0.0,0.8512864112854004,0.7481181025505066,766.0,1.8725136518478394,-1.0,PASS,2.0,0.0
766,37.034034729003906,-0.17540596425533295,0.02485674060881138,0.0,3.4800000190734863,0.7539886832237244,0.9999994039535522,0.8535322546958923,0.7667496800422668,1.0,1.0,1.0,0.7483010292053223,-0.17540596425533295,-0.1542413979768753,1.4241863489151,0.0,0.7539886832237244,3.4800000190734863,0.0,0.8512864112854004,0.7539886832237244,767.0,1.9013816118240356,-1.0,PASS,2.0,0.0
767,38.712501525878906,-0.1779835969209671,0.02689620666205883,0.0,3.4800000190734863,0.7549818158149719,0.9999994039535522,0.8521354794502258,0.7719765305519104,1.0,1.0,1.0,0.7339649796485901,-0.1779835969209671,-0.15508170425891876,1.5410391092300415,0.0,0.7549818158149719,3.4800000190734863,0.0,0.8512864112854004,0.7549818158149719,768.0,1.7590059041976929,-1.0,PASS,2.0,0.0
768,40.03453254699707,-0.1937030553817749,0.030616216361522675,0.0,3.4800000190734863,0.7507371306419373,0.9999994039535522,0.8509304523468018,0.7645092010498047,1.0,1.0,1.0,0.9894499778747559,-0.1937030553817749,-0.16763174533843994,1.7541799545288086,0.0,0.7507371306419373,3.4800000190734863,0.0,0.8512864112854004,0.7507371306419373,769.0,1.8138747215270996,-1.0,PASS,2.0,0.0
769,41.98312759399414,-0.16919085383415222,0.019525110721588135,0.0,3.4800000190734863,0.7296631336212158,0.9999994039535522,0.8229615092277527,0.7732624411582947,1.0,1.0,1.0,0.7743499875068665,-0.16919085383415222,-0.1525672823190689,1.118706464767456,0.0,0.7296631336212158,3.4800000190734863,0.0,0.8512864112854004,0.7296631336212158,770.0,1.6548919677734375,-1.0,PASS,2.0,0.0
770,43.863534927368164,-0.19500353932380676,0.030911872163414955,0.0,3.4800000190734863,0.723392903804779,0.9999994039535522,0.8158657550811768,0.7733141183853149,1.0,1.0,1.0,0.7274929881095886,-0.19500353932380676,-0.16868029534816742,1.7711198329925537,0.0,0.723392903804779,3.4800000190734863,0.0,0.8512864112854004,0.723392903804779,771.0,1.705411672592163,-1.0,PASS,2.0,0.0
771,46.656131744384766,-0.17450621724128723,0.021642958745360374,0.0,3.4800000190734863,0.7146126627922058,0.9999993443489075,0.8029195666313171,0.7800360918045044,1.0,1.0,1.0,0.7536010146141052,-0.17450621724128723,-0.1560789793729782,1.240050196647644,0.0,0.7146126627922058,3.4800000190734863,0.0,0.8512864112854004,0.7146126627922058,772.0,1.5590007305145264,-1.0,PASS,2.0,0.0
772,24.855852127075195,-0.19800718128681183,0.03148362785577774,0.0,3.4800000190734863,0.6908753514289856,0.9999993443489075,0.7947463393211365,0.7386064529418945,1.0,1.0,1.0,0.7684289813041687,-0.19800718128681183,-0.17119674384593964,1.8038790225982666,0.0,0.6908753514289856,3.4800000190734863,0.0,0.8512864112854004,0.6908753514289856,773.0,1.5573772192001343,-1.0,PASS,2.0,0.0
773,31.48651123046875,-0.2046772837638855,0.031191295012831688,0.0,3.4800000190734863,0.6814056038856506,0.9999993443489075,0.7882766127586365,0.7288495898246765,1.0,1.0,1.0,0.7995669841766357,-0.2046772837638855,-0.17811594903469086,1.787129521369934,0.0,0.6814056038856506,3.4800000190734863,0.0,0.8512864112854004,0.6814056038856506,774.0,1.5821993350982666,-1.0,PASS,2.0,0.0
774,24.849414825439453,-0.20817938446998596,0.03126605227589607,0.0,3.4800000190734863,0.6766489148139954,0.9999993443489075,0.7610269784927368,0.7782527208328247,1.0,1.0,1.0,0.7506160140037537,-0.20817938446998596,-0.18155434727668762,1.7914128303527832,0.0,0.6766489148139954,3.4800000190734863,0.0,0.8512864112854004,0.6766489148139954,775.0,1.467182993888855,-1.0,PASS,2.0,0.0
775,25.305509567260742,-0.20246927440166473,0.03394264355301857,0.0,3.4800000190734863,0.6500833630561829,0.9999993443489075,0.751078724861145,0.7310665249824524,1.0,1.0,1.0,0.7247769832611084,-0.20246927440166473,-0.17356325685977936,1.9447702169418335,0.0,0.6500833630561829,3.4800000190734863,0.0,0.8512864112854004,0.6500833630561829,776.0,1.5113239288330078,-1.0,PASS,2.0,0.0
776,27.70256996154785,-0.2057795524597168,0.031976498663425446,0.0,3.4800000190734863,0.6469848155975342,0.9999993443489075,0.7473706007003784,0.7313633561134338,1.0,1.0,1.0,0.7428920269012451,-0.2057795524597168,-0.17854911088943481,1.8321183919906616,0.0,0.6469848155975342,3.4800000190734863,0.0,0.8512864112854004,0.6469848155975342,777.0,1.3852730989456177,-1.0,PASS,2.0,0.0
777,29.78968620300293,-0.20404577255249023,0.03485288843512535,0.0,3.4800000190734863,0.6215472221374512,0.9999992847442627,0.7343246340751648,0.6928409934043884,1.0,1.0,1.0,0.7460169792175293,-0.20404577255249023,-0.17436395585536957,1.9969234466552734,0.0,0.6215472221374512,3.4800000190734863,0.0,0.8512864112854004,0.6215472221374512,778.0,1.425715684890747,-1.0,PASS,2.0,0.0
778,24.42789077758789,-0.20515230298042297,0.035596754401922226,0.0,3.4800000190734863,0.6156888604164124,0.9999992847442627,0.7109710574150085,0.7319667339324951,1.0,1.0,1.0,0.7274829745292664,-0.20515230298042297,-0.17483647167682648,2.039543867111206,0.0,0.6156888604164124,3.4800000190734863,0.0,0.8512864112854004,0.6156888604164124,779.0,1.308246374130249,-1.0,PASS,2.0,0.0
779,25.076627731323242,-0.2184569239616394,0.03942200914025307,0.0,3.4800000190734863,0.61510169506073,0.9999992847442627,0.7053150534629822,0.7441906929016113,1.0,1.0,1.0,0.72114098072052,-0.2184569239616394,-0.1848801076412201,2.2587146759033203,0.0,0.61510169506073,3.4800000190734863,0.0,0.8512864112854004,0.61510169506073,780.0,1.3458058834075928,-1.0,PASS,2.0,0.0
780,25.908231735229492,-0.2002486139535904,0.038845278322696686,0.0,3.4800000190734863,0.5870377421379089,1.0,0.6978928446769714,0.6823148131370544,1.0,1.0,0.0,1.721290946006775,-0.2002486139535904,-0.16716352105140686,2.225670576095581,0.0,0.5870377421379089,3.4800000190734863,0.0,0.8512864112854004,0.5870377421379089,781.0,1.2370742559432983,-1.0,PASS,2.0,0.0
781,25.18010139465332,-0.2306351512670517,0.04850975051522255,0.0,3.4800000190734863,0.5795507431030273,0.9999992847442627,0.6956562399864197,0.6661993265151978,1.0,1.0,1.0,0.7380920052528381,-0.2306351512670517,-0.18930703401565552,2.7794039249420166,0.0,0.5795507431030273,3.4800000190734863,0.0,0.8512864112854004,0.5795507431030273,782.0,1.2725048065185547,-1.0,PASS,2.0,0.0
782,24.234294891357422,-0.22829724848270416,0.05097097530961037,0.0,3.4800000190734863,0.5483644008636475,0.9999992251396179,0.6663340330123901,0.645915150642395,1.0,1.0,1.0,0.7526500225067139,-0.22829724848270416,-0.1848687380552292,2.920421838760376,0.0,0.5483644008636475,3.4800000190734863,0.0,0.8512864112854004,0.5483644008636475,783.0,1.1669374704360962,-1.0,PASS,2.0,0.0
783,27.50682830810547,-0.22871644794940948,0.04968445375561714,0.0,3.4800000190734863,0.5466039180755615,0.9999992251396179,0.6531558632850647,0.6737326383590698,1.0,1.0,1.0,0.8020210266113281,-0.22871644794940948,-0.18638591468334198,2.8467094898223877,0.0,0.5466039180755615,3.4800000190734863,0.0,0.8512864112854004,0.5466039180755615,784.0,1.1858524084091187,-1.0,PASS,2.0,0.0
784,25.075197219848633,-0.23413845896720886,0.04871750995516777,0.0,3.4800000190734863,0.5277278423309326,0.9999992251396179,0.6453201770782471,0.6355541348457336,1.0,1.0,1.0,0.772026002407074,-0.23413845896720886,-0.19263306260108948,2.7913076877593994,0.0,0.5277278423309326,3.4800000190734863,0.0,0.8512864112854004,0.5277278423309326,785.0,1.1019151210784912,-1.0,PASS,2.0,0.0
785,24.918556213378906,-0.2335379421710968,0.04868365824222565,0.0,3.4800000190734863,0.529815673828125,0.9999992251396179,0.6469075679779053,0.637995719909668,1.0,1.0,1.0,0.7412279844284058,-0.2335379421710968,-0.1920614391565323,2.789368152618408,0.0,0.529815673828125,3.4800000190734863,0.0,0.8512864112854004,0.529815673828125,786.0,1.0425876379013062,-1.0,PASS,2.0,0.0
786,24.562597274780273,-0.23321272432804108,0.050270095467567444,0.0,3.4800000190734863,0.5159693956375122,0.9999992251396179,0.6400969624519348,0.6121607422828674,1.0,1.0,1.0,0.7298370003700256,-0.23321272432804108,-0.19038239121437073,2.8802642822265625,0.0,0.5159693956375122,3.4800000190734863,0.0,0.8512864112854004,0.5159693956375122,787.0,1.0031201839447021,-1.0,PASS,2.0,0.0
787,25.07948875427246,-0.2313871532678604,0.04930686578154564,0.0,3.4800000190734863,0.4996907711029053,0.9999991655349731,0.6100598573684692,0.6381703615188599,1.0,1.0,1.0,0.741258978843689,-0.2313871532678604,-0.18937884271144867,2.825075387954712,0.0,0.4996907711029053,3.4800000190734863,0.0,0.8512864112854004,0.4996907711029053,788.0,-1.0,-1.0,PASS,2.0,0.0
788,26.071786880493164,-0.23316580057144165,0.04978187754750252,0.0,3.4800000190734863,0.4904336631298065,0.9999991655349731,0.6017740964889526,0.6299600005149841,1.0,1.0,1.0,0.7826160192489624,-0.23316580057144165,-0.19075211882591248,2.8522915840148926,0.0,0.4904336631298065,3.4800000190734863,0.0,0.8512864112854004,0.4904336631298065,789.0,-1.0,-1.0,PASS,2.0,0.0
789,25.238037109375,-0.2314341813325882,0.05040108039975166,0.0,3.4800000190734863,0.46895718574523926,0.9999991655349731,0.595653235912323,0.5745986700057983,1.0,1.0,1.0,0.7628980278968811,-0.2314341813325882,-0.1884920597076416,2.8877692222595215,0.0,0.46895718574523926,3.4800000190734863,0.0,0.8512864112854004,0.46895718574523926,790.0,-1.0,-1.0,PASS,2.0,0.0
790,27.558326721191406,-0.2297726571559906,0.051000021398067474,0.0,3.4800000190734863,0.4688962697982788,0.9999991655349731,0.5956974625587463,0.5742772221565247,1.0,1.0,1.0,0.738673985004425,-0.2297726571559906,-0.18631935119628906,2.922086000442505,0.0,0.4688962697982788,3.4800000190734863,0.0,0.8512864112854004,0.4688962697982788,791.0,-1.0,-1.0,PASS,2.0,0.0
791,29.591083526611328,-0.2277355045080185,0.05043204128742218,0.0,3.4800000190734863,0.43475964665412903,0.9999991059303284,0.5548895597457886,0.5670139193534851,1.0,1.0,1.0,0.7649329900741577,-0.2277355045080185,-0.1847669631242752,2.889543056488037,0.0,0.43475964665412903,3.4800000190734863,0.0,0.8512864112854004,0.43475964665412903,792.0,-1.0,-1.0,PASS,2.0,0.0
792,33.1425666809082,-0.2307662069797516,0.05002826079726219,0.0,3.4800000190734863,0.43327081203460693,0.9999991059303284,0.5489073395729065,0.578667163848877,1.0,1.0,1.0,0.73505699634552,-0.2307662069797516,-0.18814226984977722,2.866408109664917,0.0,0.43327081203460693,3.4800000190734863,0.0,0.8512864112854004,0.43327081203460693,793.0,-1.0,-1.0,PASS,2.0,0.0
793,36.334991455078125,-0.2278105467557907,0.0486653707921505,0.0,3.4800000190734863,0.41649678349494934,0.9999990463256836,0.5366073250770569,0.5523342490196228,1.0,1.0,1.0,0.7478709816932678,-0.2278105467557907,-0.18634964525699615,2.788320302963257,0.0,0.41649678349494934,3.4800000190734863,0.0,0.8512864112854004,0.41649678349494934,794.0,-1.0,-1.0,PASS,2.0,0.0
794,38.8484001159668,-0.22505903244018555,0.05290844663977623,0.0,3.4800000190734863,0.4233338534832001,0.9999991059303284,0.5525106191635132,0.5324013829231262,1.0,1.0,1.0,0.7403560280799866,-0.22505903244018555,-0.1799767166376114,3.031430721282959,0.0,0.4233338534832001,3.4800000190734863,0.0,0.8512864112854004,0.4233338534832001,795.0,-1.0,-1.0,PASS,2.0,0.0
795,41.39208793640137,-0.247255340218544,0.07307057082653046,0.0,3.4800000190734863,0.4170881509780884,0.9885016679763794,0.5501782894134521,0.5249853730201721,1.0,1.0,0.0,1.725329041481018,-0.247255340218544,-0.1849404126405716,4.186635494232178,0.0,0.4170881509780884,3.4800000190734863,0.0,0.8512864112854004,0.4170881509780884,796.0,-1.0,-1.0,PASS,2.0,0.0
796,40.9390926361084,-0.22688984870910645,0.052593354135751724,0.0,3.4800000190734863,0.3835891783237457,0.9999989867210388,0.5064954161643982,0.5146804451942444,1.0,1.0,1.0,0.755495011806488,-0.22688984870910645,-0.18207651376724243,3.0133771896362305,0.0,0.3835891783237457,3.4800000190734863,0.0,0.8512864112854004,0.3835891783237457,797.0,-1.0,-1.0,PASS,2.0,0.0
797,42.67406463623047,-0.22419899702072144,0.05273783951997757,0.0,3.4800000190734863,0.38169556856155396,0.9999989867210388,0.5037669539451599,0.5153663158416748,1.0,1.0,1.0,0.7476000189781189,-0.22419899702072144,-0.17926232516765594,3.021655559539795,0.0,0.38169556856155396,3.4800000190734863,0.0,0.8512864112854004,0.38169556856155396,798.0,-1.0,-1.0,PASS,2.0,0.0
798,44.50726509094238,-0.25774553418159485,0.07573877274990082,0.0,3.4800000190734863,0.3699733316898346,0.9999989867210388,0.503181517124176,0.4705369770526886,1.0,1.0,1.0,0.77817702293396,-0.25774553418159485,-0.19314657151699066,4.339511871337891,0.0,0.3699733316898346,3.4800000190734863,0.0,0.8512864112854004,0.3699733316898346,799.0,-1.0,-1.0,PASS,2.0,0.0
799,43.03908348083496,-0.2580697238445282,0.08074739575386047,0.0,3.4800000190734863,0.36834633350372314,0.9999989867210388,0.5014218091964722,0.46920812129974365,1.0,1.0,1.0,0.7566670179367065,-0.2580697238445282,-0.18918077647686005,4.6264848709106445,0.0,0.36834633350372314,3.4800000190734863,0.0,0.8512864112854004,0.36834633350372314,800.0,-1.0,-1.0,PASS,2.0,0.0
800,46.09251022338867,-0.2639588415622711,0.08628600835800171,0.0,3.4800000190734863,0.3651579022407532,0.9999989867210388,0.498665452003479,0.46454140543937683,1.0,1.0,1.0,0.7428709864616394,-0.2639588415622711,-0.1903218924999237,4.943824291229248,0.0,0.3651579022407532,3.4800000190734863,0.0,0.8512864112854004,0.3651579022407532,801.0,-1.0,-1.0,PASS,2.0,0.0
801,25.789976119995117,-0.13121870160102844,0.09619206190109253,0.0,3.180000066757202,0.16162265837192535,0.9999984502792358,0.3232455551624298,0.0,1.0,0.0,1.0,0.7389540076255798,-0.13121870160102844,-0.04907820373773575,5.511399269104004,0.0,0.16162265837192535,3.180000066757202,16.0,0.8512864112854004,0.16162265837192535,802.0,-1.0,-1.0,PASS,2.0,0.0
802,24.282217025756836,-0.13192486763000488,0.09321724623441696,0.0,3.180000066757202,0.16110175848007202,0.9999984502792358,0.32220375537872314,0.0,1.0,0.0,1.0,0.39129799604415894,-0.13192486763000488,-0.052339643239974976,5.340954780578613,0.0,0.16110175848007202,3.180000066757202,16.0,0.8512864112854004,0.16110175848007202,803.0,-1.0,-1.0,PASS,2.0,0.0
803,27.88567543029785,-0.12899823486804962,0.09927087277173996,0.0,3.180000066757202,0.16708914935588837,0.9999985098838806,0.3341785669326782,0.0,1.0,0.0,1.0,0.4865350127220154,-0.12899823486804962,-0.04421159252524376,5.687801837921143,0.0,0.16708914935588837,3.180000066757202,16.0,0.8512864112854004,0.16708914935588837,804.0,-1.0,-1.0,PASS,2.0,0.0
804,24.803638458251953,-0.1377575397491455,0.10471975803375244,0.0,3.180000066757202,0.1674569994211197,0.9999985098838806,0.3349142372608185,0.0,1.0,0.0,1.0,0.41318801045417786,-0.1377575397491455,-0.04828372970223427,6.0,0.0,0.1674569994211197,3.180000066757202,16.0,0.8512864112854004,0.1674569994211197,805.0,-1.0,-1.0,PASS,2.0,0.0
805,24.679899215698242,-0.14950434863567352,0.11344639956951141,0.0,3.180000066757202,0.16907145082950592,0.9999985098838806,0.33814316987991333,0.0,1.0,0.0,1.0,0.4165950119495392,-0.14950434863567352,-0.0525125153362751,6.5,0.0,0.16907145082950592,3.180000066757202,16.0,0.8512864112854004,0.16907145082950592,806.0,-1.0,-1.0,PASS,2.0,0.0
806,24.381399154663086,-0.16179722547531128,0.12217304855585098,0.0,3.180000066757202,0.16907042264938354,0.9999985098838806,0.3381411135196686,0.0,1.0,0.0,1.0,0.424699991941452,-0.16179722547531128,-0.057272396981716156,7.0,0.0,0.16907042264938354,3.180000066757202,16.0,0.8512864112854004,0.16907042264938354,807.0,-1.0,-1.0,PASS,2.0,0.0
807,24.578094482421875,-0.1590752750635147,0.12070433050394058,0.0,3.180000066757202,0.1678389012813568,0.9999985098838806,0.3356780409812927,0.0,1.0,0.0,1.0,0.4120660126209259,-0.1590752750635147,-0.05581936985254288,6.915848731994629,0.0,0.1678389012813568,3.180000066757202,16.0,0.8512864112854004,0.1678389012813568,808.0,-1.0,-1.0,PASS,2.0,0.0
808,24.07097816467285,-0.1485413908958435,0.11344639956951141,0.0,3.180000066757202,0.15811172127723694,0.9999983906745911,0.31622371077537537,0.0,1.0,0.0,1.0,0.4067859947681427,-0.1485413908958435,-0.051549557596445084,6.5,0.0,0.15811172127723694,3.180000066757202,16.0,0.8512864112854004,0.15811172127723694,809.0,-1.0,-1.0,PASS,2.0,0.0
809,24.759769439697266,-0.1478917896747589,0.11715883761644363,0.0,3.180000066757202,0.1585572510957718,0.9999983906745911,0.3171147406101227,0.0,1.0,0.0,1.0,0.40869998931884766,-0.1478917896747589,-0.047697216272354126,6.712707042694092,0.0,0.1585572510957718,3.180000066757202,16.0,0.8512864112854004,0.1585572510957718,810.0,-1.0,-1.0,PASS,2.0,0.0
810,23.845672607421875,-0.1562548279762268,0.12217304855585098,0.0,3.180000066757202,0.15733551979064941,0.9999983906745911,0.31467127799987793,0.0,1.0,0.0,1.0,0.41194599866867065,-0.1562548279762268,-0.05172999948263168,7.0,0.0,0.15733551979064941,3.180000066757202,16.0,0.8512864112854004,0.15733551979064941,811.0,-1.0,-1.0,PASS,2.0,0.0
811,24.942874908447266,-0.15606632828712463,0.11782445013523102,0.0,3.180000066757202,0.15711316466331482,0.9999983906745911,0.31422659754753113,0.0,1.0,0.0,1.0,0.42096298933029175,-0.15606632828712463,-0.055297233164310455,6.750843524932861,0.0,0.15711316466331482,3.180000066757202,16.0,0.8512864112854004,0.15711316466331482,812.0,-1.0,-1.0,PASS,2.0,0.0
812,23.47111701965332,-0.15568801760673523,0.12076161801815033,0.0,3.180000066757202,0.1618884801864624,0.9999984502792358,0.3237771987915039,0.0,1.0,0.0,1.0,0.42313700914382935,-0.15568801760673523,-0.05238262563943863,6.919130802154541,0.0,0.1618884801864624,3.180000066757202,16.0,0.8512864112854004,0.1618884801864624,813.0,-1.0,-1.0,PASS,2.0,0.0
813,26.55315399169922,-0.15386730432510376,0.12179111689329147,0.0,3.180000066757202,0.16338028013706207,0.9999984502792358,0.32676082849502563,0.0,1.0,0.0,1.0,0.4350590109825134,-0.15386730432510376,-0.04967249557375908,6.978116989135742,0.0,0.16338028013706207,3.180000066757202,16.0,0.8512864112854004,0.16338028013706207,814.0,-1.0,-1.0,PASS,2.0,0.0
814,25.04110336303711,-0.15390244126319885,0.12277708202600479,0.0,3.180000066757202,0.16398438811302185,0.9999984502792358,0.3279690444469452,0.0,1.0,0.0,1.0,0.4484640061855316,-0.15390244126319885,-0.04885561764240265,7.034608840942383,0.0,0.16398438811302185,3.180000066757202,16.0,0.8512864112854004,0.16398438811302185,815.0,-1.0,-1.0,PASS,2.0,0.0
815,24.89018440246582,-0.15340843796730042,0.12192139774560928,0.0,3.180000066757202,0.16336022317409515,0.9999984502792358,0.3267207145690918,0.0,1.0,0.0,1.0,0.4050230085849762,-0.15340843796730042,-0.04910105839371681,6.985581398010254,0.0,0.16336022317409515,3.180000066757202,16.0,0.8512864112854004,0.16336022317409515,816.0,-1.0,-1.0,PASS,2.0,0.0
816,24.70850944519043,-0.1524268537759781,0.12238827347755432,0.0,3.180000066757202,0.16378013789653778,0.9999984502792358,0.32756054401397705,0.0,1.0,0.0,1.0,0.43411698937416077,-0.1524268537759781,-0.047716040164232254,7.012331485748291,0.0,0.16378013789653778,3.180000066757202,16.0,0.8512864112854004,0.16378013789653778,817.0,-1.0,-1.0,PASS,2.0,0.0
817,25.409460067749023,-0.1537073403596878,0.12253861129283905,0.0,3.180000066757202,0.16361171007156372,0.9999984502792358,0.32722365856170654,0.0,1.0,0.0,1.0,0.42251598834991455,-0.1537073403596878,-0.04886660724878311,7.020945072174072,0.0,0.16361171007156372,3.180000066757202,16.0,0.8512864112854004,0.16361171007156372,818.0,-1.0,-1.0,PASS,2.0,0.0
818,27.73261070251465,-0.15421073138713837,0.1222873106598854,0.0,3.180000066757202,0.16359426081180573,0.9999984502792358,0.32718878984451294,0.0,1.0,0.0,1.0,0.5018429756164551,-0.15421073138713837,-0.04958716779947281,7.006546974182129,0.0,0.16359426081180573,3.180000066757202,16.0,0.8512864112854004,0.16359426081180573,819.0,-1.0,-1.0,PASS,2.0,0.0
819,25.55060386657715,-0.15427225828170776,0.12277553230524063,0.0,3.180000066757202,0.1635574996471405,0.9999984502792358,0.3271152377128601,0.0,1.0,0.0,1.0,0.39830100536346436,-0.15427225828170776,-0.04922677204012871,7.034519672393799,0.0,0.1635574996471405,3.180000066757202,16.0,0.8512864112854004,0.1635574996471405,820.0,-1.0,-1.0,PASS,2.0,0.0
820,28.468847274780273,-0.15547041594982147,0.1232173889875412,0.0,3.180000066757202,0.1635177582502365,0.9999984502792358,0.3270357549190521,0.0,1.0,0.0,1.0,0.3971180021762848,-0.15547041594982147,-0.05004303529858589,7.059836387634277,0.0,0.1635177582502365,3.180000066757202,16.0,0.8512864112854004,0.1635177582502365,821.0,-1.0,-1.0,PASS,2.0,0.0
821,33.13446044921875,-0.1551964432001114,0.12443968653678894,0.0,3.180000066757202,0.16347087919712067,0.9999984502792358,0.3269420266151428,0.0,1.0,0.0,1.0,0.44787299633026123,-0.1551964432001114,-0.04871241748332977,7.129868984222412,0.0,0.16347087919712067,3.180000066757202,16.0,0.8512864112854004,0.16347087919712067,822.0,-1.0,-1.0,PASS,2.0,0.0
822,33.533334732055664,-0.15550141036510468,0.12338603287935257,0.0,3.180000066757202,0.16332969069480896,0.9999984502792358,0.3266596496105194,0.0,1.0,0.0,1.0,0.4862239956855774,-0.15550141036510468,-0.04992826282978058,7.0694990158081055,0.0,0.16332969069480896,3.180000066757202,16.0,0.8512864112854004,0.16332969069480896,823.0,-1.0,-1.0,PASS,2.0,0.0
823,34.621238708496094,-0.15426351130008698,0.12366500496864319,0.0,3.180000066757202,0.16383543610572815,0.9999984502792358,0.3276711106300354,0.0,1.0,0.0,1.0,0.4605970084667206,-0.15426351130008698,-0.04844921827316284,7.085483074188232,0.0,0.16383543610572815,3.180000066757202,16.0,0.8512864112854004,0.16383543610572815,824.0,-1.0,-1.0,PASS,2.0,0.0
824,36.19647026062012,-0.15434995293617249,0.12296351045370102,0.0,3.180000066757202,0.16358235478401184,0.9999984502792358,0.32716497778892517,0.0,1.0,0.0,1.0,0.4875670075416565,-0.15434995293617249,-0.04914200305938721,7.045289993286133,0.0,0.16358235478401184,3.180000066757202,16.0,0.8512864112854004,0.16358235478401184,825.0,-1.0,-1.0,PASS,2.0,0.0
825,38.68222236633301,-0.1539657860994339,0.123683400452137,0.0,3.180000066757202,0.16374032199382782,0.9999984502792358,0.32748091220855713,0.0,1.0,0.0,1.0,0.4868159890174866,-0.1539657860994339,-0.04813558980822563,7.086536884307861,0.0,0.16374032199382782,3.180000066757202,16.0,0.8512864112854004,0.16374032199382782,826.0,-1.0,-1.0,PASS,2.0,0.0
826,39.64376449584961,-0.15535643696784973,0.12284144014120102,0.0,3.180000066757202,0.1632203310728073,0.9999984502792358,0.3264409303665161,0.0,1.0,0.0,1.0,0.461668998003006,-0.15535643696784973,-0.05025399103760719,7.038296222686768,0.0,0.1632203310728073,3.180000066757202,16.0,0.8512864112854004,0.1632203310728073,827.0,-1.0,-1.0,PASS,2.0,0.0
827,41.32699966430664,-0.15438053011894226,0.1246631070971489,0.0,3.180000066757202,0.16379372775554657,0.9999984502792358,0.32758769392967224,0.0,1.0,0.0,1.0,0.4533329904079437,-0.15438053011894226,-0.0477033294737339,7.142669677734375,0.0,0.16379372775554657,3.180000066757202,16.0,0.8512864112854004,0.16379372775554657,828.0,-1.0,-1.0,PASS,2.0,0.0
828,43.74527931213379,-0.15371999144554138,0.1237134337425232,0.0,3.180000066757202,0.16382309794425964,0.9999984502792358,0.3276464641094208,0.0,1.0,0.0,1.0,0.43808498978614807,-0.15371999144554138,-0.047863833606243134,7.088257789611816,0.0,0.16382309794425964,3.180000066757202,16.0,0.8512864112854004,0.16382309794425964,829.0,-1.0,-1.0,PASS,2.0,0.0
829,44.50631141662598,-0.1544153094291687,0.12285207211971283,0.0,3.180000066757202,0.16358771920204163,0.9999984502792358,0.32717570662498474,0.0,1.0,0.0,1.0,0.4308519959449768,-0.1544153094291687,-0.04930367320775986,7.038905143737793,0.0,0.16358771920204163,3.180000066757202,16.0,0.8512864112854004,0.16358771920204163,830.0,-1.0,-1.0,PASS,2.0,0.0
830,46.504974365234375,-0.15418276190757751,0.12287087738513947,0.0,3.180000066757202,0.16367213428020477,0.9999984502792358,0.32734450697898865,0.0,1.0,0.0,1.0,0.42210501432418823,-0.15418276190757751,-0.04905487596988678,7.039982795715332,0.0,0.16367213428020477,3.180000066757202,16.0,0.8512864112854004,0.16367213428020477,831.0,-1.0,-1.0,PASS,2.0,0.0
831,24.75285530090332,-0.1530884951353073,0.1236250177025795,0.0,3.180000066757202,0.1638944000005722,0.9999984502792358,0.3277890384197235,0.0,1.0,0.0,1.0,0.4210129976272583,-0.1530884951353073,-0.04730876535177231,7.083191871643066,0.0,0.1638944000005722,3.180000066757202,16.0,0.8512864112854004,0.1638944000005722,832.0,-1.0,-1.0,PASS,2.0,0.0
832,26.32594108581543,-0.15308570861816406,0.12348952889442444,0.0,3.180000066757202,0.16386067867279053,0.9999984502792358,0.32772162556648254,0.0,1.0,0.0,1.0,0.4467509984970093,-0.15308570861816406,-0.0474230982363224,7.0754289627075195,0.0,0.16386067867279053,3.180000066757202,16.0,0.8512864112854004,0.16386067867279053,833.0,-1.0,-1.0,PASS,2.0,0.0
833,25.270938873291016,-0.15367653965950012,0.12343044579029083,0.0,3.180000066757202,0.16360843181610107,0.9999984502792358,0.32721710205078125,0.0,1.0,0.0,1.0,0.4780089855194092,-0.15367653965950012,-0.04806499928236008,7.072043418884277,0.0,0.16360843181610107,3.180000066757202,16.0,0.8512864112854004,0.16360843181610107,834.0,-1.0,-1.0,PASS,2.0,0.0
834,24.376392364501953,-0.15331749618053436,0.12425205856561661,0.0,3.180000066757202,0.1637822389602661,0.9999984502792358,0.3275647461414337,0.0,1.0,0.0,1.0,0.42486000061035156,-0.15331749618053436,-0.04699569195508957,7.119118690490723,0.0,0.1637822389602661,3.180000066757202,16.0,0.8512864112854004,0.1637822389602661,835.0,-1.0,-1.0,PASS,2.0,0.0
835,38.09189796447754,-0.15273019671440125,0.1238742545247078,0.0,3.180000066757202,0.16399726271629333,0.9999984502792358,0.32799479365348816,0.0,1.0,0.0,1.0,0.399944007396698,-0.15273019671440125,-0.0467350147664547,7.097472190856934,0.0,0.16399726271629333,3.180000066757202,16.0,0.8512864112854004,0.16399726271629333,836.0,-1.0,-1.0,PASS,2.0,0.0
836,24.03855323791504,-0.15263034403324127,0.12384182214736938,0.0,3.180000066757202,0.16393345594406128,0.9999984502792358,0.32786718010902405,0.0,1.0,0.0,1.0,0.4128270149230957,-0.15263034403324127,-0.04666319862008095,7.095613956451416,0.0,0.16393345594406128,3.180000066757202,16.0,0.8512864112854004,0.16393345594406128,837.0,-1.0,-1.0,PASS,2.0,0.0
837,24.80912208557129,-0.15420281887054443,0.12342431396245956,0.0,3.180000066757202,0.16351337730884552,0.9999984502792358,0.32702699303627014,0.0,1.0,0.0,1.0,0.4121370017528534,-0.15420281887054443,-0.0485965795814991,7.07169246673584,0.0,0.16351337730884552,3.180000066757202,16.0,0.8512864112854004,0.16351337730884552,838.0,-1.0,-1.0,PASS,2.0,0.0
838,23.974180221557617,-0.15408043563365936,0.12355723977088928,0.0,3.180000066757202,0.1634962558746338,0.9999984502792358,0.32699277997016907,0.0,1.0,0.0,1.0,0.4173260033130646,-0.15408043563365936,-0.04835929721593857,7.07930850982666,0.0,0.1634962558746338,3.180000066757202,16.0,0.8512864112854004,0.1634962558746338,839.0,-1.0,-1.0,PASS,2.0,0.0
839,24.547338485717773,-0.15414102375507355,0.12317246943712234,0.0,3.180000066757202,0.16346202790737152,0.9999984502792358,0.32692432403564453,0.0,1.0,0.0,1.0,0.4063960015773773,-0.15414102375507355,-0.04875246807932854,7.057262420654297,0.0,0.16346202790737152,3.180000066757202,16.0,0.8512864112854004,0.16346202790737152,840.0,-1.0,-1.0,PASS,2.0,0.0
840,23.694276809692383,-0.15414749085903168,0.12304487824440002,0.0,3.180000066757202,0.16366639733314514,0.9999984502792358,0.3273330628871918,0.0,1.0,0.0,1.0,0.40493300557136536,-0.15414749085903168,-0.048869214951992035,7.049952030181885,0.0,0.16366639733314514,3.180000066757202,16.0,0.8512864112854004,0.16366639733314514,841.0,-1.0,-1.0,PASS,2.0,0.0
841,25.771379470825195,-0.15434767305850983,0.12288209795951843,0.0,3.180000066757202,0.16357359290122986,0.9999984502792358,0.3271474540233612,0.0,1.0,0.0,1.0,0.4258919954299927,-0.15434767305850983,-0.0492100864648819,7.04062557220459,0.0,0.16357359290122986,3.180000066757202,16.0,0.8512864112854004,0.16357359290122986,842.0,-1.0,-1.0,PASS,2.0,0.0
842,24.9483585357666,-0.15334740281105042,0.12313023209571838,0.0,3.180000066757202,0.16394412517547607,0.9999984502792358,0.32788851857185364,0.0,1.0,0.0,1.0,0.4541949927806854,-0.15334740281105042,-0.04799535498023033,7.054842472076416,0.0,0.16394412517547607,3.180000066757202,16.0,0.8512864112854004,0.16394412517547607,843.0,-1.0,-1.0,PASS,2.0,0.0
843,26.465654373168945,-0.15317022800445557,0.12365270406007767,0.0,3.180000066757202,0.16386662423610687,0.9999984502792358,0.32773348689079285,0.0,1.0,0.0,1.0,0.43933698534965515,-0.15317022800445557,-0.04736656695604324,7.08477783203125,0.0,0.16386662423610687,3.180000066757202,16.0,0.8512864112854004,0.16386662423610687,844.0,-1.0,-1.0,PASS,2.0,0.0
844,24.036645889282227,-0.15398220717906952,0.12377293407917023,0.0,3.180000066757202,0.16374893486499786,0.9999984502792358,0.3274981379508972,0.0,1.0,0.0,1.0,0.41678500175476074,-0.15398220717906952,-0.04807461425662041,7.0916666984558105,0.0,0.16374893486499786,3.180000066757202,16.0,0.8512864112854004,0.16374893486499786,845.0,-1.0,-1.0,PASS,2.0,0.0
845,24.51014518737793,-0.1537233293056488,0.12445446848869324,0.0,3.180000066757202,0.16366960108280182,0.9999984502792358,0.3273394703865051,0.0,1.0,0.0,1.0,0.4607769846916199,-0.1537233293056488,-0.04722652584314346,7.130715847015381,0.0,0.16366960108280182,3.180000066757202,16.0,0.8512864112854004,0.16366960108280182,846.0,-1.0,-1.0,PASS,2.0,0.0
846,26.137828826904297,-0.15397052466869354,0.12375235557556152,0.0,3.180000066757202,0.16373902559280396,0.9999984502792358,0.3274783194065094,0.0,1.0,0.0,1.0,0.4283660054206848,-0.15397052466869354,-0.048080720007419586,7.090487480163574,0.0,0.16373902559280396,3.180000066757202,16.0,0.8512864112854004,0.16373902559280396,847.0,-1.0,-1.0,PASS,2.0,0.0
847,29.863357543945312,-0.15430566668510437,0.12290138751268387,0.0,3.180000066757202,0.16357216238975525,0.9999984502792358,0.327144593000412,0.0,1.0,0.0,1.0,0.41832900047302246,-0.15430566668510437,-0.04915140941739082,7.041730880737305,0.0,0.16357216238975525,3.180000066757202,16.0,0.8512864112854004,0.16357216238975525,848.0,-1.0,-1.0,PASS,2.0,0.0
848,33.91385078430176,-0.1543930321931839,0.12304453551769257,0.0,3.180000066757202,0.16358231008052826,0.9999984502792358,0.327164888381958,0.0,1.0,0.0,1.0,0.4562090039253235,-0.1543930321931839,-0.049115054309368134,7.049932479858398,0.0,0.16358231008052826,3.180000066757202,16.0,0.8512864112854004,0.16358231008052826,849.0,-1.0,-1.0,PASS,2.0,0.0
849,33.03956985473633,-0.15471920371055603,0.12270868569612503,0.0,3.180000066757202,0.1635805368423462,0.9999984502792358,0.3271613121032715,0.0,1.0,0.0,1.0,0.40849998593330383,-0.15471920371055603,-0.04973148927092552,7.030689716339111,0.0,0.1635805368423462,3.180000066757202,16.0,0.8512864112854004,0.1635805368423462,850.0,-1.0,-1.0,PASS,2.0,0.0
850,36.04888916015625,-0.1529247909784317,0.12414892762899399,0.0,3.180000066757202,0.1641346663236618,0.9999984502792358,0.3282695710659027,0.0,1.0,0.0,1.0,0.3902460038661957,-0.1529247909784317,-0.046692147850990295,7.1132097244262695,0.0,0.1641346663236618,3.180000066757202,16.0,0.8512864112854004,0.1641346663236618,851.0,-1.0,-1.0,PASS,2.0,0.0
851,38.12122344970703,-0.1535882204771042,0.12377074360847473,0.0,3.180000066757202,0.16386760771274567,0.9999984502792358,0.32773545384407043,0.0,1.0,0.0,1.0,0.4152719974517822,-0.1535882204771042,-0.047682520002126694,7.091541290283203,0.0,0.16386760771274567,3.180000066757202,16.0,0.8512864112854004,0.16386760771274567,852.0,-1.0,-1.0,PASS,2.0,0.0
852,40.23408889770508,-0.1549985408782959,0.123695008456707,0.0,3.180000066757202,0.16342179477214813,0.9999984502792358,0.32684382796287537,0.0,1.0,0.0,1.0,0.41860899329185486,-0.1549985408782959,-0.049158308655023575,7.087202072143555,0.0,0.16342179477214813,3.180000066757202,16.0,0.8512864112854004,0.16342179477214813,853.0,-1.0,-1.0,PASS,2.0,0.0
853,44.72064971923828,-0.1547950804233551,0.12346257269382477,0.0,3.180000066757202,0.16358010470867157,0.9999984502792358,0.32716047763824463,0.0,1.0,0.0,1.0,0.40801799297332764,-0.1547950804233551,-0.04915577173233032,7.0738844871521,0.0,0.16358010470867157,3.180000066757202,16.0,0.8512864112854004,0.16358010470867157,854.0,-1.0,-1.0,PASS,2.0,0.0
854,24.544954299926758,-0.1548554003238678,0.1233081966638565,0.0,3.180000066757202,0.16318507492542267,0.9999984502792358,0.3263704180717468,0.0,1.0,0.0,1.0,0.3885430097579956,-0.1548554003238678,-0.04934953153133392,7.065039157867432,0.0,0.16318507492542267,3.180000066757202,16.0,0.8512864112854004,0.16318507492542267,855.0,-1.0,-1.0,PASS,2.0,0.0
855,48.607826232910156,-0.18755264580249786,0.14587724208831787,0.0,3.180000066757202,0.16537410020828247,1.0,0.33074820041656494,0.0,1.0,0.0,0.0,1.7571280002593994,-0.18755264580249786,-0.06248088926076889,8.358150482177734,0.0,0.16537410020828247,3.180000066757202,16.0,0.8512864112854004,0.16537410020828247,856.0,-1.0,-1.0,PASS,2.0,0.0
856,31.967878341674805,-0.18750984966754913,0.14586786925792694,0.0,3.180000066757202,0.1653919368982315,0.9999984502792358,0.3307841122150421,0.0,1.0,0.0,1.0,0.4028699994087219,-0.18750984966754913,-0.062446244060993195,8.357613563537598,0.0,0.1653919368982315,3.180000066757202,16.0,0.8512864112854004,0.1653919368982315,857.0,-1.0,-1.0,PASS,2.0,0.0
857,24.219989776611328,-0.18734945356845856,0.14578884840011597,0.0,3.180000066757202,0.16533493995666504,0.9999984502792358,0.33067014813423157,0.0,1.0,0.0,1.0,0.4063059985637665,-0.18734945356845856,-0.062354568392038345,8.3530855178833,0.0,0.16533493995666504,3.180000066757202,16.0,0.8512864112854004,0.16533493995666504,858.0,-1.0,-1.0,PASS,2.0,0.0
858,26.891231536865234,-0.18774016201496124,0.14580640196800232,0.0,3.180000066757202,0.1648350954055786,0.9999984502792358,0.3296704590320587,0.0,1.0,0.0,1.0,0.42202499508857727,-0.18774016201496124,-0.06273001432418823,8.35409164428711,0.0,0.1648350954055786,3.180000066757202,16.0,0.8512864112854004,0.1648350954055786,859.0,-1.0,-1.0,PASS,2.0,0.0
859,26.0007381439209,-0.18759693205356598,0.1462225466966629,0.0,3.180000066757202,0.1653752624988556,0.9999984502792358,0.3307507634162903,0.0,1.0,0.0,1.0,0.4311020076274872,-0.18759693205356598,-0.0622248612344265,8.377934455871582,0.0,0.1653752624988556,3.180000066757202,16.0,0.8512864112854004,0.1653752624988556,860.0,-1.0,-1.0,PASS,2.0,0.0
860,24.86395835876465,-0.18759393692016602,0.1462220996618271,0.0,3.180000066757202,0.16537626087665558,0.9999984502792358,0.33075278997421265,0.0,1.0,0.0,1.0,0.43905699253082275,-0.18759393692016602,-0.062222257256507874,8.377908706665039,0.0,0.16537626087665558,3.180000066757202,16.0,0.8512864112854004,0.16537626087665558,861.0,-1.0,-1.0,PASS,2.0,0.0
861,25.05207061767578,-0.1878732591867447,0.14562898874282837,0.0,3.180000066757202,0.16518181562423706,0.9999984502792358,0.3303638994693756,0.0,1.0,0.0,1.0,0.4192799925804138,-0.1878732591867447,-0.06301739066839218,8.343926429748535,0.0,0.16518181562423706,3.180000066757202,16.0,0.8512864112854004,0.16518181562423706,862.0,-1.0,-1.0,PASS,2.0,0.0
862,24.410247802734375,-0.18754729628562927,0.14558835327625275,0.0,3.180000066757202,0.1652374118566513,0.9999984502792358,0.3304750621318817,0.0,1.0,0.0,1.0,0.42145299911499023,-0.18754729628562927,-0.06272676587104797,8.341598510742188,0.0,0.1652374118566513,3.180000066757202,16.0,0.8512864112854004,0.1652374118566513,863.0,-1.0,-1.0,PASS,2.0,0.0
863,27.99677848815918,-0.18759889900684357,0.14583590626716614,0.0,3.180000066757202,0.1653209626674652,0.9999984502792358,0.3306421935558319,0.0,1.0,0.0,1.0,0.43456900119781494,-0.18759889900684357,-0.06256309151649475,8.355781555175781,0.0,0.1653209626674652,3.180000066757202,16.0,0.8512864112854004,0.1653209626674652,864.0,-1.0,-1.0,PASS,2.0,0.0
864,24.373531341552734,-0.1872399002313614,0.1458076387643814,0.0,3.180000066757202,0.165424644947052,0.9999984502792358,0.3308495581150055,0.0,1.0,0.0,1.0,0.3965980112552643,-0.1872399002313614,-0.06222867593169212,8.354162216186523,0.0,0.165424644947052,3.180000066757202,16.0,0.8512864112854004,0.165424644947052,865.0,-1.0,-1.0,PASS,2.0,0.0
865,25.097131729125977,-0.18770888447761536,0.14554937183856964,0.0,3.180000066757202,0.16515633463859558,0.9999984502792358,0.33031293749809265,0.0,1.0,0.0,1.0,0.4883680045604706,-0.18770888447761536,-0.06292225420475006,8.339365005493164,0.0,0.16515633463859558,3.180000066757202,16.0,0.8512864112854004,0.16515633463859558,866.0,-1.0,-1.0,PASS,2.0,0.0
866,24.670839309692383,-0.18736563622951508,0.14582759141921997,0.0,3.180000066757202,0.16533181071281433,0.9999984502792358,0.33066388964653015,0.0,1.0,0.0,1.0,0.41513198614120483,-0.18736563622951508,-0.062337059527635574,8.355305671691895,0.0,0.16533181071281433,3.180000066757202,16.0,0.8512864112854004,0.16533181071281433,867.0,-1.0,-1.0,PASS,2.0,0.0
867,26.50308609008789,-0.18684805929660797,0.14626874029636383,0.0,3.180000066757202,0.16566620767116547,0.9999984502792358,0.3313326835632324,0.0,1.0,0.0,1.0,0.7224140167236328,-0.18684805929660797,-0.06143581122159958,8.380581855773926,0.0,0.16566620767116547,3.180000066757202,16.0,0.8512864112854004,0.16566620767116547,868.0,-1.0,-1.0,PASS,2.0,0.0
868,24.239301681518555,-0.18671385943889618,0.14671839773654938,0.0,3.180000066757202,0.16537539660930634,0.9999984502792358,0.3307510316371918,0.0,1.0,0.0,1.0,0.44855499267578125,-0.18671385943889618,-0.06091049313545227,8.40634536743164,0.0,0.16537539660930634,3.180000066757202,16.0,0.8512864112854004,0.16537539660930634,869.0,-1.0,-1.0,PASS,2.0,0.0
869,25.38323402404785,-0.18728463351726532,0.1463097333908081,0.0,3.180000066757202,0.16505470871925354,0.9999984502792358,0.33010968565940857,0.0,1.0,0.0,1.0,0.3955659866333008,-0.18728463351726532,-0.06183673068881035,8.382929801940918,0.0,0.16505470871925354,3.180000066757202,16.0,0.8512864112854004,0.16505470871925354,870.0,-1.0,-1.0,PASS,2.0,0.0
870,26.178359985351562,-0.18739445507526398,0.14580737054347992,0.0,3.180000066757202,0.16534042358398438,0.9999984502792358,0.33068111538887024,0.0,1.0,0.0,1.0,0.6697559952735901,-0.18739445507526398,-0.062383461743593216,8.354146957397461,0.0,0.16534042358398438,3.180000066757202,16.0,0.8512864112854004,0.16534042358398438,871.0,-1.0,-1.0,PASS,2.0,0.0
871,27.09650993347168,-0.18708835542201996,0.1463438719511032,0.0,3.180000066757202,0.16502586007118225,0.9999984502792358,0.330051988363266,0.0,1.0,0.0,1.0,0.42047199606895447,-0.18708835542201996,-0.061610762029886246,8.384885787963867,0.0,0.16502586007118225,3.180000066757202,16.0,0.8512864112854004,0.16502586007118225,872.0,-1.0,-1.0,PASS,2.0,0.0
872,27.949810028076172,-0.18710584938526154,0.14592978358268738,0.0,3.180000066757202,0.16478538513183594,0.9999984502792358,0.32957103848457336,0.0,1.0,0.0,1.0,0.4207429885864258,-0.18710584938526154,-0.06198839843273163,8.361160278320312,0.0,0.16478538513183594,3.180000066757202,16.0,0.8512864112854004,0.16478538513183594,873.0,-1.0,-1.0,PASS,2.0,0.0
873,25.39992332458496,-0.18709330260753632,0.14634563028812408,0.0,3.180000066757202,0.1650599092245102,0.9999984502792358,0.3301200568675995,0.0,1.0,0.0,1.0,0.40424200892448425,-0.18709330260753632,-0.061614178121089935,8.384986877441406,0.0,0.1650599092245102,3.180000066757202,16.0,0.8512864112854004,0.1650599092245102,874.0,-1.0,-1.0,PASS,2.0,0.0
874,23.704051971435547,-0.18603931367397308,0.14636245369911194,0.0,3.180000066757202,0.16530166566371918,0.9999984502792358,0.33060356974601746,0.0,1.0,0.0,1.0,0.50655198097229,-0.18603931367397308,-0.060545556247234344,8.385951042175293,0.0,0.16530166566371918,3.180000066757202,16.0,0.8512864112854004,0.16530166566371918,875.0,-1.0,-1.0,PASS,2.0,0.0
875,26.46636962890625,-0.18642106652259827,0.14653174579143524,0.0,3.180000066757202,0.1655019223690033,0.9999984502792358,0.3310041129589081,0.0,1.0,0.0,1.0,0.425682008266449,-0.18642106652259827,-0.060780059546232224,8.395650863647461,0.0,0.1655019223690033,3.180000066757202,16.0,0.8512864112854004,0.1655019223690033,876.0,-1.0,-1.0,PASS,2.0,0.0
876,24.414777755737305,-0.18743225932121277,0.1454906463623047,0.0,3.180000066757202,0.1651443988084793,0.9999984502792358,0.3302890658378601,0.0,1.0,0.0,1.0,0.4154230058193207,-0.18743225932121277,-0.06269669532775879,8.336000442504883,0.0,0.1651443988084793,3.180000066757202,16.0,0.8512864112854004,0.1651443988084793,877.0,-1.0,-1.0,PASS,2.0,0.0
877,28.88321876525879,-0.18685196340084076,0.14624303579330444,0.0,3.180000066757202,0.16566874086856842,0.9999984502792358,0.33133774995803833,0.0,1.0,0.0,1.0,0.3994329869747162,-0.18685196340084076,-0.061462074518203735,8.379108428955078,0.0,0.16566874086856842,3.180000066757202,16.0,0.8512864112854004,0.16566874086856842,878.0,-1.0,-1.0,PASS,2.0,0.0
878,30.55739402770996,-0.18708837032318115,0.146341472864151,0.0,3.180000066757202,0.16502590477466583,0.9999984502792358,0.33005207777023315,0.0,1.0,0.0,1.0,0.4054740071296692,-0.18708837032318115,-0.06161286309361458,8.384748458862305,0.0,0.16502590477466583,3.180000066757202,16.0,0.8512864112854004,0.16502590477466583,879.0,-1.0,-1.0,PASS,2.0,0.0
879,34.53660011291504,-0.18739445507526398,0.14580737054347992,0.0,3.180000066757202,0.16534042358398438,0.9999984502792358,0.33068111538887024,0.0,1.0,0.0,1.0,0.40849900245666504,-0.18739445507526398,-0.062383461743593216,8.354146957397461,0.0,0.16534042358398438,3.180000066757202,16.0,0.8512864112854004,0.16534042358398438,880.0,-1.0,-1.0,PASS,2.0,0.0
880,36.362409591674805,-0.18730491399765015,0.14584867656230927,0.0,3.180000066757202,0.16535691916942596,0.9999984502792358,0.33071407675743103,0.0,1.0,0.0,1.0,2.2372610569000244,-0.18730491399765015,-0.062258001416921616,8.356513977050781,0.0,0.16535691916942596,3.180000066757202,16.0,0.8512864112854004,0.16535691916942596,881.0,-1.0,-1.0,PASS,2.0,0.0
881,38.75446319580078,-0.18783171474933624,0.14545272290706635,0.0,3.180000066757202,0.16494692862033844,0.9999984502792358,0.329894095659256,0.0,1.0,0.0,1.0,0.4174560010433197,-0.18783171474933624,-0.06312912702560425,8.333827018737793,0.0,0.16494692862033844,3.180000066757202,16.0,0.8512864112854004,0.16494692862033844,882.0,-1.0,-1.0,PASS,2.0,0.0
882,40.970802307128906,-0.18736357986927032,0.14575882256031036,0.0,3.180000066757202,0.16533367335796356,0.9999984502792358,0.3306675851345062,0.0,1.0,0.0,1.0,0.410302996635437,-0.18736357986927032,-0.06239480525255203,8.351365089416504,0.0,0.16533367335796356,3.180000066757202,16.0,0.8512864112854004,0.16533367335796356,883.0,-1.0,-1.0,PASS,2.0,0.0
883,44.1591739654541,-0.18733179569244385,0.14585445821285248,0.0,3.180000066757202,0.16536787152290344,0.9999984502792358,0.330735981464386,0.0,1.0,0.0,1.0,0.41499200463294983,-0.18733179569244385,-0.06227985396981239,8.356844902038574,0.0,0.16536787152290344,3.180000066757202,16.0,0.8512864112854004,0.16536787152290344,884.0,-1.0,-1.0,PASS,2.0,0.0
884,23.951292037963867,-0.18733035027980804,0.1458604782819748,0.0,3.180000066757202,0.16536769270896912,0.9999984502792358,0.33073562383651733,0.0,1.0,0.0,1.0,0.38703998923301697,-0.18733035027980804,-0.06227317452430725,8.357190132141113,0.0,0.16536769270896912,3.180000066757202,16.0,0.8512864112854004,0.16536769270896912,885.0,-1.0,-1.0,PASS,2.0,0.0
885,24.74212646484375,-0.18758216500282288,0.1458331197500229,0.0,3.180000066757202,0.1653490662574768,0.9999984502792358,0.3306983709335327,0.0,1.0,0.0,1.0,0.43926799297332764,-0.18758216500282288,-0.06254877895116806,8.355622291564941,0.0,0.1653490662574768,3.180000066757202,16.0,0.8512864112854004,0.1653490662574768,886.0,-1.0,-1.0,PASS,2.0,0.0
886,24.512290954589844,-0.18733035027980804,0.1458604782819748,0.0,3.180000066757202,0.16536769270896912,0.9999984502792358,0.33073562383651733,0.0,1.0,0.0,1.0,0.41571301221847534,-0.18733035027980804,-0.06227317452430725,8.357190132141113,0.0,0.16536769270896912,3.180000066757202,16.0,0.8512864112854004,0.16536769270896912,887.0,-1.0,-1.0,PASS,2.0,0.0
887,24.868249893188477,-0.18717987835407257,0.1463514119386673,0.0,3.180000066757202,0.16551163792610168,0.9999984502792358,0.33102354407310486,0.0,1.0,0.0,1.0,0.42358800768852234,-0.18717987835407257,-0.06169572472572327,8.3853178024292,0.0,0.16551163792610168,3.180000066757202,16.0,0.8512864112854004,0.16551163792610168,888.0,-1.0,-1.0,PASS,2.0,0.0
888,26.26657485961914,-0.1869240552186966,0.14627167582511902,0.0,3.180000066757202,0.16512645781040192,0.9999984502792358,0.3302531838417053,0.0,1.0,0.0,1.0,0.4228459894657135,-0.1869240552186966,-0.061509255319833755,8.380749702453613,0.0,0.16512645781040192,3.180000066757202,16.0,0.8512864112854004,0.16512645781040192,889.0,-1.0,-1.0,PASS,2.0,0.0
889,26.71647071838379,-0.18693263828754425,0.1462741643190384,0.0,3.180000066757202,0.16512605547904968,0.9999984502792358,0.33025234937667847,0.0,1.0,0.0,1.0,0.4410800039768219,-0.18693263828754425,-0.061515673995018005,8.380891799926758,0.0,0.16512605547904968,3.180000066757202,16.0,0.8512864112854004,0.16512605547904968,890.0,-1.0,-1.0,PASS,2.0,0.0
890,24.04022216796875,-0.18779422342777252,0.14543816447257996,0.0,3.180000066757202,0.16493801772594452,0.9999984502792358,0.3298763036727905,0.0,1.0,0.0,1.0,0.4439460039138794,-0.18779422342777252,-0.0631042942404747,8.332992553710938,0.0,0.16493801772594452,3.180000066757202,16.0,0.8512864112854004,0.16493801772594452,891.0,-1.0,-1.0,PASS,2.0,0.0
891,25.361061096191406,-0.18716058135032654,0.14628402888774872,0.0,3.180000066757202,0.16499802470207214,0.9999984502792358,0.3299962878227234,0.0,1.0,0.0,1.0,0.4331449866294861,-0.18716058135032654,-0.061735037714242935,8.381457328796387,0.0,0.16499802470207214,3.180000066757202,16.0,0.8512864112854004,0.16499802470207214,892.0,-1.0,-1.0,PASS,2.0,0.0
892,23.93960952758789,-0.18712709844112396,0.1463264524936676,0.0,3.180000066757202,0.16497129201889038,0.9999984502792358,0.32994282245635986,0.0,1.0,0.0,1.0,0.3958260118961334,-0.18712709844112396,-0.061664655804634094,8.383888244628906,0.0,0.16497129201889038,3.180000066757202,16.0,0.8512864112854004,0.16497129201889038,893.0,-1.0,-1.0,PASS,2.0,0.0
893,26.73649787902832,-0.1870688498020172,0.1463068276643753,0.0,3.180000066757202,0.1650182008743286,0.9999984502792358,0.3300366699695587,0.0,1.0,0.0,1.0,0.40880098938941956,-0.1870688498020172,-0.061623476445674896,8.382763862609863,0.0,0.1650182008743286,3.180000066757202,16.0,0.8512864112854004,0.1650182008743286,894.0,-1.0,-1.0,PASS,2.0,0.0
894,24.081707000732422,-0.187093585729599,0.14633817970752716,0.0,3.180000066757202,0.16502518951892853,0.9999984502792358,0.33005064725875854,0.0,1.0,0.0,1.0,0.4167650043964386,-0.187093585729599,-0.06162094324827194,8.384559631347656,0.0,0.16502518951892853,3.180000066757202,16.0,0.8512864112854004,0.16502518951892853,895.0,-1.0,-1.0,PASS,2.0,0.0
895,24.658918380737305,-0.18709279596805573,0.14633892476558685,0.0,3.180000066757202,0.16502510011196136,0.9999984502792358,0.3300504684448242,0.0,1.0,0.0,1.0,0.42807599902153015,-0.18709279596805573,-0.061619505286216736,8.384602546691895,0.0,0.16502510011196136,3.180000066757202,16.0,0.8512864112854004,0.16502510011196136,896.0,-1.0,-1.0,PASS,2.0,0.0
896,23.612499237060547,-0.1875118762254715,0.14584216475486755,0.0,3.180000066757202,0.16539575159549713,0.9999984502792358,0.33079177141189575,0.0,1.0,0.0,1.0,0.42406898736953735,-0.1875118762254715,-0.06247062608599663,8.35614013671875,0.0,0.16539575159549713,3.180000066757202,16.0,0.8512864112854004,0.16539575159549713,897.0,-1.0,-1.0,PASS,2.0,0.0
897,24.225473403930664,-0.18728898465633392,0.14629922807216644,0.0,3.180000066757202,0.16505330801010132,0.9999984502792358,0.33010685443878174,0.0,1.0,0.0,1.0,0.4341369867324829,-0.18728898465633392,-0.06185021996498108,8.382328033447266,0.0,0.16505330801010132,3.180000066757202,16.0,0.8512864112854004,0.16505330801010132,898.0,-1.0,-1.0,PASS,2.0,0.0
898,24.90973472595215,-0.1878206431865692,0.1454746127128601,0.0,3.180000066757202,0.16494280099868774,0.9999984502792358,0.3298858404159546,0.0,1.0,0.0,1.0,0.41398999094963074,-0.1878206431865692,-0.06309901922941208,8.335081100463867,0.0,0.16494280099868774,3.180000066757202,16.0,0.8512864112854004,0.16494280099868774,899.0,-1.0,-1.0,PASS,2.0,0.0
899,26.945114135742188,-0.18749374151229858,0.1453777253627777,0.0,3.180000066757202,0.16505341231822968,0.9999984502792358,0.33010706305503845,0.0,1.0,0.0,1.0,0.3974590003490448,-0.18749374151229858,-0.06285636126995087,8.329529762268066,0.0,0.16505341231822968,3.180000066757202,16.0,0.8512864112854004,0.16505341231822968,900.0,-1.0,-1.0,PASS,2.0,0.0
900,27.496337890625,-0.18636293709278107,0.14675560593605042,0.0,3.180000066757202,0.16590242087841034,0.9999984502792358,0.33180510997772217,0.0,1.0,0.0,1.0,0.4374540150165558,-0.18636293709278107,-0.06052720174193382,8.408476829528809,0.0,0.16590242087841034,3.180000066757202,16.0,0.8512864112854004,0.16590242087841034,901.0,-1.0,-1.0,PASS,2.0,0.0
901,31.762361526489258,-0.18609480559825897,0.1464923620223999,0.0,3.180000066757202,0.16616898775100708,0.9999984502792358,0.33233821392059326,0.0,1.0,0.0,1.0,0.4293079972267151,-0.18609480559825897,-0.060488056391477585,8.393394470214844,0.0,0.16616898775100708,3.180000066757202,16.0,0.8512864112854004,0.16616898775100708,902.0,-1.0,-1.0,PASS,2.0,0.0
902,32.236576080322266,-0.18680167198181152,0.1462266892194748,0.0,3.180000066757202,0.16565720736980438,0.9999984502792358,0.33131468296051025,0.0,1.0,0.0,1.0,0.39907199144363403,-0.18680167198181152,-0.06142599880695343,8.378171920776367,0.0,0.16565720736980438,3.180000066757202,16.0,0.8512864112854004,0.16565720736980438,903.0,-1.0,-1.0,PASS,2.0,0.0
903,36.278486251831055,-0.18664391338825226,0.1462567150592804,0.0,3.180000066757202,0.16574427485466003,0.9999984502792358,0.33148878812789917,0.0,1.0,0.0,1.0,0.4054639935493469,-0.18664391338825226,-0.06124212592840195,8.379892349243164,0.0,0.16574427485466003,3.180000066757202,16.0,0.8512864112854004,0.16574427485466003,904.0,-1.0,-1.0,PASS,2.0,0.0
904,36.905527114868164,-0.18696753680706024,0.14630401134490967,0.0,3.180000066757202,0.16572140157222748,0.9999984502792358,0.33144307136535645,0.0,1.0,0.0,1.0,0.41228699684143066,-0.18696753680706024,-0.061524610966444016,8.38260269165039,0.0,0.16572140157222748,3.180000066757202,16.0,0.8512864112854004,0.16572140157222748,905.0,-1.0,-1.0,PASS,2.0,0.0
905,40.35544395446777,-0.18674394488334656,0.1467813104391098,0.0,3.180000066757202,0.16569861769676208,0.9999984502792358,0.33139747381210327,0.0,1.0,0.0,1.0,0.41778698563575745,-0.18674394488334656,-0.060885850340127945,8.40994930267334,0.0,0.16569861769676208,3.180000066757202,16.0,0.8512864112854004,0.16569861769676208,906.0,-1.0,-1.0,PASS,2.0,0.0
906,42.28019714355469,-0.18672619760036469,0.14623214304447174,0.0,3.180000066757202,0.1656404733657837,0.9999984502792358,0.3312811851501465,0.0,1.0,0.0,1.0,0.4082790017127991,-0.18672619760036469,-0.06134578213095665,8.378484725952148,0.0,0.1656404733657837,3.180000066757202,16.0,0.8512864112854004,0.1656404733657837,907.0,-1.0,-1.0,PASS,2.0,0.0
907,45.34649848937988,-0.1866399347782135,0.1463354527950287,0.0,3.180000066757202,0.1650897115468979,0.9999984502792358,0.3301796615123749,0.0,1.0,0.0,1.0,0.3903450071811676,-0.1866399347782135,-0.061169661581516266,8.384404182434082,0.0,0.1650897115468979,3.180000066757202,16.0,0.8512864112854004,0.1650897115468979,908.0,-1.0,-1.0,PASS,2.0,0.0
908,26.459455490112305,-0.18695306777954102,0.14590995013713837,0.0,3.180000066757202,0.1654455065727234,0.9999984502792358,0.33089128136634827,0.0,1.0,0.0,1.0,0.4016770124435425,-0.18695306777954102,-0.06185286492109299,8.360024452209473,0.0,0.1654455065727234,3.180000066757202,16.0,0.8512864112854004,0.1654455065727234,909.0,-1.0,-1.0,PASS,2.0,0.0
909,24.68132972717285,-0.18638257682323456,0.14596249163150787,0.0,3.180000066757202,0.16449621319770813,0.9999984502792358,0.32899269461631775,0.0,1.0,0.0,1.0,0.42848700284957886,-0.18638257682323456,-0.061236683279275894,8.363035202026367,0.0,0.16449621319770813,3.180000066757202,16.0,0.8512864112854004,0.16449621319770813,910.0,-1.0,-1.0,PASS,2.0,0.0
910,24.64461326599121,-0.1870206892490387,0.1462906450033188,0.0,3.180000066757202,0.16500891745090485,0.9999984502792358,0.3300180733203888,0.0,1.0,0.0,1.0,0.41164499521255493,-0.1870206892490387,-0.06158939003944397,8.381836891174316,0.0,0.16500891745090485,3.180000066757202,16.0,0.8512864112854004,0.16500891745090485,911.0,-1.0,-1.0,PASS,2.0,0.0
911,24.914979934692383,-0.18664921820163727,0.14633849263191223,0.0,3.180000066757202,0.16509152948856354,0.9999984502792358,0.3301832973957062,0.0,1.0,0.0,1.0,0.4014270007610321,-0.18664921820163727,-0.06117630377411842,8.384577751159668,0.0,0.16509152948856354,3.180000066757202,16.0,0.8512864112854004,0.16509152948856354,912.0,-1.0,-1.0,PASS,2.0,0.0
912,24.036884307861328,-0.18714851140975952,0.14633876085281372,0.0,3.180000066757202,0.1649819165468216,0.9999984502792358,0.3299641013145447,0.0,1.0,0.0,1.0,0.398701012134552,-0.18714851140975952,-0.061675362288951874,8.38459300994873,0.0,0.1649819165468216,3.180000066757202,16.0,0.8512864112854004,0.1649819165468216,913.0,-1.0,-1.0,PASS,2.0,0.0
913,24.41883087158203,-0.1869899183511734,0.1457792967557907,0.0,3.180000066757202,0.16534245014190674,0.9999984502792358,0.3306851387023926,0.0,1.0,0.0,1.0,0.3960059881210327,-0.1869899183511734,-0.06200334057211876,8.352538108825684,0.0,0.16534245014190674,3.180000066757202,16.0,0.8512864112854004,0.16534245014190674,914.0,-1.0,-1.0,PASS,2.0,0.0
914,23.9412784576416,-0.18697483837604523,0.14581045508384705,0.0,3.180000066757202,0.16538771986961365,0.9999984502792358,0.3307756781578064,0.0,1.0,0.0,1.0,0.4253009855747223,-0.18697483837604523,-0.06196116283535957,8.354323387145996,0.0,0.16538771986961365,3.180000066757202,16.0,0.8512864112854004,0.16538771986961365,915.0,-1.0,-1.0,PASS,2.0,0.0
915,26.242733001708984,-0.18651679158210754,0.14652001857757568,0.0,3.180000066757202,0.16538313031196594,1.0,0.3307662606239319,0.0,1.0,0.0,0.0,1.7369509935379028,-0.18651679158210754,-0.06088598445057869,8.394978523254395,0.0,0.16538313031196594,3.180000066757202,16.0,0.8512864112854004,0.16538313031196594,916.0,-1.0,-1.0,PASS,2.0,0.0
916,24.574995040893555,-0.18640238046646118,0.14655613899230957,0.0,3.180000066757202,0.16547738015651703,0.9999984502792358,0.33095502853393555,0.0,1.0,0.0,1.0,0.4238179922103882,-0.18640238046646118,-0.0607401542365551,8.397047996520996,0.0,0.16547738015651703,3.180000066757202,16.0,0.8512864112854004,0.16547738015651703,917.0,-1.0,-1.0,PASS,2.0,0.0
917,24.3380069732666,-0.18483489751815796,0.14670930802822113,0.0,3.180000066757202,0.16550417244434357,0.9999984502792358,0.3310086131095886,0.0,1.0,0.0,1.0,0.4038510024547577,-0.18483489751815796,-0.059039436280727386,8.405823707580566,0.0,0.16550417244434357,3.180000066757202,16.0,0.8512864112854004,0.16550417244434357,918.0,-1.0,-1.0,PASS,2.0,0.0
918,26.95488929748535,-0.18707503378391266,0.1462295800447464,0.0,3.180000066757202,0.16497939825057983,0.9999984502792358,0.32995903491973877,0.0,1.0,0.0,1.0,0.4062049984931946,-0.18707503378391266,-0.061696846038103104,8.378337860107422,0.0,0.16497939825057983,3.180000066757202,16.0,0.8512864112854004,0.16497939825057983,919.0,-1.0,-1.0,PASS,2.0,0.0
919,25.92778205871582,-0.186837300658226,0.14577658474445343,0.0,3.180000066757202,0.16535291075706482,0.9999984502792358,0.33070608973503113,0.0,1.0,0.0,1.0,0.3960469961166382,-0.186837300658226,-0.0618530809879303,8.35238265991211,0.0,0.16535291075706482,3.180000066757202,16.0,0.8512864112854004,0.16535291075706482,920.0,-1.0,-1.0,PASS,2.0,0.0
920,24.894237518310547,-0.18681888282299042,0.14616039395332336,0.0,3.180000066757202,0.16489875316619873,0.9999984502792358,0.32979774475097656,0.0,1.0,0.0,1.0,0.5088070034980774,-0.18681888282299042,-0.06150086969137192,8.374373435974121,0.0,0.16489875316619873,3.180000066757202,16.0,0.8512864112854004,0.16489875316619873,921.0,-1.0,-1.0,PASS,2.0,0.0
921,25.10523796081543,-0.18686576187610626,0.14617539942264557,0.0,3.180000066757202,0.16490806639194489,0.9999984502792358,0.32981640100479126,0.0,1.0,0.0,1.0,0.43953800201416016,-0.18686576187610626,-0.06153469905257225,8.37523365020752,0.0,0.16490806639194489,3.180000066757202,16.0,0.8512864112854004,0.16490806639194489,922.0,-1.0,-1.0,PASS,2.0,0.0
922,25.02584457397461,-0.18708083033561707,0.14627087116241455,0.0,3.180000066757202,0.1649852991104126,0.9999984502792358,0.3299708664417267,0.0,1.0,0.0,1.0,0.4077180027961731,-0.18708083033561707,-0.06166673079133034,8.380703926086426,0.0,0.1649852991104126,3.180000066757202,16.0,0.8512864112854004,0.1649852991104126,923.0,-1.0,-1.0,PASS,2.0,0.0
923,28.555870056152344,-0.18715891242027283,0.14626938104629517,0.0,3.180000066757202,0.1650014966726303,0.9999984502792358,0.3300032317638397,0.0,1.0,0.0,1.0,0.4219740033149719,-0.18715891242027283,-0.061746109277009964,8.38061809539795,0.0,0.1650014966726303,3.180000066757202,16.0,0.8512864112854004,0.1650014966726303,924.0,-1.0,-1.0,PASS,2.0,0.0
924,25.203466415405273,-0.18722164630889893,0.14574405550956726,0.0,3.180000066757202,0.16521281003952026,0.9999984502792358,0.330425888299942,0.0,1.0,0.0,1.0,0.412647008895874,-0.18722164630889893,-0.06226571649312973,8.350519180297852,0.0,0.16521281003952026,3.180000066757202,16.0,0.8512864112854004,0.16521281003952026,925.0,-1.0,-1.0,PASS,2.0,0.0
925,27.404308319091797,-0.18692006170749664,0.14621764421463013,0.0,3.180000066757202,0.16491633653640747,0.9999984502792358,0.32983291149139404,0.0,1.0,0.0,1.0,1.1105049848556519,-0.18692006170749664,-0.0615522563457489,8.377654075622559,0.0,0.16491633653640747,3.180000066757202,16.0,0.8512864112854004,0.16491633653640747,926.0,-1.0,-1.0,PASS,2.0,0.0
926,27.97865867614746,-0.1852763593196869,0.14663508534431458,0.0,3.180000066757202,0.16565759479999542,0.9999984502792358,0.33131545782089233,0.0,1.0,0.0,1.0,0.4081589877605438,-0.1852763593196869,-0.05954546108841896,8.401571273803711,0.0,0.16565759479999542,3.180000066757202,16.0,0.8512864112854004,0.16565759479999542,927.0,-1.0,-1.0,PASS,2.0,0.0
927,27.309656143188477,-0.18706415593624115,0.14576447010040283,0.0,3.180000066757202,0.16536742448806763,0.9999984502792358,0.33073511719703674,0.0,1.0,0.0,1.0,0.43525001406669617,-0.18706415593624115,-0.062090471386909485,8.351689338684082,0.0,0.16536742448806763,3.180000066757202,16.0,0.8512864112854004,0.16536742448806763,928.0,-1.0,-1.0,PASS,2.0,0.0
928,29.842853546142578,-0.18624936044216156,0.14586158096790314,0.0,3.180000066757202,0.16440090537071228,0.9999984502792358,0.32880204916000366,0.0,1.0,0.0,1.0,0.4512690007686615,-0.18624936044216156,-0.06119122356176376,8.357253074645996,0.0,0.16440090537071228,3.180000066757202,16.0,0.8512864112854004,0.16440090537071228,929.0,-1.0,-1.0,PASS,2.0,0.0
929,6516.549825668335,-0.18658220767974854,0.1457234025001526,0.0,3.180000066757202,0.16435757279396057,0.9999984502792358,0.32871538400650024,0.0,1.0,0.0,1.0,0.45847299695014954,-0.18658220767974854,-0.061644237488508224,8.349335670471191,0.0,0.16435757279396057,3.180000066757202,16.0,0.8512864112854004,0.16435757279396057,930.0,-1.0,-1.0,PASS,2.0,0.0
